review,sentiment
"I was looking forward to seeing Bruce Willis in this, especially since I remember being mesmerised by the original when I was young.<br /><br />This movie is a perfect example of how movie companies can take a very good story and dumb it down until it's just another formula ridden hype of the fabled American law enforcement system/army VS, (the Russians.... no sorry the cold war is over, make that WITH the Russians) VS the TERRORISTS, similar to probably 50 other movies.<br /><br />Furthermore it treats its audience like a bunch of idiots. The choice of weapon is well, plain ridiculous, are we seriously expected to believe that the world's most feared and experienced hit man/terrorist would select that for an assasination?<br /><br />The whole point of the original story was the tense dual of intellects between the ordinary detective who is given the responsibility and the professional who crafts a ruthless but elegant plan to reach his target and then get away. None of that survived. All we have is the tired old American CIA/FBI/army vs the evil terrorist plot, we've all seen 1000 times before.<br /><br />But of course the movie company's MBA's realised that a new intellectual angle here would lose them revenue from the short attention span gang, so the answer is ......Bruce Willis, BIG explosions and a crippled plot. They assume the American audience wont be able to relate to a threat to a foreign statesperson (where is France on the map afterall) so it has be an American!<br /><br />Another example of a movie defiled by the boardroom.",negative
"Bugs Bunny accidentally ends up at the South Pole while trying to vacation in Florida. Where he meets a little penquin, which he tries to save from an Eskimo. This short tries and the penquin is adorable, but in the end it's a bit too light in the laughs department. The Eskimo isn't really that great of a foil for Bugs and I just seen a lot better Bugs Bunny cartoons frankly, even other shorts when he's paired with other unknown antagonists. So I can't in good conscience recommend this one. However it is nice to see it in it's uncut form. This cartoon is on Disk 3 of the ""Looney Tunes Golden Collection Volume 1"" <br /><br />My Grade: C",negative
"I find it difficult to comprehend what makes viewer's feel this is a powerful movie. I would guess that the main intention of this film would be a character study and the effects of racism in a British community. It is therefore all the more disappointing that all the characters are two dimensional and the acting is at the level of a college performing arts course. I'm always sceptical of ""improvisation"", another word for being too lazy to write a decent script. I was embarrassed by the performances and sat in an audience who laughed when they surely were supposed to be moved by the story. Racism is a serious issue but I think a subtle approach in cinema works far better than laying it on with trowel.",negative
"It's been said several times - not least by me - that watching an Eric Rohmer film is like watching paint dry; it seems that Monsieur Rohmer resents this (he doesn't deny it, but then how could he, he just resents it) so much so that his new movie, which may also be his last, Inch Allah, is set so far back in time that it's like watching woad dry. Those wonderful people who gave you the Nouvelle Vague, Cahiers du Cinema have already named it one of the best films of 2007 so that should give you some idea. Reality is not high on Rohmer's agenda so that in 5th Century France we have at one extreme a château that would not be out of place in the Loire valley whilst the only other dwelling we see is a rude wooden hut. The story involves nymphs and shepherds and as he often does Rohmer has cast it with unknowns who just happened to be passing so that the overall effect is that the annual class play at a school for Special Needs pupils was captured on film by accident. One is almost tempted to say 'Come back Godard, all is forgiven' but even this woeful production can't make me utter those words.",negative
"New rule. Nobody is allowed to make any more Zombie movies unless they actually come up with an original idea.<br /><br />Sadly, this movie doesn't. They have the premise that Bounty hunters go out and kill Zombies and prove it by cutting off their fingers. Well, problems with that. Most people have ten fingers, why not just collect ten bounties for one Zombie? Why not just kill a regular person and pass that off as a Zombie finger? <br /><br />Not to mention the utter silliness of hunting zombies with a bolt action rifle.<br /><br />I sometimes think films like this are resume fillers for makeup and FX guys. ""Hey, this is what I did with ten dollars and some recylced bottles deposit. Imagine what I could do if you gave me a BUDGET!"" Do you think anyone goes to drama school or cinema school to star in a Zombie movie? ""I went to the School of the Arts. Check me out as the ""Tunnel Zombie"" in ""Quick and the Undead""."" His mother must be so proud.<br /><br />These had to be the wimpiest Zombies ever, as a whole crowed of them apparently couldn't push down a wooden door or even break a glass window. No, they had to wait for the bounty hunter to open the door for them...",negative
"All ambiguity about Michael Myers has withered away thanks to this series' chronic habit of arseholing about with its continuity and pulling relatives out of nowhere. This entry introduces the potty angle that he's not just a psycho killer but is actually controlled by runes, which appear as a star constellation every Halloween, and a cult is using him to... erm, well, this film is far from coherent and I lost track of the plot after a while. The movie hemorrhages credibility so profusely it doesn't have a drop left by the end. Why does Michael put one victim's clothes in a washing machine? Why does an otherwise empty corridor have a deadly spike sticking out of the wall? Does getting electrocuted really make your head explode? And so on. It's left to Donald Pleasence, in his penultimate film role, to produce some wonderful little moments from the pile of dreadful dialogue he's given.",negative
"If I wouldn't have had any expectations of this film, it might have received a 5 or 6. As it stands, I give it a 3. The acting is poor, the factual accuracy of the drugs it discusses is lacking, and I feel no empathy whatsoever for the characters.<br /><br />I watched 'Adam & Paul' immediately before watching this film, and I both laughed and cried on several occasions. This film did not strike even a similar chord. The directors of 'Human Traffic' may have some off-hand experience of ecstasy, but there is no demonstration of actual drug-related semantic knowledge here. In fact, I find it rather offensive and contraproductive to the strife of making current drug laws less politically oriented.<br /><br />Watch 'Requiem for a Dream' if what you're looking for is an amazing, touching film about drugs.",negative
"Jack Brooks' quirks are, at first, somewhat charming and lend to the deliberately campy feel of the beginning of this movie.<br /><br />I found myself getting angrier and angrier as I was duped into seeing this one through to the end, in hopes that the payoff would be worth the super-tedious wait.<br /><br />The climax can't begin to make up for all the setup time.<br /><br />Normally one might expect shallow characters from this genre. But the fact that the wait-time-before-action index is so high, should mean that the meantime would be devoted to some interesting character development.<br /><br />Not so.<br /><br />While not without its initial charms, this movie ultimately infuriates, and disappoints.<br /><br />Wish I could get all that setup time back, to reinvest it into something that pays off.",negative
"After all the hype I had heard about the Jane Austin novel and different film versions of the book I found myself very disappointed with the movie. I had expected a classic drama but that was not the case. First of all let me preface my review with the fact that I love old movies, particularly mysteries and dramas, but not female oriented movies. This probably makes a huge difference, so take my review with a large grain of salt. I thought the acting was a bit over the top, but that is very common in movies of this era. June Allyson was good as Jo but I found every sister to be stereotypical and form driven. There were no surprises or overly dramatic moments. I hate writing negative reviews, but the movie left me very cold. It has always been my intention to read the book, but after this that seem unlikely. The only warming story line was between the old gentlemen and the youngest sister, that was a very welcome bright spot in an otherwise disappointing viewing experience. Again there are others who love this movie, I'm just not one of them.",negative
"I did not enjoy the film Eraser whatsoever. It's awful acting, boring storyline and average special effects made this an annoying arnie film, as it had a mountain of potential. With other action films of the time Eraser fell very short!!!",negative
"It wasn't until I saw Sidney Pollack in the picture that I ever connected him to this film. This is his worst possible movie. Absolute dreck. The dialog is wooden and unbelievable, the plot is unbelievable.<br /><br />Kristen Scott Thomas is wasted in this movie. There is nothing about her character that makes you even want to believe in this story.<br /><br />Harrison Ford is like on Valium. There is no life in his eyes.<br /><br />I blame Sidney Pollack for the failure of this movie. The script is awful, and he is too smart to not see that. So it smacks of some kind of payoff, whether of a studio obligation or something else, but this is just BLOODY ROTTEN!",negative
"The movie began well enough. It had a fellow get hit by a glowing green meteorite, getting superpowers (telekinesis, x-ray vision, invulnerability, flight, the ability to speak to dogs, superspeed, heat vision, and the ability to make plants grow large and quickly), and fighting crime. From there on it's all downhill.<br /><br />Meteor Man gets a costume from his mom, fights with the resident gangs, and has many aborted encounters with the gang leaders which serves to set you up for the disappointing, overlong, and stupefying ending.<br /><br />It wouldn't be so remarkably bad if it weren't like watching a boxing match where the two fighters pretend to hit each other while the audience stands looking onward while the fighters just continue to dance.<br /><br />Despite all of this nonsense the movie has good points. It states clearly that if you try to take on a gang alone then they'll come back to your home and hurt you. It states that gangs & communities need to see their real enemies (the big bosses that use them for their own ends to crush honest people into a ghetto existence). It also states that people do not need superheroes if they are willing to work as a community do destroy the predators that harm them. The only message it really lacks is that the voters should ensure their elected officials (Rudolph Giuliani, Marion Barry, Ronald Reagan, George W. Bush, & George H.W. Bush) aren't crooks too.<br /><br />",negative
"The Evil is about a big house where a bad spirit is foolishly unleashed to torture all inside. What a washout of a movie! There's not a single scary scene. Not one! Richard Crenna overplays a nothing role. There's some animated ghosts, a disfigurement by power saw, and a ghost-rape. After nothing special happens for almost the whole movie The Evil gets personified into...Victor Buono. Great! Where did the filmmakers get the idea that Buono is scary. He looks like he was on the bum for a guest starring paycheck to pay his liquor bill. By then its too late to turn it off, because the damn thing is over. I felt like throwing the videocassette out the window. Please avoid this junk! Hopefully it will never see the light of DVD and will fade into obscurity.",negative
"With Pep Squad receiving an average of 4.7 on IMDb.com, no wonder Steve Balderson slanders this website so. But the fact is that Pep Squad is a poorly crafted ""black"" ""comedy"" (both words in quotation marks for a reason). It's a movie full of over-acting (Cherry, Beth's Mother), coupled with a couple of lethargic performances (Beth and Julie's boyfriend). A movie where you can follow cars from twenty feet away in a gaudy red Jeep and never be noticed. A movie chock full of not-so-appetizing cleavage and nudity shots that make you wonder, ""Does the director think this is funny? Or clever?"" Most of all, the characters are so paper-thin and poorly developed that the film becomes quite unpredictable, but probably not on purpose. Pep Squad can't decide whether to be a comedy, or a drama, or a satire (patriotic music, I get it...). The movie fails at being serious, because the idea of killing for any school position (this being Prom Queen) crosses the line into insanity (not to mention shots of flag burning and drive-by shootings, a poor attempt at being controversial and edgy), and fails at being a comedy, for all the forced and awkwardly placed jokes (big butt mama, ""funky"" black principal, and excessive cussing delivered poorly by the principal cast). Watching the documentary ""Wamego: Making Movies Anywhere"" only made this film more cringe-worthy, with praise lauded towards it by... the director and the director's father... hmmmmmm. Not a black comedy, or anything for that matter. I guess Kansas will have to wait.",negative
"Cliché-ridden story of an impending divorce - or is it? - through the eyes of a 6 year-old child. Corny dialogue, cardboard characters, stock situations, a red herring zombie sub-plot and, worst of all, absolutely no payoff, either emotionally or dramatically.<br /><br />Does no-one teach creative writing any more? The true sign of a weak storyteller - when you cannot create any kind of satisfying denouement - just end the story. I'm compelled to ask, ""what made you think this was a story worth telling in the first place!?"" <br /><br />Good, but wasted, debut by child actor Anthony De Marco - the rest of the cast was, at best, forgettable. And they wonder why no-one watches indie films! This is ninety minutes of my life I will never get back.",negative
"I saw this movie with the intention of not liking it. I sure didn't. It's one of those movies that seems to have been made exclusively for the Oscars: music throughout the film in almost every single frame, almost no profanity, set in a time long gone, sepia-toned imagery, pretentious title, NO SEX, and a genius that explains everything he thinks and concludes in sfx/cgi so that we (the stupid audience) get it. One thing that amused me though is the fact that they spelled the NOBEL PRICE WRONG! Instead they call the Nobel-price (named after an actual person called Alfred Nobel) 'the noble-price'.. Jesus! How can one make such a mistake in such a big production, supposedly based on a true story. What a sham! What were you and the others thinking RON?",negative
"Yet another version of mother of all gangster flicks-the Classic ""Godfather"" and yet another case of over-hype due to media circus. Sarkar, the 13th Hindi film of Ram Gopal Varma as director is also the weakest in his Underworld trilogy including the other two being the excellent-Satya and Company. The Charisma, the magnetic persona of the two Bachchans playing father-son duo on screen for the first time is definitely a treat to watch out for. Not just strong performances but their perfect chemistry is the biggest scoring point here for which Varma should be applauded. However, the same equation of the duo is missing with the other characters in the film. Reason-the other characters look more like cardboard caricatures esp. the villains represent the typical Bollywood baddies. A character who attracts attention is elder son played by Kaykay but again not able to hold due to half-baked characterization. . The Drama and conflict is brought alive by the excessive use of Close-shots, which brought a claustrophobic effect rightly needed to construct an ambiance. The haunting Score (Amar Mohile) and the sound design (Kunal Mehta, Parikshit Lalwani & Anup Dev), together with dark, murky background overlapped by shinning powerful images (camerawork by Amit Roy) contributes to Visuals so typical of Ramu's style. But there is an overuse of Music though fortunately no songs are there in the film. But can interest of today's ""intelligently growing"" audience be sustained just on shoulders of two performers and strong Visuals ? I don't think so. Surely, audience ""maangey more"" and here film fails to deliver. In any adaptation, in order to add a new dimension, the biggest pre-requisite is the Screenplay, which is sluggish here not being crisp at places, and therefore the pace slackens quite often. What finally audience is subjected to is a highly predictable, very commonplace drama with very little surprise elements. Top Stunt director Allan Amin Ghani is also not in his best form. Some scenes which require a different treatment includes- a Minister is talking foul about Sarkar and the son is overhearing; a very amateurish shoot out in the jail on Sarkar, Sarkar Jr. escapes from the clutches of his enemies, a Son easily motivated to kill his own father, a son is secretly entering his father's room to kill him, a police commissioner slapping Sarkar Jr-all this requires a more realistic, hard-hitting approach which is the back-bone to create the required conflict. The dialogues are weak for eg. look at an amateurish line where a CM says to Sarkar Jr. ""Wo jo Police Commissioner tha na usay maine hata diya"".. The women folk take on Sarkar's working is completely ignored. The uninterrupted negotiations about criminal activities while Sarkar is with his family also look slightly out of place In fact, the film follows a graph quite similar to Ramu's own production-Ab Tak Chhappan. In depicting the battle between good and evil, the other side of life-the law, police, administration, politics is completely ignored. Certainly, more is expected in content. Here the film definitely falls short and could not rise above an average fare. Dear Ramu, agreed that now you are laughing your way to the bank, you definitely need to take some drastic overhauling measures in your film production factory, before it is too late.",negative
"This film is about a gap that exists between the real world and the world of the dead. There's a lot of mumbo-jumbo about the internet (i.e., if you install a program on the computer, you see dead folks--much like if you play a videotape you'll die in RINGU). Frankly, most of this seemed rather silly and lost me. What I did find interesting is the idea that the dead live within their own separate existence--being totally alone for eternity. This was sobering and fascinating.<br /><br />I love Japanese films and have seen a huge number compared to most Americans. However, one genre that has become popular in recent years that I just can't relate to very well are these horror films. I know they are super popular--especially since they seem to be remade so often in the States. I've seen both RINGU as well as THE RING, JU-ON and THE GRUDGE and was rather ambivalent despite their popularity. About the only recent horror film I really liked from Japan was SEANCE--a reworking of the great British film, SEANCE ON A WET AFTERNOON. And what, do I think, made SEANCE different? Well, unlike the other films as well as KAIRO, gobs and gobs of money weren't spent on special effects or trying to scare the audience--instead, the emphasis was on the story. The bottom line is that these other films are a lot like American films like HALLOWEEN or Friday 13th--with scary things jumping out just to scare the audience and plot is purely secondary (at best). For me, I want story--not cheap thrills or ghosts as the primary focus of the film.<br /><br />With a relatively high rating, I know I am in the minority, but I just don't find this a very satisfying film. All too often, minor things occur that might startle someone slightly--but the characters begin screaming and crying and acting as if to say ""this is the scariest film ever made so you'd better start shaking"". Well, I think it just tries too hard and I wish it had focused more on the afterlife seen at the end of the film and plot progression--not scare tactics.",negative
"I was looking forward to Kathryn Bigelow's movie with great anticipation after the endless hype and 6 Oscars which it was awarded. Unfortunately it really isn't a good movie. The depiction of the situation certainly seemed to be accurate and believable on all counts, but beyond that the story simply came across as incomplete and the direction of the movie appeared to be uncertain and haphazard. The actors put in a good effort, but for me I didn't really get what the movie was trying to be. It's not as atmospheric and gripping as Full Metal Jacket, not as epic as Band of Brothers, not as action packed as...well, anything. I certainly can't see why it was nominated for so much, nor why people are 'hyping it up' to these epic proportions. Mind you, given the calibre of movies in the last couple of years I suppose there's not a lot to choose from.",negative
"Unfortunately, this has been showing on Star Movies here in Thailand for the last week or so. It's complete rubbish acting. As another member said, this movie is a good example of 'how not to act.' I haven't seen a movie so poorly acted in a long time. The actors (can you call them 'actors'?) are completely flat and deliver their lines with the passion of a dead dog. I would say that in order to truly understand how bad the acting is, you would have to see the movie... but that would be akin to torture.<br /><br />I cringe as the leading lady delivers her lines, and the rest of the cast with their accents (fake or contrived) is equally heinous. Another actress with the fake British accent was pretty, yes, but good lord was her accent terrible. Mix that with her (lack of) acting and you have a disaster. She should just have said nothing and I could have accepted her as the pretty girl. Oh my, we just got to the scene where the leading lady's lover says ""Really me?"" after a forced crying scene from her. Laughable. No, really, I just laughed out loud.<br /><br />The sets and the art directors offer some saving grace to the film. Some of the sets are colorful and some of the scenes are rather nice (minus the actors).<br /><br />The old magic potion lady? What?! Another member mentioned the 'modern' love song that was in the movie. Totally inappropriate for a period piece set some 500 years ago.<br /><br />I understand the movie was considered 'Big Budget' in Thailand at the time of it's production. I would be seriously upset if I were the producer of this movie. Just goes to show that money does not necessarily make a good (or even mediocre) film.<br /><br />I would give the King Maker a 1 out of 10, but the costumes and sets make save the film from such a rating. 2 out of 10.",negative
"Without a doubt this is the WORSE comicbook movie every made. PERIOD!! Yes, it's worse then Dolph Lundgren's (1989) Punisher. Yup.. worse then the 1979 & 1991 Captain America movies. Oh yeah, it's even WORSE then Christopher Reed scripted Superman IV: Quest for Peace movie. Sheeshh.. that movie was so bad that the guy who played Nuclear Man only starred in one other film and it was only on T.V. =oP<br /><br />This movie is ""D"" quality. I had a chance to watch it on the SciFi channel back in 1997. I had heard it was pretty bad, but had nothing else to do that night so I figured I check it out. What a waste of an hour and a half. I would have been better off watching reruns of Different Strokes. Besides having the lamest special effects and worse acting I've ever seen, the whole script was just awful and not well directed at all. Thankfully a NEW Fantastic Four movie is being done and hopefully this version will do the heroes justice. I was hoping for a New SPAWN movie in the future, but it has yet to materialize. <br /><br />Do not rent this movie. If you happen to see it being televised on cable, check it out. Be warned though, you'll most like be flipping the channel after the first 15 mins.",negative
"For Daniel Auteuil, `Queen Margot' was much better. For Nastassja Kinski, `Paris, Texas' was much better. The biggest disappointments were from Chris Menges (`CrissCross' and `A World Apart' cannot even be compared with this one), and Goran Bregovic for use of a version of the same musical theme from `Queen Margot' for this movie (Attention to the end of the film). If this was an American pop movie, I would not feel surprised at all; but for a European film with more independent actors and director, a similar common approach about child abuse with no original insight is very simple-minded and disappointing. There are those bad guys who kidnap and sell the underage people. There are those poor children who hate people selling them and wait to be saved by someone. And finally, there is that big hero who kills all the bad guys and saves these poor children from bad guys. Every character is shown in simple black and white terms: the good versus the evil. Plus, from the very beginning, I could understand how the story would end. Is this the end of the history of child sexual abuse? I believe that the difficult issue of child molestation and paedophilia is much more complex than how it is portrayed in this not very original movie. I think this movie was not disturbing, but very disappointing.",negative
"Just bought the VHS on this film for two bucks, Did I waste my money! Hey, I dig Adam ""Batman"" West and Tina ""Giligan's Island"" Louise, but hello! This third rate production is a rehash of a dozen other biker films; crazed bunch of bikers psychos ride into a hick town, beat up everybody and everything, and then are defeated in the man by a dashing hero. Adam West looks the part as a hero, but he's missing cape, and his Batman uniform. Sorry, just isn't the same. Tina L. looks really nervous and frightened the whole show, but at least we know what happened to ""Ginger"" once she was rescued from the island...LOL! The bikers are a motley group, and known of them ever acted again or at least shouldn't have. Hell Riders is Hell to Watch!",negative
"This movie is truly amazing,over the years I have acquired a taste for Japanese Monster movies and am well aware that early examples of this genre can be poor. However this one reaches a new low, as it follows the adventures of Johnny Sokko(?), a young boy who controls a Giant Robot, and his fight against the evil Gargoyle Gang, who seem to have an endless supply of horrid giant monsters at their disposal.",negative
"A boring movie about a miserable loser...that's Factotum in a nutshell. Matt Dillon plays Henry Chinaski, alter ego of author Charles Bukowski upon whose novel the film is based. As we meet Chinaski he may be a writer but he's certainly not a successful one. He floats through life, getting fired from one menial job after another and not caring a bit. The fact that he's always drunk may have something to do with his not caring. He meets a woman, Jan, played by Lili Taylor and a relationship ensues. Chinaski moves into Jan's apartment and now instead of getting drunk by himself he can get drunk with somebody else. Good times. Eventually he's had enough of this relationship so Chinaski strikes out on his own. Unfortunately he still can't hold down a job so soon enough he's broke. At this point Marisa Tomei shows up and for some reason her character, Laura, decides to rescue this miserable drunken loser whom she doesn't even know. We soon meet some of Laura's acquaintances and the film veers off into a sort of bizarro world with this rather eclectic bunch. Soon enough Tomei and friends are out of the picture and once again we're left with Chinaski and his drinking and his miserable little life. There's some more time spent with Jan but mostly there's just time spent being a drunk, unemployable loser. And then the movie's over and not a moment too soon. 94 minutes of absolute monotony and it seems infinitely longer as the movie drags on. Nothing happens. Nothing ever happens. If you want to spend an hour and a half of your life watching Matt Dillon drink then this is the movie for you. If you're looking for a compelling story, well developed characters or any entertainment value whatsoever then you've come to the wrong place. Dillon's performance actually isn't bad at all. Too bad the movie which surrounds him is in fact rather bad.",negative
"A different look at horror. The styling differences between American and Russian films is interesting. However from my American perspective this movie just wasn't that good. The protagonist, Marie played by Anastasia Hille wasn't a pleasant character and I had a hard time identifying with her. She was disagreeable most of the time and confused for much of what little time was left. Also too much time was spent in bringing her to the main location of the film. Then a long time passed before any real suspense built up. Once that happened it seemed volume was used as the main effect which was more annoying than anything else. The concept was more original than most Direct-to-video movies and they didn't use sex to make up for a thin plot. All in all I'd recommend it for renting, but not for theater goers.",negative
"In what I can say was a theft of my time I was taken to see this movie and I must say what a horrible experience. Fay Ann Lee is a terrible actress and is unconvincing in this movie. Larryjoe76 is obviously a shill reviewer. The plot is thin to say the least, the Cantonese dialog is not funny. See this movie at your peril.<br /><br />David Tang from Shanghai Tang should be after the movie for the little or no revenue this movie will generate. The banal plot attempts to compete with other rom-coms out there, and just blends into the scenery. It was like watching paint dry. <br /><br />In short this movie was a total waste of time and space. I've seen better movies on youtube.",negative
"End Game started well, the least said about the end the better. it seemed like things we're happening just to keep the plot going, for example the reporter who at first is a very inquisitive, intelligent person, half way through does something really stupid and totally out of character, we are given no reason for this apart from, the next scene wouldn't make sense without it. The whole story could have been told in about 30 minutes, it would have made an average TV political drama The brilliant Cuba Gooding Jr. is very watchable however and James Woods does an admirable job considering.<br /><br />The end game was honestly one of the worst films I've ever seen......and that's saying something, I've seen Gigli.",negative
"It seems on the surface to be a romantic _planes, trains and automobiles_ but at times tried for something more, where it failed miserably. Some may like the nontraditional ending, but the attempts at ""deep insight"" into the world of marriage flopped around not really going anywhere.<br /><br />But if you were interested by the story, the movie tried other methods to distract you. The unnecessary special effects, of which the falling rain was the most obvious, served to do nothing but annoy. The camera-work is erratic at best.<br /><br />One note of caution, however. My movie experience as a whole was less than satisfying, sitting in the first row with a group of young'uns around...",negative
"Well...now that I know where Rob Zombie stole the title for his ""House of 1,000 Corpses"" crapfest, I can now rest in peace. Nothing about the somnambulant performances or trite script would raise the dead in ""The House of Seven Corpses,"" but a groovie ghoulie comes up from his plot (ha!) anyway, to kill the bloody amateurs making a low-rent horror flick in his former abode! In Hell House (sorry, I don't remember the actual name of the residence), a bunch of mysterious, unexplained deaths took place long ago; some, like arthritic Lurch stand-in John Carradine (whose small role provides the film's only worthwhile moments), attribute it to the supernatural; bellowing film director John Ireland dismisses it as superstitious hokum. The result comes across like ""Satan's School for Girls"" (catchy title; made-for-TV production values; intriguing plot) crossed with ""Children Shouldn't Play With Dead Things"" (low-rent movie about low-rent movie makers who wake the dead); trouble is, it's nowhere near as entertaining or fun. ""The House of Seven Corpses"" is dead at frame one, and spends the rest of its 89 minutes going through rigor mortis, dragging us along for every aching second...",negative
"I hadn't heard of Soap Girl but I saw a poster with a five star review from Film Threat outside the theater so I figured, how bad could it be? Well, I soon found out. My god this film was awful. The most wooden acting I have ever seen outside of a porn flick. Absolutely agonizing dialogue. I just can't understand how this was made and why anyone agreed to be a part of it. And I find it completely unfathomable that this was actually being shown in a theater and money was being charged to see it. How did this happen????? And most importantly WHAT THE WAS THE GUY FROM FILM THREAT THINKING?!?!?!?!",negative
"And obviously I didn't see it! <br /><br />But looking at the cast and seeing that Doug Masters is back from the dead, I know now to avoid this like the plague! I hate it when Hollywood, producers, writers, directors or all of the above think that audiences are stupid that they're not going to catch continuity errors. A supposedly dead Doug Masters returning is a big giant one, won't you say?<br /><br />And I can't believe that someone like Louis Gossett, Jr. would return for something like that.<br /><br />Did Jason Gedrick really decline this? Well, I hate to say it, but even if he took the role again, it would have still had that same continuity error. I bet (if he really turned it down), he must have been incredulous seeing that his character died in the second film.<br /><br />I'll probably catch it by accident on a late night air on some channel, but no way am I going to rent this or buy the DVD!",negative
"Perhaps I couldn't find the DVD menu selection for PLOT: ON OFF. Clearly, the default is OFF. When the end credits began to roll, I couldn't believe that was it. Like our poor, but beautiful protagonist, I felt used, dirty, cheap....<br /><br />The characters were drawn in very broad strokes and the writer's disdain for wealthy Thatcherites was all to apparent. I consider myself a ""Roosevelt Democrat"", but would appreciate a bit more subtlety.<br /><br />Of course, the problem could be with me. I see that many others seem to find some meaning or message in this picture. Alas, not I. <br /><br />The only thing that kept me from giving this a ""1"" was the nice scenery, human and plant.",negative
"I viewed the first two nights before coming to IMDb looking for some actor info. I saw the 9+ rating which surprised me since I was not that impressed by what I'd seen. (As reference, I happen to believe Lonesome Dove was the best TV western ever. I grew up next to the MGM back lots in Culver City in the 50s and have a certain sense of reverence about the Western genre.) <br /><br />So I saw the glowing first review and decided to read ""more"". There I found several reviews with 1 or 2 stars that summed up my feelings well about the lack of character development, poor editing, feeling that it was shot on the Universal back lot (MGM's is long gone), and overall impression that it was not going to come close to changing my feelings about LD. My impression is that the overwhelming vote of those who chose to write was ""less than a 4.0"".<br /><br />This got me to wondering about the process that yields a 9+ rating. If the people giving the 10s and 9s do not take the time to justify their vote, is the ballot box being stuffed by people with a monetary motivation? I have long used IMDb as one tool to screen movies and thought it the best available. Now I am not so sure.",negative
"I'm a bit spooked by some of these reviews praising A.K.A. Not only do they sound as if they were written by the same person, but they contain all kinds of insider information that surely you could only find by reading the press book from cover to cover. Please don't tell me that the director is writing his own reviews as that would just be too sad to contemplate.<br /><br /> Afraid I'm another one of those who hated the film and was surprised by its unapologetic amateurism. Great idea, shame about the execution. And it was most disconcerting to watch so many good actors (as well as some very bad ones including the leaden lead) all apparently thinking that they were appearing in a series of very different films.<br /><br /> I wish that A.K.A. had been audacious, innovative or just simply interesting. Sadly it was like watching an unintentionally hysterical home video with arty aspirations. A missed opportunity.",negative
"This movie's basic premise is that everyone in the world can know that a person is gay except for that person. And that a man who likes show tunes, has good taste, and is neat in appearance MUST be a homosexual. Yes, the movie is funny in parts, but the basic premise is to homophobic and insulting that the entire movie crumbles into something that is quite painful to sit through. The performances, particularly Joan Cusak and Kevin Kline are very good.",negative
"A group of tourists are stranded on Snake Island after an unfortunate accident with their boat. They are forced to spend the night and as you probably suspected, it isn't called Snake Island because it's just soooooo much fun to say - it has a history of people disappearing one by one because of the large snake population, which is just what happens with these poor dumb souls. This is a very boring and typical movie with tons of off screen snake attacks and lousy performances from NOBODY actors. The only somewhat entertaining scene was an absolutely unnecessary and forced strip scene which ain't anything couldn't see in a PG13 rated movie, folks. If you are into snake movies than check out SSSSSSS, but don't torture yourself with this crap.",negative
"Avida is a game of words mingling life and eagerness, but I personally think this movie was overblown by its ambition and does not make justice to its title. It gathers a set of awkward characters united by unbelievable links. Furthermore, the way everything is connected at the end is, in my opinion, a bit pathetic. What remains of it was a set of images... an interesting one, but not enough to make this a good movie. <br /><br />I believe this film is supposed to be a comedy, but I surely didn't noticed! The nonsense and caricatural nature of the movie is actually the only good thing about it, but when it drags on an on and on it becomes no longer bearable. I have to say I fought hard to continue seeing it until the end, and I am still not sure it was worth it...",negative
"The biggest mystery of Veronica Mars is not one that she had to tackle on screen.<br /><br />Rather, the mystery is why this perennial ratings disappointment is still on the air. This week marked a nadir for Veronica Mars: it ranked 146 out of 146 shows in the big 6 (soon to be Big 5). Yes, you read right. Veronica Mars was beaten by every show of the now-defunct WB and every show on UPN. It was beat by all the shows on Fox and of course by all the shows on ABC, CBS and NBC.<br /><br />Now, the hip hypesters are going to say: but this was a re-run. But everything on TV that week was pretty much a re-run! It boggles the mind why CW would choose this proved ratings disappointment as one of the few shows it saved from UPN.<br /><br />Clearly something is going on behind the scenes. Favors are being exchanged and influence peddled.<br /><br />Sorry to be so cynical, but what other explanation is there? The ""Veronica Mars has potential"" line is clearly dead now that it's had two years to establish itself and failed to do so.<br /><br />Maybe it's Joel Silver's influence and clout, but frankly, I am at a loss why anyone would choose to spend their clout on a bad show that no audience is watching.<br /><br />A great mystery and a very inauspicious debut for CW.",negative
"Weak plot, unlikely car malfunction, and helpless fumbling characters. At first I thought this movie was made during the seventies, since the picture quality, as well as the storyline and drama seemed taken from an old Kojac episode. When I checked and found that it was really made as late as -97 I was astonished. This is by far one of the worst and least (thriller) movies I have ever seen.<br /><br />If you read this, be advised, if you see it you waste time when you could have done something more exciting, like watching paint dry.",negative
""" While sporadically engrossing (including a few effectively tender moments) and humorous, the sledgehammer-obvious satire 'Homecoming' hinges on comes off as forced and ultimately unfulfilling. With material like this, timing is everything (Michael Moore knew to release ""Fahrenheit 9/11"" before the 2004 elections), and the real tragedy of Dante's film is that it didn't come out 2 years ago, when its message would have carried an energy that would have energized the dissidents further. In 2006, mockery of the well-settled Bush Administration hardly seems as controversially compelling (or imperiled) as it did then.""<br /><br />frankly anyone that could be convinced of anything by a ham fisted zombie flick has questionable intelligence. <br /><br />and if you didn't notice, michael moore didn't exactly help to defeat bush.<br /><br />there was nothing engrossing about this film. i just felt disgust at how blatant and frankly stupid the film was, it was painful to watch. if you are going to do something like this you need a bit of wit. sadly this has none. a poorly done satire actually has the opposite of its intended effect. as they say, with friends like these who needs enemies.",negative
"Wow. I have seen some really bad movies in my time, but this one truly takes the cake. It's the worst movie I've seen in the past decade - no exaggeration.<br /><br />As a US Army veteran of the war in Afghanistan, I found it nearly impossible to even finish watching this ridiculous film, not because it brought back memories - far from it - but because there was absolutely no attempt at ""authenticity"" to be found anywhere in the film. Not so much as the tiniest little shred. It seemed like it had been written by an 8 year-old child who got all his notions of war (and soldierly behavior) straight out of comic books. The film was made in Honduras, which should have been a clue, but even that can't fully explain the atrocious production values of this cliché-ridden piece of trash.<br /><br />I could try to list all the endless technical flaws, but it would take virtually forever. From the ancient unit shoulder patches which have not been seen or worn since WWII, and the character's name tags, like ""ColCollins"" (worn by the character ""Colonel Collins""), which was actually spelled using the reversed, mirror-image ""N"" of the Russian alphabet (not the US alphabet) the list just goes on and on. The uniforms, the equipment, the plot, and most especially the behavior of the characters themselves -- every single scene was just chock-full of ridiculous flaws, inaccuracies and utterly mindless clichés.<br /><br />Neither the storyline itself nor the characters were the least bit credible or believable. It was all laughably childish, in the extreme. This was obviously a movie that was meant to appeal strictly to pre-pubescent boys, and I have little doubt that even they would find this film utterly absurd.<br /><br />In short, this film has absolutely NO redeeming qualities at all. It's a total waste of time. I'd strongly advise anybody reading this to pass this garbage by; it's truly not worth wasting a single moment of your time for.",negative
"Preposterous sequel stretches credibility to a great degree as diabolical sociopath Stanley Kaldwell returns this time infiltrating the movie production of the novel he wrote for the garden drownings, assuming the identity of a second unit director he murdered.<br /><br />Film pokes gleeful fun at Hollywood, with a tongue-in-cheek script taking shots at tyrannical directors who sleep with their actresses(..looking for a way up the ladder)and dislike anyone challenging them for complete spotlight. Brian Krause, who I thought was dreadful, overacting to the point where the satire felt incredibly forced, portrays the loud, temperamental director who doesn't like the fact that his second unit director and screenplay writer, Alison(..played by Dahlia Salem)seem to be taking over the production. Andrew Moxham is Paul Parsons, who is the brother of a victim from the first film. The film's dark humor this time takes the idea of a serial killer actually operating as director of a movie set and exploits it for all it's worth. Nelson again ably slides back into his psycho role without any difficulty, with Stanley as clever as ever, using his brains to commandeer a film production, killing whoever he has to in order to maintain full control of his work, letting no one stand in his way..that is until Alison realizes who Stanley really is. Alison is the type of ambitious writer who wants to capture the essence of her subject..what motivated Stanley to kill, why would he do such a thing, and what led such a man down this dark path? The humor of Alison actually working with that very man is also part of the satire at the heart of this dark comedy thriller. Of course, you get the inevitable showdown between Alison and Stanley, with a really ridiculous, unbelievable conclusion regarding the killer's fate(..quite a hard pill to swallow). Unlike the first film, which was photographed with sophisticated polish, director Po-Chih Leong uses unnecessary techniques which are not needed(..such as shooting an all kinds of weird angles, slow-motion in a sepia color, and several instances which are captured on video)and rather annoy instead of impress. This sequel, to me, just wasn't on target as much as the original, with a lot of the humor less effective and more obvious.",negative
"So there's an old security guard and a guy who dies and then there's KEVIN, the world's biggest wuss. Kevin wants to impress his incredibly insensitive, bratty, and virginal girlfriend AMY. As he returns from work to... a random house... he finds his ""friends,"" the sexually confusing red-shorted KYLE and the truly revolting sluttish DAPHNE. They are soon joined by Daphne's boyfriend, the trigger-happy sex-crazed macho lunkhead NICK. And there's the title creatures, horrid little dogeared puppets who kill people by giving them their heart's desire. Kyle's heart's desire is to mate with a creepy, yucky woman in spandex. Nick's heart's desire is to throw grenades in a grade school cafeteria-- I mean nightclub. Kevin's heart's desire is to beat up a skinny thug with nunchucks. Amy's heart's desire is to be a disgusting slut. Daphne's already a disgusting slut, so she doesn't have a heart's desire. Along the way a truly hideous band sings a truly odd song. The hobgoblins randomly go back to where they came from then blow up. ""Citizen Kane"" cannot hold a candle to this true masterpiece of American cinema.",negative
"A particularly maligned example of Italian cult cinema with a nonsensical title to boot (if anything, the alternate THE MARK OF Satan is even less relevant to the plot!), this hybrid of Gothic Horror and Giallo (with a strong dose of Erotica) only contrives a flat sort of atmosphere throughout  actually matched by handling which is downright dreadful! Here, we get the usual group of people (an acting troupe) stranded on an island (to which they were invited by a Count  since he had become enamored of the leading lady, a dead-ringer for his missing spouse)! The characters are pretty much stereotypes: middle-aged but dashing hero (played by Giacomo Rossi-Stuart and whose family history bears more than its share of violent tragedy), demure heroine, sluttish companion (recalling Mae West and emerging the most annoying of the lot!), a meek but devoted stage manager (forever chided by one and all for his unmanly behavior!), a couple of lesbians, a mysterious gardener (the ubiquitous Luciano Pigozzi who, for once, gets in on the action, if you know what I mean), an envious housekeeper (nominal star Femi Benussi though, for what it is worth, this is really an ensemble piece), a religious fanatic of a butler, an impressionable chambermaid, etc. While the film is not by any means unwatchable, the atrocious dubbing, snail's pace, shoddy production (with the scenes depicting the raging sea lifted from some black-and-white film!) and the fact that the murders only occur within the concluding half-hour do not help matters. Besides, Marcello Giombini's score, though pleasant in itself, comes off as incongruously modern under the circumstances; that said, the revelation proves a surprisingly elaborate one (considering there is surely no shortage of suspects here).",negative
"I was very surprised how bad this movie was. Nice cinematography and beautiful landscapes can only take the movie so far. I was hoping for a rerun of Hero, but this is much, much worse.<br /><br />This movie is why kung fu movies got a bad reputation in the first place. No believable characters (even within the cartoonish world of kung fu movies, these characters are ridiculous), virtually no plot, and ridiculous story twists.<br /><br />This movie is so boring and so frustrating because it reminds you of trying to play a make believe game with a child. Every time you think your silly battle makes some sense, they invent another ridiculous twist that makes no sense (""Ah ha, you only think you've got me with your super powers and 10,000 ray guns, but I ate my vitamins laced with plutonium and teflon, so your ray guns don't work and I'm invulnerable to your super powers....tap tap no trade backs infinity PLUS one."") Children can continue with this lunacy, because they don't really care whether anyone is listening because they are having a fun time. However, for the VIEWER, especially the adult viewer, this long movie is worse than a bout with bad gas.<br /><br />SPOILERS AHEAD Note to kung fu movie makers, (a) if you have a knife in your back it hurts unless you are on PCP, in which case your kung fu is not strong, (b) if you repeatedly fall on your back, which has a knife in it, it will hurt more and do more damage, unless it is a fake prop, (c) when you get stabbed in the heart with a knife, you die, especially in ancient china where there isn't a Kaiser Permanente around the corner, (d) kung fu fights don't last for hours while 3 feet of snow falls, and (e) sometimes it is worth while explaining your characters and their motivations.<br /><br />In any event, go watch Hero again, because at least within its own little world it is comprehensible.",negative
"This may not be the very worst movie Peter Sellers ever did (I think that laurel goes to ""The Prisoner of Zenda"") but it is surely the most depressing. Sellers, especially sans makeup as Nayland Smith, looks like he has just undergone chemotherapy. As Fu Manchu, he looks hardly better and spends most of the film (with the exception of those strangely disturbing scenes where he gets jolted with electrical currents) on the verge of collapsing under the weight of all that makeup. The supporting players also look tired and run down, and Sid Caeser's presence is offensive even without his constant references to ""Chinks!"" (One bright spot: this would be one of the last times a major motion picture would portray Asians so insultingly ... or, for that matter, star a non-Asian as one!). The film seems surprisingly cheap, with soupy photography and drab sets - even the whiz-bang Elvis number at the end looks cut-rate. Only the stunning Helen Mirren and the tall, thin, nervous guy who get his pants wet add any sparks of life to this sad affair. All in all, this film provides an eerie premonition of a great comic's death, and an even eerier documentation of his dying.",negative
"""Stella"", starring Bette Midler in the title role, is an unabashed tearjerker. Set in upstate New York, Stella Claire works nights as a bar maid, pouring and dancing in a workingman's saloon. One night, in comes a slumming medical intern, Stephen Dallas, who woos Stella, and in the course of their affair impregnates her. She spurns both his offers of marriage and abortion, sends him packing to a lucrative medical career, and raises her daughter herself in near-poverty. Flash-forward 16 years and the daughter has grown into a gorgeous, loving, young lady. Dr. Dallas is not out of the picture, still maintaining a tenuous, but caring relationship with his daughter and..I'm rambling, and worse yet, making the movie sound somewhat interesting. The acting and screenwriting are so over-the-top you'll let out a groan in almost every scene. The chief offender is Bette Midler, but close behind is John Goodman as her alcoholic buddy. Each scene seems more contrived than the preceding right up to the finale, which is truly a hoot. Taken as a dramatic piece, this film rates no more than grade D, but as camp, it scores an unintended B+.<br /><br />",negative
"Oh dear god. This was horrible. There is bad, then there was this. This movie makes no sense at all. It runs all over the map and isn't clear about what its saying at all. The music seemed like it was trying to be like Batman. The fact that 'Edison' isn't a real city, takes away. Since I live in Vancouver, watching this movie and recognizing all these places made it unbearable. Why didn't they make it a real city? The only writing that was decent was'Tilman' in which John Heard did a fantastic job. He was the only actor who played his role realistically and not over the top and campy. It was actually a shame to see John Heard play such a great bad guy with a lot of screen time, and the movie be a washout. Too bad. Hopefully someone important will see it, and at least give John Heard credit where credit is due, and hire him as lead bad guy again, which is where he should be. on the A List.",negative
"My summary refers to the fact that this film has 1479 votes--just 21 short of making it eligible to be on IMDb's infamous Bottom 100 list--the 100 lowest rated films on the website. With a paltry score of only 1.8, this would place the film at approximately between #38 and 46 on the list--talk about a very dubious achievement!! My score of 3 isn't that bad--but it does bring the film that much closer to the dreaded list.<br /><br />As for the film, it stars the once-cute Aaron Carter--yet another prepackaged and forgettable pop star of the 1990s. When he first broke onto the scene, he was a cute kid with some songs that appealed to pre-teens and tweeners on Radio Disney. His songs, look and image were all scrupulously groomed and created by marketing folks and did the trick--leading to some huge album sales. Unfortunately, by 2005, sales were in decline and Carter had hit his awkward stage of life--something ALL kids his age have to deal with eventually. To put it bluntly, he isn't cute any more in this film and is at a very tough stage of life. I assume now he's a gorgeous young man...but in ""Popstar"" he's no longer the heart-throb he once was. Here, he is just very normal...a death sentence for a kid in his position as a ""pop sensation"".<br /><br />Interestingly, the film has some appearances by some other ex-teen heart-throbs from the last few decades--including a roles for David Cassidy and Leif Garrett--two guys who also know what it's like to disappear from the limelight. Cassidy managed to pick up the pieces and make a niche for himself, while Garrett is a great example of a pop star whose life after stardom has been a bit of a joke. Hopefully Carter will take after Cassidy in the future and so far, thankfully, he's managed to avoid the negative publicity and court appearances of many ex-pop idols. I was far from thrilled with the film but seriously wish him best in this department. It's not his fault he was plastered across the radio and television throughout the early to mid-1990s.<br /><br />In this film, Carter doesn't exactly need to stretch himself--he plays a pop star. However, despite making millions and being adored by girls, he doesn't ""have it all"". He's quite dense--mostly because he has little interest in learning. The problem is so bad that his mother decides to no longer home school him--forcing him to go to public school. The problem, though, is that he is rather phobic about taking tests...and making the grade in school is difficult. So, he gets the idea of finding a smart girl to date--one who would naturally be obliged to help him out in school. He picks the cute but bookish Jane (Alana Austin) and pretends to really like her in a sad attempt to make this scheme work.<br /><br />This plot, by the way, isn't bad and could work even though it seems a lot like an episode of a show like ""The Brady Bunch"" or a Nickelodeon sit-com. Sure, it's predictable and you KNOW that the formula will mean that she will eventually learn his plot and be hurt AND he will eventually realize that he actually does care for her AND by the end of the film, all will be forgiven and they'll be a real couple. But, given good acting and competent direction, this could be worth seeing for his teen fans, as predictable isn't always bad. And, as it turned out, this ISN'T exactly where the plot went...but it was awfully close.<br /><br />There are a few good things I liked about the film. Seeing Tom Bosley and Stella Stevens playing Jane's grandparents was very nice--their role was quite sweet and it was good seeing them again. Also, 1970s made for TV movie star Andrew Stevens appeared in the film--it was nice to see him again--though part of me hated him, as he looks so great after all these years and I look ever bit of my 45 years! He did a fine job and it was nice seeing him in the same film as his mother (Stella).<br /><br />As for Carter, with his many prior experiences on TV, he was, not surprisingly, pretty good. While his relationship with Jane didn't seem very believable, he and Ms. Austin gave it their best. The film wasn't great, but they did try and I think most of the problems with the film were in the writing--with a better and less formulaic plot, it could have worked much better. Plus the whole ""testophobia"" angle seemed pretty contrived...and rather insignificant. Who cares if a mega-millionaire star gets anxious taking tests in school?! Overall, not a rotten film as the current rating would imply, though there isn't much here to attract a wide audience. People who grew up loving Carter probably will enjoy the film. Older folks will probably care less as well as really young people who probably haven't heard of him. For them, there is no nostalgia value in the film.<br /><br />My favorite part of the film...Leif Garrett giving Aaron advice. I felt like screaming ""don't listen!!"" but didn't!",negative
"Certainly expected more after seeing the cast list, but WOW!<br /><br />I think a first time director could have done a better job with this project, and the fact that a veteran like John Buechler made it, puzzles me to no end. Somehow, the budget allowed them to secure a bevy of D-List actors, whom they succeeded in embarrassing for an hour and a half. The unknown actors were just plain awful, less Steve Wastell who does a decent job as Axl. The story is so bad, that it really needs no mention. The overall production value seems standard, with some above average camera work, if you can make it through the God-Awful ""slo-mo"" scenes and the painful ""person on fire"" sequences. I knew it would be dumb, I just had no idea how dumb, and unfortunately it's time spent that can never be returned to me. I suppose if you enjoy really bad ""B"" films, this might work for you, but if you value any story at all, this one is simply dreadful... A complete waste of time.",negative
"( HR is what Himesh is called in the movie, I think he likes it too. ) It's amazing how intelligent people, talented even fall in to the same trap.<br /><br />I really like Reshamiya. It's amazing what he has done. No one in recent years has come back from the wilderness and made a mark for himself.<br /><br />And I truly expected a great film ( What with the budget of 50 Cr and the cute actress ). As intense as Reshamiya is I thought, he would excel at a sentimental and an emotional role. Ironically he is depicted the same but for what care? Sheer incompetence, carelessness, awful acting, banal background music, insensitive direction make it a real pain.<br /><br />Blunders rule. ( Ex. How can German Police issue public instructions on a loud speaker in English? They communicate among themselves in English!) Unfortunately this incompetence has become the standard in main line Bollywood. There are some excellent directors but many a bad ones too. The worse thing is that the majority just doesn't care.<br /><br />Songs are the only saving grace...<br /><br />Please don't repeat this HR and find yourself a good director ( low budget.. No problem).<br /><br />The villain should really have shaved his head instead of the wig you know... after all it's a 50Cr movie.",negative
"It should come as no shock to you when I say that Alone in the Dark is a crappy movie. To put it bluntly, it's as if a dung monster defecated, ate the result, and then vomited. The final product would still outshine this movie.<br /><br />Seemingly based on an ancient (!) Atari video game, the movie has something or other to do with a portal to the bowels of the earth, the unleashing of demons, and ancient civilizations. Something about there being two worlds, that of darkness and that of light. (Guess which one's ours.) Oh, and 10,000 years ago a really super-duper advanced civilization opened the portal, demons came over and had a blast, then wiped out the civilization. Which is why we've never heard of them, conveniently enough.<br /><br />Christian Slater, perhaps pining for the days of Heathers and Pump up the Volume, plays Edward Carnby, a paranormal researcher to whom Something Bad happened when he was 10 years old. He's hot on the trail of one of the artifacts of said advanced civilization. Carnby used to be part of a secret institution called 713, which has been trying to figure out what happened to that long-ago civilization. But Carnby believed he wasn't going to be able to find the answers he sought, so he left the group.<br /><br />But see, these beasties are out, and they get their prey in varying ways, such as gutting them, splitting them down the middle, implanting neurological control devices in them, or just turning them into killing zombies. Yes, it's another zombie movie.<br /><br />That's about as distilled I can make the plot. It's pretty convoluted and incomprehensible. In similar movies, one might see the intrepid researcher/adventurer figure things out a step at a time, and when we the audience are mentally with the researcher, it's a lot of fun. But when the scenes shift from attack to attack with no perspective or context... not so much fun.<br /><br />The acting is dreadful, save for Slater, who (although he almost seems embarrassed to be in the movie) showed he was capable of carrying the acting load. He had to; get this - Tara Reid is cast as a museum curator! Honest to goodness, I thought I'd seen the casting of a lifetime when Denise Richards was cast as a nuclear physicist in Tomorrow Never Dies. But Reid here matches Richards, crappy emoting for crappy emoting. Hightlights include Reid pronouncing ""Newfoundland"" as ""New Fownd Land,"" Reid delivering most of her lines in a dazed, throaty monotone (kinda like she'd been on an all-night bender for the past week before filming), Reid - a museum curator, mind you - spending a lot of the movie in a midriff-bearing top and hip-hugger jeans. Oh yeah, she was as believable as Jessica Simpson giving stock quotes. Oh, why must the pretty ones be so dumb? (Note: I don't think Tara Reid's all that good looking. She looks like she's in perpetual need of food.) Almost everyone else in the cast is completely forgettable, except perhaps for Steven Dorff, who played Burke, one of the leaders of 713. Dorff's character wasn't terribly well developed, but nothing in the movie was, from the sets to the characters to Tara Reid. But I digress.<br /><br />Anyway, the perplexing and utterly preposterous storyline is tough enough to follow with the film moving at such a breakneck pace, but director Uwe Boll tosses in a pounding, mind-deadening soundtrack; it's so loud you can't hear what the actors are saying in some of the scenes! That can't be right. Given the acting level, however, perhaps thanks are in order to Mr. Boll.<br /><br />Oh, and a fun note. The opening moments of the movie include narration... of the words that are crawling across the screen at the same time. Remember the first Star Wars? You heard that now-familiar Star Wars theme while the prologue crawled. There was surely no need for narration; why do I need some doofus to read what's on the screen for me? Were the producers simply looking out for blind people? Maybe that also explains why the soundtrack was so loud - they were also looking out for hard-of-hearing people. Also, the narrator inexplicably had a lisp for the first few lines of the crawl - then lost it. Bizarre.<br /><br />Alone in the Dark is a loud, dopey mishmash of dreadful acting, an incoherent script, and ham-handed directing. Hardly a note rings true. There's so much chaos that the audience simply gives up caring about the characters and roots for their demise. Even in the dark, the demonic creatures seem cooler and much more developed by comparison.<br /><br />Ironically, since there were only three other people in the theater, I watched this Alone in the Dark. I wonder if Uwe Boll planned it that way? I can't quite give this the lowest rating, because I had low hopes for it to begin with - and because it never grabbed me enough for me to get worked up about it. It's atrocious, although Slater redeems himself a tiny bit.",negative
"I signed in just to comment on how awfully stupid this movie is. Besides being a rip-off of Executive Decision or Air Force One or any other kind of terrorist story, this is the kind of movie that makes you appreciate seeing a movie that can take the same basic ideas and do it well. It's hard to blame the actors when they are given such a stupid, cliché-ridden script to work with. It's bad enough if you groan once in a movie when you encounter an insult to your intelligence, but when you find yourself groaning over and over again, you have to conclude that the director also isn't the brightest bulb in the movie business, nor are the producers for deciding to bring this story to the screen in the first place. The mostly low-rent actors you can excuse for taking on this assignment, because they most likely showed up to get the money and exposure, not that being a part of this joke-of-a-movie is going to earn them any awards or recognition. It may end up embarrassing them for having such poor judgment as to get involved in such a loser. I see no point in summarizing the plot or even in giving any examples to prove my case, for, to do so, would be cruel and unusual punishment that no one involved in this debacle could withstand. Just as studying well-made movies can inspire you how to make a good, skillfully put-together work of art and beauty, the only thing that you can learn from watching this monstrosity is what NOT to do and what does NOT work! Be warned.",negative
"Your idol will deceive you in this movie. Stephen Nichols is mis-cast as a young german student still bending under his father's orders although the actor obviously looks near 40 years-old. This makes his relationship (a collection of copulation scenes, basically) to a very young looking girl all the more disturbing. The character's have no dimension and the war depiction serves only as a backdrop for this soft porn wannabe. Nichols, who is one of daytime TV's best performers shows no passion in what is to be the main interest of this movie: watching him have sex over and over with this girl. It's like watching two animals going at it. If you're a fan of this actor's talent in other projects, don't rent this for you will never view him in the same way. If, on the other hand, you want to see Stephen Nichols have an orgasm in front of the camera, you might like it: Stephen will show you his naked butt, lots of tongue work, his groaning range, but not his talent as this character who's obviously just as sex-driven and misjudging as he was for wanting to do such personal things in front of the camera. He may have found it kinky but I didn't - a BIG deception!",negative
"""Spielberg loves the smell of sentiment in the morning. But sentiment at the expense of narrative honesty? Nobody should love that."" - Lucius Shepard<br /><br />""The Color Purple"" takes place in the Deep South during the early 1900s, and tells the story of Celie and Nettie, two African American sisters. The film opens with the girls playing in a field of purple flowers, an idyllic haven which is promptly shattered by the appearance of their stepfather. This motif  innocence interrupted by men  permeates the entire film.<br /><br />The film then launches into a series of short sequences. Celie is revealed to have been twice impregnated by her stepfather, gives birth in a dirty barn, has her newborn child taken away and is forced to marry a local widow named Albert Johnson, a violent oaf who rapes her repeatedly, forcing her to cook, clean and look after his children.<br /><br />All these horrific scenes are given little screen time, and are instead surrounded by moments of pixie-dust cinematography, a meddlesome symphonic score, incongruous comedy and overly exuberant camera work. The cumulative effect is like the merging of a Disney cartoon and a rape movie, a jarring aesthetic which caused Stanley Kubrick to remark that ""The Color Purple"" made him so nauseated that he had to turn it off after ten minutes. Ten minutes? He lasted a long time.<br /><br />The film is often said to deal which ""racism"", ""sexism"" and ""black culture"", but this is not true. Alice Walker, the author of the novel upon which the film is based, claims to be a bisexual but is actually a closet lesbian. Her book is a lesbian fantasy, a story of female liberation and self-discovery, which paints men as violent brutes who stymie women. For Walker, the only way out of this maze is for women to bond together in a kind of lesbian utopia, black sisterhood and female independence celebrated.<br /><br />Spielberg's film, however, re-frames Walker's story through the lens of comforting American mythologies. This is a film in which the salvific power of Christianity overcomes the natural cruelty of men. A film in which Albert finds himself in various ridiculous situations, moments of misplaced comedy inserted to make him look like a bumbling fool. A film in which all the characters are derived from racist minstrel shows, the cast comprised of lecherous men (always beaming with devilish smiles and toothy grins), stereotypical fat mammies, jazz bands and gospel choirs. <br /><br />This is a film in which black people are naturally childlike, readily and happily accepting their social conditions. A film in which black people are over-sexed, carnal sensualists dominated by violent passions. A film in which poverty and class issues are entirely invisible (Albert lives in a huge house) and black men are completely inept. This is not the Old South, this is the Old South as derived from ""Gone With The Wind"", MGM Muscals, ""Song of the South"", Warner Cartoons, ""Halleluha!"" and banned Disney movies. In other words, it's the South as seen by a child raised on 50s TV. It's all so cartoonish, so racist in the way it reduces these human beings to one dimensional ethnic stereotypes, that black novelist Ishmael Reed famously likened it to a Nazi conspiracy.<br /><br />Of course, in typical Spielberg fashion the film ends with family bonds being healed. This reconciliation was in Walker's novel, but Spielberg goes further by having every character in the story reconcile with their kin.<br /><br />Beyond Walker's hate letter to black men and Spielberg's bizarre caricaturing of black life, we are shown nothing of the black community. We have only the vaguest ideas as to how any of these characters make a living and no insight into how they interact with others in their community. Instead, Spielberg's camera jumps about, desperately fighting for our attention (one of Celie's kitchen contraptions seems like it belongs in a ""Home Alone"" movie), every emotion over played, the director never stopping to just observe something or to allow a little bit of life to simply pass by. Couple this with Quincy Jones' ridiculously ""white"" music, and you have one of the strangest films in cinema history: an angry feminist tract filmed by a white Jew in the style of Disney and Griffith, scored by a black man trying to emulate John Williams.<br /><br />Problematic too is the lack of white characters. Consider this: the men in this film aren't portrayed as being rough to each other, nor do they dominate women because they are brutalised by a racist society which reduces their manhood. No, they are cruel by nature. And the women, whether quietly suffering like Celie or rebellious and tough like her sister, persevere and survive only because the men are too stupid to destroy them. A better film would not have focused solely on the oppression of women as it occurs among the oppressed, rather, it would have shown that it is societal abuse which has led to spousal abuse, that enslaved black women are forced to perform the very same tasks as their male counterparts (whilst still fulfilling traditional female roles) and that African American domestic violence occurs largely because of economic factors, women unable to support themselves and their children alone.<br /><br />And so there's a hidden ideology at work here. Late in the film one character tells another that since he didn't respect his wife, she wound up getting severely beaten and imprisoned by whites. The implication is that blacks need to return to their African roots to restore their own dignity and that it is their fault that whites unjustly crush them. ie- Respect one another in your poor minority community and you won't run afoul of the dominant white culture. <br /><br />3/10 - A failure to confront sex and lesbianism, inappropriate musical numbers, countless sequence loaded with extraneous visual pizazz, incongruous comic business, emphatic music cues, and wildly hyped emotionality, all contribute to rendering ""The Color Purple"" worthless.",negative
"Joe was first released in the US in the summer of 1970. Despite respectable notices, reasonable box office and an Oscar nom, it vanished shortly afterwards and remained forgotten about throughout the 1980's, before being enthusiastically reappraised, somewhat unjustly, in the US in the late 90's. Thanks to this lengthy unavailability, its reputation has gone on to see it placed (inexplicably) alongside the likes of Michael Winner's original Death Wish. Although revenge is a theme, a film about vigilantism this most definitely is not.<br /><br />The plot isn't worth synopsizing. Its a flabby, hammy and bizarrely stagey ramble about an accidental murder and the unlikely relationship that blossoms out of it. That relationship and the largely class-based quirks of its two leads are exaggerated into ridiculous caricature; these two, and their situation, bear absolutely no relation to reality.<br /><br />Almost everything about the film is cantankerous and begrudgingly antiquated, which makes the whole thing completely fascinating. Hippies are depicted as snide and exclusive misanthropes, hard drugs either make you sleep or dance around maniacally with lipstick on your face, and most young women are prepared to have sex with strangers in exchange for marijuana at the drop of a fly. Its very much a film of the 60's rather than the 70's, so why some industry luminaries have begun to include it in retrospective conversations about the beginnings of the Hollywood New Wave is a complete mystery. Martin Scorcese of all people even got involved, though probably only to give a nod to the dank, lavatorial hues of the grim urban cinematography, which almost certainly influenced Taxi Driver four years later. But Joe seems very much like a furious tirade against the likes of Easy Rider and Bonnie And Clyde, rather than a continuation of that same insurgent cinematic ethos.<br /><br />It isn't a film of any real artistic significance - despite Joe's incontinent fury at everything in his world, it remains a story about absolutely nothing - but its value as a cultural museum piece is unprecedented. Shot on and around the streets of New York City during the darkest hours of the Vietnam war, and at a time when America (and, significantly, its cinema) was being revolutionized to the horror of the old guard, the film ends up, in its own completely oblivious and accidental way, saying more about that period of history than numerous infinitely superior movies that directly endeavored to capture it.<br /><br />But as a film? Despite a really surprising and effective shock ending, this is basically a Michael Winner film, but not as well made. How does that tickle your fancy? ** Incidentally, if you are, like me, a fan of spotting arbitrary background lookalikes, then check out Harold Steptoe at 1:22:11 in the hippy art gallery.",negative
"After wasting 2 hours of my life watching this movie on late night television, I went back and reread some of the IMDb material, to remind myself of why I watched it in the first place. In hindsight, the only thing that I can think of is that the genre generally appeals to me. But this movie was a total waste of effort. It fails on every level, and to see that it's described on IMDb as a comedy really leaves me at a loss. I don't recall more than a couple of chuckles. There are more laughs in any episode of Law and Order than in The Last Man. Seriously.<br /><br />Too much of the characters' interaction just didn't seem to me to have any foundation, and was therefore very unlikely/unbelievable.<br /><br />If it hadn't been for the almost-gratuitous bikini shots, well, what can I say? Avoid this movie like the plague. Or tape it and just fast forward to the bikini shots. Do not spend even $1 to rent it though.",negative
"""Beowulf"" is like a very bad game : no characters, no story, no real dialogues, bad fights ... It's probably the worst movie in the history of cinema. It's deadly boring, a lost of time. I'm really sorry for Christophe Lambert, who visibly doesn't know how to choose a role. If someone suggests you to see ""Beowulf"", believe me : run like mad.",negative
"I was searching through Hollywood video last night with a friend trying to find a good-looking horror movie to watch over the New Year's weekend. As I was looking through the shelves, ""Severed"" spotted my eye, and I grabbed it off the shelf and it looked like it might be a decent B-grade horror movie. The cover looked fairly good. The plot sounded semi-interesting. So I rented it. What a mistake. Don't be fooled by the cover, which actually looks decent. I'm thinking that more money was spent on the cover artwork than the movie itself. The film follows two police detectives who are tracking down a voodoo-inspired, ritualistic serial killer called ""The Head Hunter"", who is decapitating victims left and right in some unnamed city (probably Los Angeles), and they become drawn into his world of ritualized murder.<br /><br />Story sound somewhat good? Well, it is, and this movie could've been halfway decent. But good God, it was bad! Almost everything about it was laughable. The opening scene features some redheaded actress in a car trying to talk on this huge, outdated cell phone, and for whatever reason, she goes outside and talks to some guy. Then, a shadow comes up behind them, hacks off his head, and the girl drops to the ground and starts crawling (for absolutely no reason) while trying to dial 911. Sound ridiculous? Yep, you bet it is. The entire movie looks like it was filmed on a VHS-quality camera, and I'm assuming it was. The acting was mostly awful, and the special effects were far from believable. And the scenes with the policemen on the phone were awful - the voice on the other line was echoing and it sounded like it was being recorded in someone's bathroom. Everything about this movie was simply amateurish and tedious, and it didn't hold my interest for very long, and I often found myself bored and tired, mostly because of the bad acting and the horrible cinematography. The pacing was bad. Everything was just bad.<br /><br />Overall, ""Severed"" is a failed attempt at what could have been a decent B-movie. The plot was good and I think if this film had been handled better and had a higher budget, it could've been alright. But this movie fell flat on it's face. If you're expecting something semi-decent, you'll be sorely disappointed. Only recommended if you can tolerate D-grade horror flicks. Otherwise, you'll probably want to stay away from this straight-to-video garbage. It had a little potential, but it was beyond a mess. 1/10.",negative
"This one is bad. A really bad and boring crime movie that has nothing out of the ordinary in it. A series of crimes, the killer that you do not see throughout the whole movie, the classic investigations. And also the classic tale about a cop who figures out what's going on and isn't believed by anyone, so he has to fight by himself to reveal the truth. Not too much in this one. Vote: 4 out of 10.",negative
"I read John Everingham's story years ago in Reader's Digest, and I remember thinking what a great movie it would make. And it probably would have been had Michael Landon never got his hands on it. As far as I'm concerned, Landon was one of the worst actors on earth, and his artistic license went way over the top, similar to his massacre of the ""Little House"" book series is proof. The acting, for lack of a better word, is atrocious, the screenplay sloppy, and there are more close-ups of Landon's puss than should be allowed.<br /><br />This movie reflects Everingham's story as much as ""Little House On The Prairie"" reflects the books is was ""based"" on. It's just another vehicle to show off Landons horrendous hair.",negative
"For the life of me I can not understand the blind hype and devotion to this totally unbelievable movie......and I think I have the qualifications to say so.... I am a former Special Operations soldier with 14 years in the ""lifestyle"" ... This movie was totally totally unreal and obviously written by someone that did very little research into life in the Army, in combat or at a team or platoon level.<br /><br />Three EOD guys trouncing around Bagdad on their own????? Get Real... No chain of command????? Get Real... EOD clearing buildings??? Get Real....EOD/ Military Intelligence / Sniper qualified buck sergeant???? Get Real.... Wait... I shot and killed a bad guy and then let two guys take me without firing another shot or being injured at all???? Get Real....I carjack an Iraqi civilian, while I am only armed with a 9 mil, break into another civilians house, get punked by his wife then make it back to camp on foot in the middle of Bagdad at night without as so much as a scratch or confrontation???? Get Real...<br /><br />There is absolutely no adherence to military protocol {Army} and no resemblance at all to any Army unit that I have even encountered. Totally unbelievable and disrespectful to the men and women of EOD who contrary to this poor film are not wild adrenaline seeking yahoos but extremely qualified professionals doing an incredibly hard job.",negative
"The biggest National Lampoon hit remains ""Animal House"", and rightly so. It was funny, raucous and good-natured.<br /><br />The exact opposite of every other National Lampoon film. Including ""Class Reunion"".<br /><br />PLEASE do not be fooled by the inclusion of Stephen Furst (""Flounder"") from ""Animal House"". Or by the fact that John Hughes wrote this jumbled mess. This reunion is about as hilarious as root canal and twice as painful.<br /><br />One star, and that's being generous. Then again, I always thought most of my old classmates were demons, vampires and serial killers, too.",negative
"I'll keep this short as a movie like this doesn't deserve a full review.<br /><br />Given the setting, this movie could have been something really special. It could have been another ""28 days later"" or even a ""Blair Witch Project""<br /><br />The first 20 or so minutes of the movie I was really excited, directer did a decent job with cinematography and suspense, although I don't think He managed to capture true eeriness of an empty London Underground.<br /><br />Characters were a big let down. Our ""heroine"" in this movie is a worthless piece of crap, and you really don't care if she dies or not. As many people have said before, I was rooting for the homeless people and the black guy, who managed to give me a chuckle or two(whether intentional of the writers or not).<br /><br />The main villain, is kept in the dark for the first half of the movie, but when he is revealed I was really disappointed. I won't spoil it but lets just say my 10 year old sister could probably beat him in a wrestling match.<br /><br />All in all this is just another mediocre horror film which falls into the trap of following a simple Hollywood formula. This film had a lot of potential but really failed to hit the mark.<br /><br />Just to highlight how lame this movie was, the characters in this movie had at least FIVE TIMES to finish off and kill the main villain. INSTEAD THEY RUN AWAY.",negative
"After what I thought was a masterful performance of two roles in Man From Snowy River, WHY was Kirk Douglas replaced by Brian Dennehy in the sequel? It just wasn't the same without Spur and Harrison, as portrayed by Douglas. Maybe he recognized how poor the plot was--Jim returns after extended absence, to find Jessica being pursued by another man. He could not expect any girl to wait that long with no contact from him, and not find competition. For a Disney movie, this contains foul language, plus the highly unnecessary part when Jim & Jessica shacked up without being married--very LAME. Quite an insult to viewer intelligence, according to members of my family. I'll stick with the first one, and try to forget I ever saw the sequel!",negative
"How any of you gave this more than 2 stars amazes me. I made an account on IMDb just to comment on this cr@p film. The acting is cr@p and the plot is cr@p. It would deserve no stars at all if it weren't for the descent soundtrack (and yet there are still some outrageously clownish tracks in there too, most notably the ones featuring the oboe and sound like black and white cartoon comedy background music and in no way fit the intended mood of the scenes that they haunt) and quality cinematography. The dialog and plot are about as complex as that of a Dr. Sues book. These actors are horrible. I am actually watching this movie right now and, with every word, am stunned you all swallowed this shitte. The only reason I didn't turn the movie off was because I have gotten wrapped up in creating an account on IMDb and posting this review. I dig mainstream films, I dig silly stupid films, I dig retro indie films, and nearly any other type/genre if carried out well. My brother convinced me to rent this because he said he heard it was good and he generally has great taste in movies; from the moment he told me the title I looked at him like he was crazy. I'm having a tough time ending this rant because there is just so much badness to talk about. The only way I can rationalize the good ratings on here is that you guys were paid to give this movie high ratings. It is so poorly done and no where close to dramatic, artsy, complex, well written, well preformed, or even bearable. If this was the final product of my hard directorial work, I would be to embarrassed to release it to the public, so I don't even feel sorry for the director if he reads this -- what the hell were you thinking guy?",negative
"Due to budget cuts, Ethel Janowski (again played by Priscilla Alden) is released from a mental institution (even though she killed six people) and delivered to the Hope Bartholomew halfway house. Once there, she immediately relapses into her criminally insane ways and kills anyone who gets between her and her food.<br /><br />HOLY MOLY! Does this movie suck! You know you are in trouble when the open credits start up and they are just the credits from the first film, apparently filmed off a TV screen. Nick Millard (under his pseudonym Nick Phillips) decided to return to the world of Crazy Fat Ethel over ten years later and with a budget that probably covered the cost of a blank tape and a video camera rental for the weekend. Let's just say that Millard's unique style doesn't translate well to video. Seriously, I have made home movies with more production value than this. And Millard tries to pull a SILENT NIGHT, DEADLY NIGHT 2 by padding half the running time with footage from the first film (which looks like it was taken off a worn VHS copy). Alden is again good as Ethel but the film is so inept that you start to feel sorry for her for starring in this garbage. I mean, at least the first film tried. Here we have no music, weaker effects (if that is at all possible), shaky camera work, horrible audio and editing that looks like it was done with two VCRs hooked up. Avoid this at all costs!",negative
"This movie was childish in its writing and laughable in its visual effects. Scenes where Father Merrin is tossing in his bed and his glimpses of a gimpy native are signs of bad acting and poor imagination. Nothing seems to fit. The story jumps from scene to scene. The elementary writing leaves no fact to the imagination and leaves no room for suspense. The lady doctor at one point states that she thinks the town is going to ""explode soon"" from all the crazy happenings. There was, in fact, nothing in the movie to make that line relevant. From the terrible job the movie had done, I would have never known that there were any tensions in the village. If you are into cheesy movies go ahead and rent this, but if you want to see this done right check out Exorcist:The Beginning",negative
"Altered Species starts one Friday night in Los Angeles where Dr. Irwin (Guy Vieg) & his laboratory assistant Walter (Allen Lee Haff) are burning the midnight oil as they continue to try & perfect a revolutionary new drug called 'Rejenacyn'. As Walter tips the latest failed attempt down the sink the pipes leak the florescent green liquid into the basement where escaped lab rats begin to drink it... Five of Walter's friends, Alicia (Leah Rown in a very fetching outfit including some cool boots that she gets to stomp on a rat with), Gary (Richard Peterson), Burke (Derek Hofman), Frank (David Bradley) & Chelsea (Alexandra Townsend) decide that he has been working too hard & needs to get out so they plan to pick him up & party the night away. Back at the lab & the cleaner Douglas (Robert Broughton) has been attacked & killed by the now homicidal rats in the basement as Walter injects the latest batch of serum in a lab rat which breaks out of it's cage as it grows at an amazing rate. Walter's friends turn up but he can't leave while the rat is still missing so everyone helps him look for it. All six become potential rat food...<br /><br />Also known as Rodentz Altered Species was co-edited & directed by Miles Feldman & has very little to recommend it. The script by producer Serge Rodnunsky is poor & coupled together with the general shoddiness of the production as a whole Altered Species really is lame. For a start the character's are dumb, annoying & clichéd. Then there's the unoriginal plot with the mad scientist, the monster he has created, the isolated location, the stranded human cast & the obligatory final showdown between hero & monster. It's all here somewhere. Altered Species moves along at a fair pace which is just about the best thing I can say about it & thankfully doesn't last that long. It's basically your average run-of-the-mill killer mutant rat film & not a particularly good one at that either.<br /><br />Director Feldman films like a TV film & the whole thing is throughly bland & forgettable while some of the special effects & attack scenes leave a lot to be desired. For a start the CGI rats are awful, the attack sequences feature hand-held jerky camera movement & really quick edits to try & hide the fact that all the rats are just passively sitting there. At various points in Altered Species the rat cages need to shake because of the rats movement but you can clearly see all the rats just sitting there as someone shakes the cages off screen. The giant rat monster at the end looks pretty poor as it's just a guy in a dodgy suit. There are no scares, no tension or atmosphere & since when did basements contain bright neon lighting? There are one or two nice bits of gore here, someone has a nice big messy hole where their face used to be, there's a severed arm & decapitation, lots of rat bites, someone having their eyeball yanked out & a dead mutilated cat.<br /><br />Technically Altered Species is sub standard throughout. It takes place within the confines of one building, has cheap looking CGI effects & low production values. The acting isn't up to much but it isn't too bad & a special mention to Leah Rowan as Alicia as she's a bit of a babe & makes Altered Species just that little bit nicer & easier to watch...<br /><br />Altered Species isn't a particularly good film, in fact it's a pretty bad one but I suppose you could do worse. Not great but it might be worth a watch if your not too demanding & have nothing else to do.",negative
"I'm kinda torn on DARK ANGEL. The film appears to be a ""loving"" tribute to the greatest pin-up to ever live - but there is so little actual ""content"" that the film itself is virtually pointless. I can't really see what the motivation or ""point"" of this film is - as there is very little biographical information provided in the narrative - so those who don't know much about Bettie aren't gonna know much more after watching DARK ANGEL either...<br /><br />The film basically chronicles the last few years of Bettie's career in bondage modeling. Almost the entire film is comprised of ""re-enactments"" of some of Bettie's more ""famous"" photo-shoots and loops. These re-enactments take up literally 75% of the films run-time, and give virtually no insight into Bettie as a person. The film touches briefly on her short-lived legitimate acting pursuits, and her subsequent decision to leave the ""business"" and become religious - but all of this is pretty much glossed-over in favor of showing long and drawn-out re-enactment scenes...<br /><br />DARK ANGEL isn't a horrible film - there's just no substance to it. The other problem is that the actress that plays Bettie only really resembles her in farther away shots - up-close it's a no-go. The other thing that irritated me, is that although Bettie did several topless modeling shoots - the only nudity in the film was a short segment shot in a zoo during the end credits. The film itself is obviously extremely low-budget, but does what it can set and costume-wise within it's limitations - so no gripes from me there. The acting is pretty wooden and unmemorable from everyone involved. In fact - the most memorable thing about the whole film for me, was noticing during the end credits that the actor who played Irving Klaw's real name is Dukey Flyswatter. No joke - check the cast list. Can't say that I recommend this one too highly unless you are a true Bettiefile completist and must own anything relating to her. And if you are that bad off - then you need to seek treatment anyway...4/10",negative
"Hideously bad movie purportedly about a croupier who wants to be a writer and the incidents that make up casino life. Moves at a snail's pace. Dull, dull, dull! Virtually everything about this movie is amateurish and unconvincing - with one very notable exception: the performance of Clive Owen, who is like a Rolls Royce purring through a slum. Advice for the casino sequences were allegedly provided by a professional but judging by the way in which they are handled they were completely ignored by the director. While casino staff may very well be a different breed to the rest of the world they are nowhere near as witless and booooring as the characters presented in this script. Odds and ends are thrown into the script in an attempt to provide it with convincing background but would appear to have been jotted down in a list on a cocktail napkin. For anyone who makes a living in the casino business (as this writer has for the last FORTY years!) this is a poverty stricken depiction of their world which even in the farthest and most obscure reaches of England has NEVER been this wanting! An appalling, insulting mess of a movie that plods and plods and plods along to an idiotic and unconvincing ending. American critics loved it.",negative
"I wouldn't say this is a *bad* movie. Unfortunately for me, I get the feeling that the more you know about fencing, the worse it gets simply due to the fact that it becomes totally unrealistic. I've been fencing since i was 14 years old, and this movie portrays it very poorly. F. Murray Abraham is good (and appears to have some fencing background), but most of the other actors--especially the students--just seem to be lost.",negative
"Well I just paid a dollar for a DVD of this movie, and it wasn't even worth that. It seems to be from a poor print and is in the public domain, I am guessing.<br /><br />Neagle - despite her glory, awards, and reputation - is a homely British gal who can't sing or dance or act.<br /><br />Some of the fine old Hollywood character actors on display here must have thought they were doing a classic. Director Herbert Wilcox (Neagle's husband) always thought Anna was the most exciting and talented femme on the screen. He was mistaken. She was improbably popular in Britain before and after WWII. Her ""serious"" roles are even more ludicrous than her musical appearance here.<br /><br />Only a couple of the famous songs are included and neither one is well presented. Skip this one and find the one that stars Doris Day. At least you get some real comedy and professional style dancing!",negative
"What reviewers and MST3K left out is the best part (and only memorable scene) of this otherwise dreadful movie: There is a very good rape-in-the-shower scene committed by the bad guy (Ben Gazzara look-alike) on Maria (as mentioned, killed later through T.J.'s ineptitude). Perhaps rape is too strong a word, ""prison mating ritual"" may be more appropriate. The background behind this chance, yet forced meeting is the mobster who is hiding ""Ben Gazzara,"" introduces him to the girls hanging out at his pool. The 30-ish blonde disses him, but our villain must be quite smitten by her, because the courtship is on at that point. His first move is to attempt drowning her, until his mafia don benefactor tells him to knock it off. Kind of like the girl in high school you didn't like, but still wanted to have carnal knowledge of anyway... Let's just say, he catches UP with her in the cabana later.",negative
"For the uninitiated, almost any Andy Milligan film is a shock, but despite the fact that I've seen many of his films, this one still takes the cake for sheer shoddiness.<br /><br />This is, of course, Milligan's take on the Sweeney Todd tale, done with period costumes (but not necessarily period hairstyles, in some cases) and the usual headache-inducing camera-work & grainy quality. As for the gore, well, the version I saw may have been cut some, for there's not a lot, for a film with ""bloodthirsty"" in the title. The best indication of subversive film-making here is a meat pie consisting only of some poor victim's tit.<br /><br />So, while I will still treasure this piece of, uh, work, on my video shelf, it's definitely somewhat of a letdown as far as content though. Recommended for only the foolhardy & morbidly curious. 3 out of 10.",negative
"This movie was yet another waste of time... Why oh why do I keep renting crap like this?... someone please tell me... *sigh* Oh well. back to the movie at hand: Cube Zero is probably worth it if you REALLY REALLY enjoyed the first movie, (like I did), and just want to check out what's up in the last (hopefully) movie scraped together just to keep some poor actors and screenwriters employed, then of course this is the movie for you. But if you are looking for a good movie with good acting and a fantastic plot... *evil grin* then this movie is definitely for you :-D.... OK I'm lying... At best this movie sucks. OK, I have to admit that certain elements to it was cool.. well.. coolish... and I laughed quite a few times, prolly at the wrong things, but nevertheless I was amused. :-) But all in all the few things that barely makes the ""ok"" category isn't enough to make this movie worth it at all.. Unless you count ""Manos - Hand of Fate"" one of the top ten movies EVER!",negative
"I agree with the previous comment, what a disappointment. Rented it thinking it was going to be a good movie since Mira and Olivier where in it. I was surprised by their performance, expected more since they're good actors.<br /><br />Thought it was a slow beginning but it got worse. I even laughed at some bad stunts!! when is supposed to be a mystery movie. You can even guess who is the killer beforehand!!! <br /><br />For real what happened?? <br /><br />Sorry to say but don't even bother you'll waste time and money.<br /><br />Boring!!!",negative
"I believe that this was supposed to be shocking or something.... All that I can say is....POOR GOAT!!! This flick is so poorly done that the parts that ""should"" shock and revolt you come across as laughable at best. The characters are so lame and 2....wait....1 dimensional, that I applauded each sick death.....all except that POOR GOAT.<br /><br />",negative
"I must say that I am fairly disappointed by this ""horror"" movie. I did not get scared even once while watching it. It also is not very suspenseful either.... I was able to guess the ending half way through the movie... So.. what's left?<br /><br />""The Ring"" is a trully scary movie... I wish other movies would stop copying from it (e.g. the trade-mark: long hair). Please give me some originality.<br /><br />Will not recommend this movie.",negative
"There is a word for this sort of film, and that word is ""drivel."" It was drivel when it was a VHS rental, and it's drivel on satellite re-runs now.<br /><br />It might fool you, because it has 2 moderately well-known names in Kistofferson and Henriksen, reasonable soundtrack music, and nice Monument Valley scenery.<br /><br />It also has some curly haired woman who fights a lot.<br /><br />If that's all you want from a movie, then maybe this will keep you happy.<br /><br />It's still drivel, though.",negative
I watched this because of the description and cover art and yet again was deceived.I am getting sick of all these new stupid straight to DVD horror movies.Once in a blue moon 1 will be OK. It started out with a confusing scene and then jumped 30 years and showed a couple one night during a thunderstorm which was OK because I like storms and it set a nice mood.Then it turned into a cool road trip where they ended up at a diner encountering bizarre people.The rest got weird and then got confusing.I did watch it til the end but was even more confused when it ended so badly.I had higher hopes for this movie but it was more like a science fiction then horror and something that should have been made for TV.,negative
"Terrible movie. Just terrible. The start of this movie is like something out of a bad women in prison movie. Then it moves on to being a B-movie version of Aliens. B-movie in this case meaning the addition of gratuitous sex-scenes and women in lingerie. Oh and a lot of the footage is the exact same as used in two other movies by the same company (including the women in prison schtick). The only thing saving this movie from a 1/10 is that I have actually seen worse movies. Not many, and not much, but worse.",negative
"I had high hopes for this one after reading earlier reviews but it was so slow and the plot so basic that well I wondered if I had read the wrong reviews. <br /><br />Please, a boy meets girl next door at 11 and both aspire to love and being basketball legends. Grow apart, but watch each others progress. Guess what! Both get scholarships to same university and become lovers again until his father is caught out playing around with a younger woman. Our young hero unable to cope has lapse in court concentration but some how decides to go pro and drop studies, and guess what is picked up by Lakers. Dumps the heroine because she was not there for him during this emotional period. So for 5 years they go their own way. She returns from Spain having lost the zest for the game and our hero is getting married in two weeks. Mom tells her that she should fight for her love so she professes her on-going love and challenges him to a basketball shootout. He wins he marries she wins he loves her. Well he won but decides to dump other girl for our girl. The End has her playing basketball and he has baby duties. Sorry 2 is my high score. My partner she scored 0 for a soapy story for those who read Mills and Boon",negative
"96 minutes of this is cruel..and I love the old Munster's. Yes, the plot is thing; yes the lines are trite; but whoever was at the helm of this was not a fan. There is so much 'intrigue' (and I use that word with great pause) that I wonder if it's an old Starsky & Hutch episode. I lost count of the number of times I noticed that makeup had missed a spot near the collar. Refusing to acknowledge that any time had passed since the mid-60's (ludicrous) the producers simply replace Marilyn & Eddie with younger actors. Why not let them grow and age? The addition of an Addam's Family style reunion does not add to the flavor of the Halloween Party.<br /><br />Grandpa & Herman fly to Transylvania and back in a few hours (preposterous.) Sid Ceaser is the most, yes the most unbelievable character (I am including the bad robots) since he babbles an unwild combination of gibberish & yiddish but claims to be an ancient Arabic ruler. And yes, it looks like the laugh track is missing. In fact, there are several spots where there is dead air, as if the laugh track was to be inserted later. The actors seem to wait on the faux audience. It's not laughable; it's sad. Oh, and the best part! Yvonne DeCarlo has a line that just goes to show you how out of touch the writers and producers were. Marilyn says something like: ""Where could Uncle Herman and Grandpa be? They could have been in an accident. They could have been hit by a car...or a train!"" Lily says responds with something like: ""You're Uncle Herman will be here if he has to drag himself off the train track."" What's amazing about this is: Yvonne DeCarlo's husband was a stuntman in the early 60's and lost a leg and was nearly killed in a train stunt. He never recovered and this financially devastated her family. (check out Biography's fantastic review of her life and career) This line could have been easily changed to be more sensitive to her.<br /><br />If you are a real fan of the Munster's then you'll have to RENT this mess. It illustrates how some things are better left alone. Even with the (nearly) original cast, this is almost as bad as the attempted remake of the show a few years ago.",negative
"Why is impossible to write in french ? Very Kitch! This journey in the center of the earth is despicable technical possibilities nevertheless current in 1976. These big ""Casimir"" of monsters is completely ridiculous! The film deserve however a ""remake"", as was ""KING KONG"" (the last one), with a little more supplied scenario. The professor has resemblances with the Professor Calculus and is rather funny. David (the character) is enough inconsistent but cross(spend) to the people from below a good message "" you unite and will overcome you! "" Altogether we would say a film made in the 40s. Now that I said everything (or almost) the evil of which i thought of it, we can say that if we have the brain get tired or anything has to see of the other one, then the thing(matter) is even rather entertaining. Hugh! Such is my opinion! (translating French to English with ""Reverso"" : sorry for possible mistakes !)",negative
"The name ""cult movie"" is often given to films which continue to be screened, or to sell in home movie format, more than a generation after they were first released. Superchick, which was first released in 1973, now comes into this category. Its cult status is largely due to ongoing interest in it by those women who regard it as an early and effective feminist film.<br /><br />Despite the ""Superwoman"" connotation, ""Superchick"" is not a cartoon character but a very competent young lady working as an air stewardess - a career option which in the 1970's was commonly regarded as one of the most glamorous open to any girl, and which also enables her to emulate the traditional matelot who reputedly has a wife in every port. Since she holds black belt status in karate, she is in a position to make it quite clear that she is very happy with her bachelor existence, and is in no way beholden to any of her extensive suite of male admirers. This film is a situation comedy which avoids the generally much shorter lived appeal of outright farce. Its appeal to feminists is also heightened by a climax in which our heroine uses her karate abilities to avert a hijacking and save all the other passengers on her plane from a potentially unpleasant fate. To ensure that this film will appeal to men as well as to their partners, the Director has wisely ensured that is liberally sprinkled with eye candy.<br /><br />Superchick can be enjoyed by those who are not too critical and want a very light easy to watch comedy which they will forget soon after viewing. It is so forgettable that they will probably find it equally enjoyable if watched again in a year's time; despite its age it may therefore retain its status as a cult movie for some time to come. However the dialogue and acting would make it hard to give this film a rating of more than 4/10.",negative
"I've seen some Bible-based trash. This one tops it all. To make matters worse, it lasts about three hours. A horrible waste of time, unless you want to match your kid's biblical knowledge against the innumerable aberrations. Do yourself a favor - take a walk in the Sahara instead. Since I am required to give you a ten line statement of why not to watch this movie, let me just say there is absolutely no redeemable quality to it. God's conversations with Noah are ridiculous. The whole thing has a stench of ""let's make the Biblical account look retarded."" The basic logic goes, if they spent the money on a biblical film, why not make it worthwhile? Since the basic logic is not met, something is amiss. The movie starts with a disclaimer about Poetic Licenses taken...that is the understatement of the century. Poetic rape. But then, poetic would be an unmerited favor.",negative
"This movie is horrible if you pay attention to it. It's a perfect movie if you just watch the colorful images dance across the screen - each one with no apparent connection to the next. I rented this movie because I'm a David Bowie fan, and I really appreciate musicals. In finality, Bowie was in the film for a total of ten minutes and the songs and dance sequences were sparse and left something to be desired. The moral of the story was really befuddling. I couldn't tell if it was about racial issues in London in the 1950s or about not selling out. For the first half of the movie I was chuckling at how cheesy it was but I liked the campiness of the ""no selling out"" message. When blacks started being murdered I thought my tape had gotten messed up. Maybe I rented half of two different movies? Nope, there was a ""Keep Britain White"" song and dance sequence. I'm sorry, but WWII is not something you can write a musical about. At least not a musical that could conceivably be described as ""campy"" as I have several times in this review. Overall I'd say this movie could do a whole lot better if it made up its mind and cast better actors. (And put David Bowie in it for longer goddammit!) My grade: C-",negative
"After a day at work, I sat down to relax and turned on the movie channels. The movie came up on the guide and sounded interesting so I tuned in just before it started. The first 30 minutes were enough to make me interested, but the lack of acting ability in Jamie Foxx and the slow plot movement made me want to get up and find food during the movie. If there is any credit to be given for acting in this movie it should go to David Morse who at least tries to make the movie interesting. All in all, don't plan on impressing your friends by picking this one as a renter for a movie night.",negative
"This film has been lauded to the point of the ridiculous. ""American Movie"" is a boring documentary about a boring person so ordinary you'll find equivalents on just about every corner in America. It takes a long, hard look at a guy who's failed at just about everything in the interest of making an independent movie..or two. Were his failures for other than his own selfish pursuits or were they in the name of real art, the movie might have had a chance. America has an abundance of better stories to be told. This one should be flushed and many critics have good reason to be ashamed. Two thumbs up indeed!",negative
"I always wrote this series off as being a complete stink-fest because Jim Belushi was involved in it, and heavily. But then one day a tragic happenstance occurred. After a White Sox game ended I realized that the remote was all the way on the other side of the room somehow. Now I could have just gotten up and walked across the room to get the remote, or even to the TV to turn the channel. But then why not just get up and walk across the country to watch TV in another state? ""Nuts to that"", I said. So I decided to just hang tight on the couch and take whatever Fate had in store for me. What Fate had in store was an episode of this show, an episode about which I remember very little except that I had once again made a very broad, general sweeping blanket judgment based on zero objective or experiential evidence with nothing whatsoever to back my opinions up with, and once again I was completely right! This show is a total crud-pie! Belushi has all the comedic delivery of a hairy lighthouse foghorn. The women are physically attractive but too Stepford-is to elicit any real feeling from the viewer. There is absolutely no reason to stop yourself from running down to the local TV station with a can of gasoline and a flamethrower and sending every copy of this mutt howling back to hell. <br /><br />Except.. <br /><br />Except for the wonderful comic sty lings of Larry Joe Campbell, America's Greatest Comic Character Actor. This guy plays Belushi's brother-in-law, Andy, and he is gold. How good is he really? Well, aside from being funny, his job is to make Belushi look good. That's like trying to make butt warts look good. But Campbell pulls it off with style. Someone should invent a Nobel Prize in Comic Buffoonery so he can win it every year. Without Larry Joe this show would consist of a slightly vacant looking Courtney Thorne-Smith smacking Belushi over the head with a frying pan while he alternately beats his chest and plays with the straw on the floor of his cage. 5 stars for Larry Joe Campbell designated Comedic Bacon because he improves the flavor of everything he's in!",negative
"Now, I love bad, old skifee movies as much as most people. And I understand that a budget is a budget. That said, Planet of the Dinosaurs is as bad as a bad movie can get. The thing has no actors, and only one attractive female whom they kill off two minutes after swimming ashore. There are literally no redeeming qualities to be found in this pile of wasted celluloid. The only thing not wasted was paper...the screenplay must have been no more than four pages long. Surely no one actually WROTE dialogue this pointless. I'm constantly amazed that such movies ever got made, much less released. I'm only glad I didn't pay to see this waste of time. It's 75 minutes of my life I'll never get back.",negative
"I've no idea what dimwit from San Francisco came up with this stupid plot, but apparently they need to get off whatever drugs they are taking and put their analyst on danger money -- NOW.<br /><br />Yeah, this is a plausible story, if you regard the alien abduction sequence in ""Life of Brian"" as plausible.<br /><br />This film is little more than a leftist pipedream. Had the US and USSR give up nuclear weapons, the result would've been to eliminate the only real obstacle that kept the two from engaging in a war. Bad as Korea, Vietnam and other wars of the era were, they were ""proxy wars"" fought to keep the superpowers from a direct engagement.<br /><br />This film makes me think about how realistic it was when some group of high school kids would go on a hunger strike against nuclear proliferation. As if someone would say ""Mr. President, some kids at Drastic High are not eating!"" and Ronald Reagan would reply ""My God! I'd better revise my Defense policy!"" Right.<br /><br />Like this film? Wouldn't it be better if the Soviet Union would've collapsed because they could not support their massive arms build... wait, that happened!",negative
"Spoilers ahead if you want to call them that...<br /><br />I would almost recommend this film just so people can truly see a 1/10. Where to begin, we'll start from the top...<br /><br />THE STORY: Don't believe the premise - the movie has nothing to do with abandoned cars, and people finially understanding what the mysterious happenings are. It's a draub, basic, go to cabin movie with no intensity or ""effort"".<br /><br />THE SCREENPLAY: I usually give credit to indie screenwriters, it's hard work when you are starting out...but this is crap. The story is flat - it leaves you emotionless the entire movie. The dialogue is extremely weak and predictable boasting lines of ""Woah, you totally freaked me out"" and ""I was wondering if you'd uh...if you'd like to..uh, would you come to the cabin with me?"". It makes me want to rip out all my hair, one strand at a time and feed it to myself.<br /><br />THE CHARACTERS: HOLY CRAP!!!! Some have described the characters as flat, I want to take it one step further and say that they actually have a reverse character arch.. They actually start working on a parallel universe and almost start acting backwards...<br /><br />THE ACTORS: Worse than the characters are the actors. They take already poor written characters and add in terrible high school drama acting. The ""Woah you totally freaked me out"" was said so monotone and slow - like it was dumbed down. I could complain for hours on the actors alone.<br /><br />TECHNICAL: LIGHTING: An eight year old would be disappointed with lighting on this movie. Too shadowy in areas, too bleached in others. The director shouldn't use light as an emotion until he learns how to light a basic scene properly. Baby Steps! SOUND: How many sound guys does it take to make a really shotty sounding movie? 9. With that many sound guys this should sound amazing but quite the opposite has occured. There is one scene in particular that really sticks out, these guys are driving in a car and the sound of the car changes with every camera angle....WEAK! CAMERA: Learn to use it.<br /><br />Anyway, I'm running out of complaining space.....rent it - I dare you...Rent it and learn from it...give it a 1 rating..it deserves it.<br /><br />Signing off... Amanda Christmas",negative
"This movie was on the pay channels today and I had nothing to do so I had it on. This has to be the worst football movie ever made. This has to be one of the worst movies period. The premium service on the cable system has a rating system, and they gave 2 stars out of 4. This movie isn't even a half a star. Bad acting, Scott Bakula sinks as usual, Larry Miller?? Sinbad, couldn't act if he tried. Rob Schneider's one liners completely stunk. Fred Thompson should be embarrassed that he was even in this movie. The only saving grace for this movie was the hope you would see Kathy Ireland nude in the shower, not even close. A complete waste of time and of film. If we could give a negative number, minus 9.",negative
"This film has got so much in it. Prehistoric society, adventure, romance, true brotherhood, violence, sex, religion; all depicted abundantly..without a single word uttered!!! And how come it sucks so bad? This film will make you rethink the origin of humanity. If this were the product of anthropology, you would rather defy Darwinian theory and Hegelian synthesis all together. You cannot bear to watch this even with your brain shut down. And now you are thinking, ""I've got to see this."" I warned you. I take no responsibility whatsoever should you regret spending over an hour staring at this piece of art. Well, I did warn you. This should be forgotten and buried for ever.",negative
"Telly Savalas put on a passable (but no better than that) performance as Pancho Villa, the notorious Mexican bandit/revolutionary in this account of Villa's raid on the town of Columbus, New Mexico in 1916. Villa is not really a historical figure who I'm overly familiar with, so I won't say much about the historical details of the film. As a movie, this isn't great, although it has a smattering here and there of both action and humour. Chuck Connors' performance as Colonel Wilcox, commander of the U.S. Army base near Columbus struck me as a bit over the top, and Clint Walker as Villa's Gringo sidekick Scotty didn't really do very much for me. The movie is obviously a pretty low budget effort of limited technical quality. For a movie with a runtime of only slightly over an hour and a half I have to say that this movie dragged in places, particularly in the last 20 minutes or so. Villa's raid into the United States was an interesting (if, in the overall scheme of things, not especially important) historical sidebar, and probably deserved better treatment than this. 4/10",negative
"Well. Where to begin. Let's just say this; avoid this movie at all<br /><br />costs. It's based on a cartoon series. The movie makes the cartoon look<br /><br />like Hamlet. Filled with emasculated actors who seem embarrassed to be<br /><br />here, lousy camera work, terrible music, and enough product placement to<br /><br />make you want to never visit Yahoo! again, this movie is really the<br /><br />bottom of the barrel. To quote the New Yorker, Matthew Broderick and<br /><br />Rupert Everett mug their way through this picture with the gay abandon<br /><br />of men who have spotted a rare species of paycheck in the distance.""<br /><br />They should pay us some of the millions they earned for watching it.<br /><br />Awful.",negative
"Yet again, I appear to be the only person on planet Earth who is capable of criticizing Japanese films made before 1970. ""Fires on the Plain"" (1959) is another in the seemingly endless line of ""classics"" that get all sorts of praise for no apparently good reason. As much as I love to overgeneralize and psychoanalyze all of these moviegoers who have such horrible taste in film, it's still nearly impossible to rationalize why anyone would ever think that poorly made fluff like this should be proclaimed as some sort of ""masterpiece."" What I find truly ironic is that fans of derivative ""classics"" like ""Fires on the Plain"" focus so much on ""inside the box"" movie-making (orthodox grading standards like scriptwriting, acting, camera-work, etc.) yet it always seems like the most highly revered ""classics"" are most deficient in these very standards. For example, one of the laziest copouts for a filmmaker involves forced verbal exposition where characters basically explain everything for the viewer even when the constructed scenario is totally artificial. Most surprisingly, the very first scene in ""Fires on the Plain"" uses this indolent tactic to the extreme.<br /><br />After a funny head slap, the following useless dialogue assaults the viewer, ""Why can't you grasp the situation? We landed to the west under heavy fire to reinforce units at Tacloban. We lost two-thirds of our men. Our artillery was sunk in transit. We tried to reach Burauen airfield by crossing the central mountains but without artillery it was impossible. The enemy's counterattack forced a fanout across the valley. You know that."" So why, exactly, is one character telling another character something he already knows? Oh yeah, that's right, the makers of this film are too lazy to think of more natural ways to communicate this information. You see, a quality film would actually show these events happening, or at worst it would involve dialogue involving one character who has no knowledge of those events. Heck, even an opening summary in paragraph form directed at the viewer would have been better than what transpired here.<br /><br />Such instances of poor quality movie-making are littered throughout ""Fires on the Plain"" to the point where this film feels like it was written by imbeciles for imbeciles. For example, the lead character stumbles upon some skeletons wrapped in Japanese garb. Instead of doing the natural thing like  oh I don't know  giving a depressed mannerism, the character blurts out ""Japanese soldiers."" Thanks buddy, but I could have figured that one out for myself.<br /><br />Even worse, this movie is saturated with over-dramatic ploys. The most ridiculous scene involves a pair of boots. Picture this. A soldier walks along and finds a pair of worn out boots. One would think that such a find is utterly useless, but it turns out that the soldier's boots are in even worse condition, so he picks up the worn boots and leaves his SUPER worn boots behind. Fine, I get the point. The soldiers are in rough shape  a fact that is already clearly emphasized with their worn boots to begin with. The scene is ridiculous, but I was ready to let it go, until the SECOND soldier arrives! You see, he finds the previous soldier's SUPER worn boots and notices  get ready, cause here it comes  that his boots are SUPER DUPER worn boots! Lucky man, he picks up the SUPER worn boots and leaves his SUPER DUPER worn boots behind. But you see, that's not all  because the THIRD soldier then arrives! He finds the previous soldiers SUPER DUPER worn boots and inspects them, along with his own SUPER DUPER worn boots. Since both pairs suck, he tosses them both aside and smiles as he continues barefoot. At this point I was ready to throw my television through my living room window. The heavy handedness, overdramaticism, and paramount absurdity of this sequence is beyond bad film-making. It's SUPER DUPER bad film-making.<br /><br />There are a number of similar, completely stupid moments to be had. Like the time when the lead character asks someone, ""Hey, are you dead?"" Like the guy is going to answer ""Yes"" if he actually kicked the bucket. I'll also be the first to condemn the subpar performance of the lead actor, who is the quintessential posterchild for artificial reaction. I laughed hard during that opening head slap where his head slingshot back in place with this stupid, goofy expression on his face.<br /><br />The fact that this trivial fluff piece gets an IMDb average rating of 8.4 while a certifiable masterpiece like ""A Tale of Two Sisters"" (2003) only gets a 7.5 is the height of mass stupidity. And to think that some people actually delude themselves into thinking that ""AToTS"" doesn't make sense. Well, not every movie can have completely outrageous SUPER DUPER worn boots on its side.",negative
"This, and Immoral Tales, both left a bad taste in my mouth. It seems to me that Borowczyk is disgusted by sex, and these two films are cautionary tales about what will happen if you do have sex. As a film, it's not very well done -- some of the acting is truly epically bad (such as the ""American"" woman with the French accent). The young woman's sudden flip-flop from being anxious about the marriage to being interested (when it seems like it should have been the other way around), and the aunt's sudden realization of the young man's secret don't make sense -- they're not explained at all. I also didn't like how the daughter's relationship with a black man was presented as a sign of her family's perversion or predilection for bestiality. The central idea, the idea that there's this ""sexy beast,"" if you will, that lives in the woods, could have been a foundation for a perverse but fun story, but instead is just used as a basis for a nasty, sex-negative, morality play.",negative
"Hello. this is my first review for any movie i have seen. i went through the trouble of doing this to tell everyone that this is quite literally, the most disgusting movie i have ever seen. I feel like the movie was porely made, which i will give some understanding due to budget constraints on making it. I felt like i was watching a very bad remake of the movie saw. Which i can agree, saw as well is also very graphic, but, i did like the movie saw.<br /><br />The scene where he takes the hammer to the head of the tied up victim in the chair is the most disturbing scene i have seen. the scene lasted almost forever, well actually, it was probably around 5 min but still. i want to note that i like some horror movies and i do give credit if they are good. this director uwe boll, and his group of people used to make this movie should think it over before making another one similar to this one. one final note haha!! FOR ALL THE PEOPLE WHO ENJOY WATCHING ANIMALS BEATIN TO DEATH, LETTING ROT, WITH WOMEN AND CHILDREN AS WELL AND A FIVE MINUTE SCENE OF SOMEONE GETTING THERE HEAD SMASHED IN WITH A HAMMER then you will enjoy this movie, if not, and you like horror, go with a higher budget film, like saw for example. I cant believe people actually make movies like this. anyway sorry to anyone who loves uwe boll and took it to heart, this is just my opinion on the movie.",negative
"I'm not surprised that so many people fell for this one. When I was watching this movie, a couple viewers next to me sobbed whenever you're ""supposed"" to sob -- or at least feel ""touched"". Like when Hunting said he didn't love the girl. Like when Robin Williams' character (sorry I forgot his role's name) was telling Hunting repeatedly ""It's not your fault"" (oh Lord, just thinking of that scene gives me the goosebumps). I couldn't have cared less for what would happen to the characters. Many people sob for Hollywood manufactured characters they can't even relate to (think Titanic; Yuck!)... but it really only made me cringe and want to get out of the theatre. I guess I simply refuse to be psychically and emotionally manipulated by all this.<br /><br />Folks it's not me who's being condescending ... those characters are, and for no good reason because they're unreal. Worse yet, nothing is new or surprising. Even Robin Williams' character is all cliched.<br /><br />I gave it 1 out of 10. It's probably not that bad; it's just quite mediocre... but so many people went to the other extreme and gave it a 10 so I figured a single balancing vote won't hurt.",negative
This film's a big bore. It has a plenty of Predictable plots & endless sentiments from the start. It starts good with a classy number but seems lost midway.<br /><br />Surya & Jyothika's on screen chemistry works out really good & a good part by Bhoomika. Why include Vadivelu in it? He disappears totally after a good half an hour!. Santhanam proves his wit again by timing comedy.<br /><br />AR's tunes sure will last for sometime. But he could have done better. What ever be the drawbacks still it's worth watching once if you feel alone at home or looking for a good time-pass.,negative
"The final film for Ernst Lubitsch, completed by Otto Preminger after Lubitsch's untimely death during production, is a juggling act of sophistication and silliness, romance and music, fantasy and costume dramatics. In a 19th century castle in Southeastern Europe, a Countess falls for her sworn enemy, the leader of the Hungarian revolt; she's aided by her ancestor, whose painted image magically comes to life. Betty Grable, in a long blonde wig adorned with flowers, has never been more beautiful, and her songs are very pleasant. Unfortunately, this script (by Samson Raphaelson, taken from an operetta by Rudolf Schanzer and E. Welisch) is awash with different ideas that fail to mesh--or entertain. The results are good-looking, but unabsorbing. *1/2 from ****",negative
"I rented this movie primarily because it had Meg Ryan in it, and I was disappointed to see that her role is really a mere supporting one. Not only is she not on screen much, but nothing her character does is essential to the plot. Her character could be written out of the story without changing it much.",negative
"....as to the level of wit on which this comedy operates. Barely even reaching feature length, ""Can I Do It....'Till I Need Glasses"" is a collection of (mostly) dirty jokes. Many of them are so short that you can't believe it when you realize that THAT was supposed to be the punchline (example: the Santa Claus gag); others are so long that you can't believe it when you realize that they needed so much time to set up THAT punchline (example: the students' awards gag). And nearly all are directed without any artistry. Don't get me wrong: about 1 every 10 jokes actually manages to be funny (the iron / phone one is probably my favorite). There is also some wonderful full-frontal nudity that proves, yet again, that the female body, especially in its natural form, is the best thing on this planet (there is some comedic male nudity as well). And I agree with others that the intentionally stupid title song is actually pretty damn catchy! But none of those reasons are enough to give this film anything more than * out of 4.",negative
"I wrote spoiler alert, but there's not really much that can be spoiled. It's like spoiling rotten meat. This movie is probably the worst I've ever seen. Not because of the actors or the special effects, but because of the sheer number of mistakes, both factual and physical. First of all, the MIGs aren't actually MIGs at all. They're Mirages, and they're French. And how the heck can Doug's dad withstand the maneuvers his son makes to fight off the ""MIGs"" without a g-suit? And why would Chappy try to board his plane without a g-suit? And how could Doug defeat the enemy pilot ace with such ease? Anyway, I did not like this movie. And the worst part is that it has 3 sequels, the latest one from as late as 1995. Now that's scary.",negative
"I saw this film opening weekend in Australia, anticipating with an excellent cast of Ledger, Edgerton, Bloom, Watts and Rush that the definitive story of Ned Kelly would unfold before me. Unfortunately, despite an outstanding performance by Heath Ledger in the lead role, the plot was paper thin....which doesn't inspire me to read ""Our Sunshine"". There were some other plus points, the support acting from Edgerton in particular, assured direction from Jordan (confirming his talent on show in Buffalo Soldiers as well), and production design that gave a real feel of harshness to the Australian bush, much as the Irish immigrants of the early 19th century must have seen it. But I can't help feeling that another opportunity has been missed to tell the real story of an Australian folk hero (or was he?)....in what I suspect is a concession to Hollywood and selling the picture in the US. Oh well, at least Jordan and the producers didn't agree to lose the beards just to please Universal...<br /><br />Guess I will just have to content myself with Peter Carey's excellent ""Secret History of the Kelly Gang"". 4/10",negative
"Jim Wynorski strikes again with the very literal minded KOMODO VS. COBRA. No guesswork here. A giant CGI komodo dragon -- it sort of looks like a dog minus fur -- takes on a humongous CGI king cobra, with a bunch of tree huggers and others caught in between. The tree huggers get charter boat captain Michael Pare (who else?) to take them to an off-limits federal island. An experiment by a mad scientist in growing very large veggies has become an experiment in growing very large critters, thank so to our nutty military. Now all that's left on the island are the very large critters and the mad scientist's tiny, shapely daughter. The group runs into her at the old plantation lab, the monsters arrive, and the chase is on. If you watch enough Wynorski/Sci-Fi Channel flicks, you'll recognize some of the sets and locations from many other movies. Acting is nonexistent, as is the plot. At the very least, you can enjoy watching the badly animated compo/dog stomp down on its intended victims just before scarfing them up. The cobra just strikes and swallows. No imagination at all.",negative
"Having seen the first ten episodes, I must say this show sucks. <br /><br />What bothers me the most, is that the show was shot in Canada. I know it's cheaper, but they should have shot it in California, so we could have had scenes in the desert. That would have been more true to the movie. The first scene where they are outside in another world is in the mountains, with lots of pinetrees where it looks cold. That does'nt feel very Egyptian. What worked so well in the movie was that it felt like you were in the ancient Egypt. Here it feels like they're running around fighting aliens in a Canadian forrest. And it's so lame that appaerantly, on other planets, the fall comes as well. You can see leaves on the ground in the forrests that all look like forrests outside Vancouver. It just makes the show even more unbelievable and dumb. <br /><br />And then there is Richard Dean Anderson. He is no Kurt Russel. Sure he does a decent job and he tries to copy Russels performance a little bit, but he is just not as cool as Russel. And not nearly as good an actor as Russel. And Russells way of playing O Neill, well he was much more cynical. Andersons O Neil, is way too soft. I liked it that Russels version just did'nt give a s*** and had no trouble detonating the bomb until the very end of the movie. <br /><br />Michael Shanks does a really good job as Jackson though taking over from James Spader.<br /><br />Teal'c is a really annoying character. He is Jaffa. Not a Jaffa. Just Jaffa. Aaaarrgh!! A former bodyguard of a pathetic Ra character, seen only in the pilot and in one other episode so far. Teal'c speaks talks and acts like a robot. I've seen better acting from Jean Claude Van Damme.<br /><br />And the fact that Teal'c and the Ra character and the people they saved in the movie, can speak English all of a sudden is also incredibly dumb. What made the aliens so scary in the movie was that they spoke an ancient language and were real monsters. <br /><br />As for the special effects, they are really good in the pilot. But the very rare effects in the actual show are badly done and looks cheap. Especially a planet they visit with crystals. It's so obvious they walk around on a soundstage with a badly made painting in the background. It's an insult to us viewers that they made it look so cheap. Especially when they could have made it in front of a bluescreen with cgi backgrounds. <br /><br />The X-files had better effects when they aired their first episodes in 1993. That was 4 years before SG-1 started. And they did'nt have the apparent two million dollar budget per episode, that SG-1 supposedly had. They must have spend all the money on catering. Because I don't see it on the screen. <br /><br />Incredibly boring and pointless show, that could have been great if they had shot the show in Hollywood with a bigger budget and better writers and better characters.",negative
"WARNING:I advise anyone who has not seen the film yet to not read this comment.<br /><br />If you plan on watching this movie DON'T! I warn you... this movie is TERRIBLY boring and basically horrifying, not in the Horror movie kind of way, to watch. I mistook this Piranha movie for another Piranha movie and when I had noticed I made a mistake I decided to watch this one anyway. I wish I wouldn't have. This movie is so horrendous and so intolerable in every piece of material that I couldn't bare to let anyone say this movie was halfway decent. For one thing, this movie should be called A Boring Talk About Wilderness instead of Piranha. They only show piranhas ONCE! At the same time, the way this film sounds so poorly heard, I got sleepy only 20 minutes into the thing. At the end my mouth was hung wide open and I stared gloomily at the blank TV screen. It is a VERY poorly directed and badly filmed piece of junk that I was afraid I brain dysfunction after watching it...",negative
"I sat through this movie this evening, forcing myself to stick with it even though I never cared about any of the characters or what happened to them, because the two leads, Gérard Philippe and Michèle Morgan, were major film stars of their era and I wanted to see them in ""something different,"" which this certainly was. They both gave fine performances, but of distasteful characters.<br /><br />Indeed, the whole movie is about a shabby little town in Mexico inhabited by almost uniformly distasteful characters (the doctor is, of course, the major exception). What Michèle Morgan ever sees in Philippe to fall in love with him is never explained.<br /><br />This is supposedly based on a work by Jean-Paul Sartre. All I could think was that, if Sartre's work is anything like this movie, it must be a very mediocre attempt at imitating Camus' masterful novel The Plague, which dealt with a plague in North Africa.<br /><br />A well-acted but uninteresting movie.",negative
"Well, I was excited at first to download an animated open source movie, only to be ruined by a demo reel. The animation is excellent, the lip syncing is awful, and you keep watching the movie hoping to understand what's going on, only to realize nothing is going on. You feel no emotion for the characters, only pity for the creators for wasting their time. I have seen short films with twice the emotion in half the time! This could of been an excellent short film, if they had just taken the time to hire a real director. I'm sure everyone over at Blender is excited to showcase their software and its rendering capabilities, but sorry guys-story telling is what makes a movie.",negative
"For three quarters of an hour, the story gradually develops towards a pivotal point of some sort. Although it is overburdened with scenes that just seem to be intended to dull the viewer and lure him away from the actual plot, there is something happening. It is not much and it certainly is not obvious. The combination of palace impressions and story-driving scenes do not add any depth or insight to the whole cast of characters. In fact, they keep them sterile as there is no character development at all. Everybody just remains spinning and centered around their own cliché and role - the cute, kinda headstrong girl; the fighting überwoman, the snobby aristocrat. The male lead does not seem to have any distinction at all, he is a shallow presence, which, actually, doesn't even matter as he is only there because the storyboard required him to - it seemed like he was on vacation and got caught up. When the point comes of turning the corner in terms of what happening, the movie first snaps completely blank for a couple of minutes and then becomes ridiculous. It solves - or better, dissolves - itself with a by-the-book Deus Ex Machina, more clichés and some of the most crude plot devices and choices I have ever seen. It's history, alright. First the movie's a drama though it's supposed to be comedic, and then it turns into a farce. The protagonists do what they are expected to do, and there are no surprises. The first set of somewhat serious antagonists however gets replaced by a couple that literally was just bored. Maybe that was some kind of nod towards the audience.<br /><br />This movie does not get any bonus from me for underlying philosophical meaning (since there is none) nor for its technical realization. The animation and editing is fair and so's the sound mixing; but it is by no means outstanding or even above the average Japanese productions of the late 1980's. In fact, the visual treats seem static, un-inspired and un-original.<br /><br />Worst of all - it totally fails to entertain, even if you don't bother with characters and all that stuff. There's too little going on here, and the rest is corny at best. Get a real Ghibli instead, have a feast with it and keep your fingers off this one.",negative
"I rented this movie for a few laughs. I had never seen the SNL skit, but with hits like Tommy Boy, and Waynes World, it couldn't have been that bad, could it? The answer: it was. This movie hardly was a means of relaxing after a hard day at work. I just kept waiting for a plotline and a funny part, but there wasn't any. The highlight was tiffany amber thieson, and thats just about it.",negative
"Oscar Wilde's comedy of manners, perhaps the wittiest play ever written, is all but wrecked at the hands of a second-rate cast. Sanders is, as one would expect, casually, indolently brilliant in the role of Lord Darlington, but the rest of the cast makes the entire procedure a waste of time. Jean Crain attempts a stage accent in alternate sentences and the other members of the cast seem to believe this is a melodrama and not a comedy; indeed, the entire production has bookends that reduce it to tragedy -- doubtless the Hays office insisted. Preminger's direction seems to lie mostly in making sure that there are plenty of servants about and even the music seems banal. Stick with the visually perfect silent farce as directed by Lubitsch or even the 2004 screen version with Helen Hunt as Mrs. Erlynne; or try reading the play for the pleasure of the words. But skip this version.",negative
"Pretty poor Firestarter clone that seems more like a bad TV movie than a bad feature film. How disappointing for this to come from Hooper and Dourif!<br /><br />Government contractors do a human experiment with a Hydrogen bomb. The boy born to the couple from the experiment constantly runs a fever of 100 degrees, and when he's an adult, people in his life start spontaneously combusting. He tries to find out why.<br /><br />The people completely on fire are well done, but when they get to the point that they are well done in another sense, they're obviously changed to dummies. When jets of fire shoot out of characters' arms, it looks silly rather than alarming the way it should. Also ridiculous is fire that evidently travels through phone lines and erupts in huge jets from the receiver's earpiece. How is that supposed to happen, exactly?<br /><br />Something else that struck me as silly about the movie is when a character has visions of his late parents. We later see the exact same shots from those visions in home movies.",negative
"In a word, this film was boring. It lacked life and spark. A big problem is with the two leads. Jude Law and Gwyneth Paltrow had no chemistry whatsoever. He was boring, and she was annoying. <br /><br />The visuals were interesting, but they didn't enhance the scenes. If anything, the visuals tended to detach the audience from what was happening on screen. None of the action sequences felt real, and hence, the film failed to create any real drama or a sense of danger.<br /><br />The film had potential, but it needed a better script, better acting, and a better director. I kept thinking during the film, you know, this movie would've worked if Harrison Ford was Sky Captain, Karen Allen was Polly, and Steven Spielberg was the director. <br /><br />Ignore the critical acclaims for this film. The critics I think are praising the film because they *want* to like it and want it to succeed even though it fails on so many different levels.",negative
"You'll notice that the chemist, who appears in two scenes and gets to speak, is played by Stephen King. ""Don't give up your day job"" is the standard thing to say, but that's not fair. King acquits himself reasonably well: he's no worse than any other member of the cast, and better than most. The story, on the other hand, is pure rubbish. Please, give up your day job.<br /><br />Never have I seen so many dreadful performances - of which the lead actor's (the LEAD ACTOR'S!) is probably the worst - gathered together in the one film. Everyone acts hammily, but not in any entertaining way; they all somehow manage to go over-the-top without expending, or manifesting, energy. I blame screenwriter/director Tom Holland. It can't be that ALL the actors are REALLY this bad. What are the odds against that? Admittedly, I've never heard of any of them before, but still, I don't think I could walk into a talent agency and walk out with this many bad performers if I tried: ONE actor, despite my best efforts, would turn out to have talent. So what's more likely - that Tom Holland rolled a dozen consecutive snake-eyes, or that he wrote a lousy script and then directed it poorly? That would also explain why actors are bad in direct proportion to their prominence in the script. The more direction an actor got, the worse he performed. (""You want me to bend over like a hunchback, talk from the back of my throat, show all my teeth, and look bored, all at the same time? Okay..."")<br /><br />This theory is confirmed by the fact that Holland undeniably managed to co-write a lousy script. Several writers here have commented on the fact that Billy Halleck is not a likeable character, but that's a misleading way of putting it. He's not a knowable character. All we find out about him before the supernatural stuff starts happening is that he's fat, and that all he can think about is food. (""All I can think about is food,"" he tells us, helpfully.) And in the end...<br /><br />(Sigh) I suppose I ought insert a spoiler warning here...<br /><br />In the end he becomes evil. Why? I can only shrug. Perhaps he's under some kind of enchantment. Yeah, that's probably it. By ""evil"" perhaps I mean ""inexplicable"" - it's not so much badness as a socially undesirable suspension of ordinary means-end psychology. Anyway, his actions at the end make no sense, nobody's actions make much sense, and this is despite the fact that the characters do little but explain their motivation for the benefit of the audience.<br /><br />By the way, here's my nominee for hammiest line/delivery: ""I don't think you'd like it. IN FACT..."" [big dramatic pause] ""...I don't think you'd like it at all.""",negative
"This movie is a rather odd mix of musical, romance, drama and crime with a sniff of film-noir to it. It's basically one messy heap of different genres, of which none really works out like it was supposed to.<br /><br />This movie is an attempt by Mickey Rooney to be taken more serious as an actor. He's a former child-star who always used to star in in happy comical- and musical productions at the start of his career. In this movie he picks a different approach (although the musical aspects are still present in the movie). But his role is actually quite laughable within the movie. I mean Mickey Rooney as a tough player? He's an extremely small boyish looking man. He actually was in his 30's already at the time of this movie but he seriously looks more like a 16 year old. Hearing him say babe to women and hearing talking tough to gangsters who are about 3 times bigger than he is just doesn't look and feel right. He simply isn't convincing in his role.<br /><br />Because the movie mixes so many different genres, the story also really feels as a messy one. Somewhere in it there is a crime plot and somewhere in it is a romantic plot-line and one about living your dream but none of it works out really due to the messy approach and handling of it all. It just isn't an interesting or compelling movie to watch. László Kardos is also a director who has done only 10 movies in his lifetime, despite the fact that his career span from 1935 till 1957. He must have been a struggling director who had a hard time getting work into the industry and instead once in a while was given a lesser script to work with. His movies are all unknown ones and normally also not of too high quality.<br /><br />Let's also not forget that this is a '50's movie but yet it more feels like a '40's one or perhaps even as one from the '30's. This is of course mostly due to the fact that this movie got shot in black & white. Generally speaking black & white movies from the '50's often have a cheap looking feeling over it and this movie forms no exception.<br /><br />It's a rather strange sight seeing Mickey Rooney and Louis Armstrong and his band as themselves performing together in a sequence. It wasn't the only movie Armstrong appeared in though and he would often pop up in these type of movies, often simply as himself. I guess jazz lovers can still somewhat enjoy watching this movie due to its music, since there is quite an amount of it present in this movie. The movie actually received an Oscar nomination for best original song.<br /><br />An awkward little movie and outing from Mickey Rooney.<br /><br />4/10",negative
"This low budget B horror's plot comes with all the amenities - mad scientist complete with sidekick, malicious corporate greed of pharmaceutical industry, eccentric and extreme genetic engineering, and information technology....can't leave that out.<br /><br />Start with strange sequence of hot looking nameless boaters that foolishly decide to take a dip in the waters near an uncharted island and end up chum for swarming hammerhead sharks.....<br /><br />Cut to weak back story implying the stock decline of a generic pharma corporation which motivates its wicked Shakespeare quoting CEO to entertain an un-solicited offer made by a former employee/scientist that was jilted out of his job as head of research and who also happens to be a nut...of course (total Herbert West wannabe). He is offering up a new stem cell technology that could make tons o' cash...or so it seems...This lures in several employees to his Moreau-ish island (must have been quite an impressive exit package from the company when he was let go for him to afford an island) to validate his scientific findings including the CEO and, co-incidentally, the ex-fiancé of the mad scientist's son now morphed sharkuman (how convenient)....<br /><br />The plan, sort of, is to rekindle lost love between the former nuptials while exacting revenge on the former colleagues for his termination. (Sheez, how can this guy be bitter? He has his own friggen' island after all...).<br /><br />Soon, everyone is on the run (from endless supply of security guards toting heavy weaponry, from mutant plants  can there be an uncharted island without man-eating plants?, from sharky son's appetite for carnage, from quack daddy's breeding plans, and from lack of a cell phone signal)...and they all must learn to work together to get off the island alive! <br /><br />Will anyone escape? Will a new species be created? Watch it and find out.<br /><br />There is some entertainment value in this movie, but don't expect much...for the true Combs fan, this is not to be missed. <br /><br />Don't say I didn't warn you.",negative
"This cheap, grainy-filmed Italian flick is about a couple of inheritors of a manor in the Italian countryside who head up to the house to stay, and then find themselves getting killed off by ghosts of people killed in that house.<br /><br />I wasn't impressed by this. It wasn't really that scary, mostly just the way a cheap Italian film should be. A girl, her two cousins, and one cousin's girlfriend, head to this huge house for some reason (I couldn't figure out why) and are staying there, cleaning up and checking out the place. Characters come in and out of the film, and it's quite boring at points, and the majority of deaths are quite rushed. The girlfriend is hit by a car when fleeing the house after having a dream of her death, and the scene is quite good, but then things get slow again, until a confusing end, when the male cousins are killed together in some weird way, and this weirdo guy (I couldn't figure out who he was during the movie, or maybe I just don't remember) goes after this one girl, attacking her, until finally this other girl kills him off. Hate to give away the ending, but oh well. The female cousin decides to stay at the house and watch over it, and they show scenes of her living there years later. The end. You really aren't missing anything, and anyway, you probably won't find this anywhere, so lucky you.",negative
"The acting is bad ham, ALL the jokes are superficial and the target audience is clearly very young children, assuming they have below average IQs. I realize that it was meant for kids, but so is Malcom in the Middle, yet they still throw in adult humor and situations.<br /><br />What should we expect from a show lead by Bob Saget, the only comedian in existence who is less funny than a ball hitting a man's groin, which is probably why he stopped hosting America's Funniest Home Videos.<br /><br />Parents, do not let your kids watch this show unless you want to save money on college. Expose your kids to stupidity and they will grow up dumberer.",negative
"Jerry spies Tom listening to a creepy story on the radio and seizes the opportunity to scare his nemesis.<br /><br />I didn't find this particular episode that funny: the humour seemed rather constrained and the whole set up was kinda lame (Jerry is essentially the 'bad guy' in this one, tormenting poor Tom for no particular reason).<br /><br />There is the occasional flash of inspiration (such as Tom's literal 'heart in mouth' experience, and the moment when his nines lives are sucked out of his body), but, on the whole, this effort lacks the frenetic pacing, excellent animation and sheer wit of most of T&J's other cartoons.",negative
"I gave this a four purely out of its historical context. It was considered lost for many years until it popped up out of the blue on Showtime in the early nineties.<br /><br />Moe is the straight man and Larry and Curly act as a duo. Spade Cooley has a couple of numbers. I guess it had something to do with working on a ranch. I'm not quite sure because the plot was so minimal nothing really sticks in my memory. I vaguely remember it being a western musical comedy. Even the Stooge's seem to be going through the motions. Overall there's nothing much really to recommend here.<br /><br />If you're not a Stooge fan then don't bother. If you are a Stooge fan, then stick with the shorts.",negative
"I starred as Eugene Morris Jerome in my high school adaptation of the play and this film definitely doesn't live up to the script or the imagination of Neil Simon. I know this play backwards and forwards and I can honestly tell you that the acting was off, The production was cheesy. The changes in the play's script were poorly done. If you want to really enjoy this play you should see the actual play, not a Hollywood movie adaptation. The Eugene character lacked soul and was overly sarcastic in all he said. The other characters were off key as well. A general disappointment, messy, disloyal to the play, amateurishly executed!",negative
"You do realize that you've been watching the EXACT SAME SHOW for eight years, right? I could understand the initial curiosity of seeing strangers co-exist on an Island, but you'd think that after watching unkempt, stink-ladened heroes run roughshod through the bush with an egg on a spoon for half a decade would be enough to get you to commit to something a little more original (and interesting).<br /><br />And I'm not even speaking of the shows validity which for the record I find questionable. It's just hard to suspend disbelief for ""Bushy Bill"" eating a rat when the entire crew of producers and camera people are housed in an air conditioned make-shift bio-dome sipping frosty mochcinno's with moxy.<br /><br />What's the appeal here? I don't care about these people or their meandering lives. I just don't get it. But if you DO find yourself being captivated by hairy, unwashed people, I suggest you turn off your TV and just take a trip to your local bus station where you can see people like this in their TRUE habitat. They call them HOMELESS PEOPLE, and free of charge, you can sit back and marvel in their uncanny ability to retrieve various cigarette debris from a plethora of garbage canisters, eventually striking ""pay-dirt"" and fashioning a homemade Dr. Frankenstein-styled cancer-stick, all the while begging people for change for food when the stink of ""Aqua Velva"" on their breath is enough to suggest otherwise. And the best part? Much like Survivor, every week one member of the tribe ""Leaves"" the ""Island"" when they are unceremoniously sent packing to the local Institution when the frightening unmedicated state of full-blown schizophrenia kicks into gear! Now THAT'S ENTERTAINMENT!",negative
"As someone who has read all of Baroness Orczy's books and seen most of the movies based on them, I must say that the 1980's version, with Anthony Andrews and Jane Seymour, was better than this. It was better written and stuck more to the spirit of the story than this one, which seemed to go out of its way to involve people getting shot. This new adaptation is less light-hearted, yet does not have as much depth, either. Although there is some good acting, the actors did not have much to work with. Nice costumes, though.",negative
"Killer Tomatoes movies have this special kind of humor - you either love it or hate it. I personally like it, but in this fourth movie the feeling is gone. The tomatoes aren't the same, jokes are lame, even the actors aren't as funny. Because that's the only thing this kind of movies are supposed to be - funny.<br /><br />So now following the plot made to laugh, is annoying. They really shouldn't have done the fourth part to the Killer Tomatoes trilogy.",negative
This movie is a disgrace. How can you take one of the greatest science fiction stories of all time and turn it into some kind of half-assed love story. The entire beginning of the movie was not in the H.G. Wells story and didn't need to be. Also the Eloi were done completely wrong. They did build houses or form any kind of real society. They didn't care about each other at all. That was an important part of the story. The way they had formed a world that was without hardship or complex emotions. They were barely even aware of the Morlocks. I don't know why this movie was made the way it was but some stories should be told as they are or left alone.,negative
"Perhaps it's just the format of this film, a documentary, but I believe that the movie would have been much better served by good actors and more solid dialogue. The fact that the actors are also the business owners is a double-edged sword. They know better than anyone else the emotions and complexities of the business they were in, but, since they are not professional actors, they do a very poor job of conveying those emotions and the documentary suffers. There were some truly memorable scenes in this movie and lots of good lines but they were delivered so poorly that they will fade away with time and the only memory I will have of this documentary is that it had some good scenes which I can't remember. <br /><br />Watch this if you want a first-hand account of the .com bust and see what happened to the 99% of people in the industry who didn't become instant millionares. However, be prepared for some nauseating camera work, poor acting, poor dialogue, and an overall bad movie that epitomizes the era of the Internet boom.",negative
"This was by far the worst movie I have ever seen! Me and my husband own over 600 DVDs, most of which are Sci-Fi and Horror B-Movies that aren't top quality, but still entertaining. Dracula 300 had absolutely no redeeming qualities at all! The writing was horrific, and the acting was even worse. It took us a 3 tries to get through the entire movie, because we could only tolerate it in 30 minute intervals. We thought surely it must get better...we were wrong. I would rather watch a corpse being embalmed than to have to sit through that again!!! When it ended me and my husband just looked at each other like ""Uh..is that it?"" The ending seemed like there was supposed to be more, but they ran over their apparent $500.00 budget and were like ""Oh, crap...we are broke..end it now...quick..roll credits!""",negative
"Hubert Selby Jr. gave us the book ""Requiem For A Dream"" and co-wrote the screenplay to Aronofsky's movie of it. That movie succeeded on every level by delivering an intimate, and unbiased portrait of the horrors of the characters lives and the vices that destroyed them. ""Last Exit To Brooklyn"" still has the vice and the multiple characters living sad lives, but it hardly does them the same justice Aronofsky did.<br /><br />The film seems laughably anti-gay at times. Especially when in the film homosexuality equals death. One gay character gets stoned, is launched skyward by a speeding car, and lands dead on the pavement. Another is crucified and still more are simply beat up. Another exaggerated piece of shock value, that might actually have been compelling if it were done well, are scenes of the union workers literally doing battle with the strike-breakers. Who'd have thought a drama about Brooklyners would feature action sequences and truck explosions?<br /><br />The director, Uli Edel has a skill level like that of a TV director, but he is far below the cut for real movies. The film is clunky that can't even seem to settle on a genre. Lake is given a useless role that any mannequin could have filled and Baldwin only seems to know how to look stupid in his equally meager part. And then comes Jennifer Jason Leigh as our lead, a loathsome hooker named Tralala (believe it or not, I'm not joking). Her performance is nothing great and the fate of her character is dirty to say the least. Poor use of color and composition make it look cheaper than it is, and also takes the ""real"" edge off the more provocative bits. A failure.",negative
"I had just finished reading the book, and was really looking forward to seeing this TV adaptation which was broadcast on the Hallmark Channel on Monday night (5/30/05). The key to the whole book was the manifesto which was stolen by the man with steel teeth, but I watched for an hour (out of 3 1/2) and I saw the man with the steel teeth but I never saw him steal a manifesto. I saw someone steal some virus but what did that have to do with the book? It's too bad because this film had great production values and a good cast, but isn't the idea of turning a book into a movie (TV or film) to get the people who read the book to be part of the audience. They only kept me for an hour. I thought the premise of the book was great and what did they do but throw out the whole premise. This book had a great McGuffin (to paraphrase Hitchcock) but they ignored it. And it said in the titles that Forsyth was involved in the production. They sure must have paid him a LOT of money.",negative
"i though this film was okay.i din't think it was great.it was a bit too slow for my taste.lots of drama,but not very much action until close to the end of the film.this movie was basically a dramatic film,with the payoff,if you can call it that,not until near the end.to me,the scenes of the dam bursting and the water flooding the town,were okay,but much too brief.the film itself is done okay,the acting is decent,but it just didn't do it for me,in the long run.think it had something to do with the fact that there was very little suspense or tension built through the whole movie.at least that's what i think.the other factor is that i had just recently watched '10.5' and its sequel '10.5:Apocalypse'.these are 2 big budget ""event movies,which,in my opinion, are a very hard act to follow,in terms of special effects and scenes of destruction.as a result,i have to rate Killer Flood:the Day the Damn Broke at 4/10",negative
"He who fights with monsters might take care lest he thereby become a monster. And if you gaze for long into an abyss, the abyss gazes also into you.<br /><br />Yes, this is from Nietzsche's Aphorism 146 from ""Beyond Good and Evil"". And that's what you find at the start of this movie.<br /><br />If you watch the whole movie, you will doubt if it was the message that the Ram Gopal Varma Production wanted to pass on. As the scenes crop up one by one, quite violent and at times puke-raking, the viewer is expected to forget the Nietzsche quote and think otherwise. That to deal with few people you need dedicated people like Sadhu Agashe who will have the licence to kill anyone, not just writing FIRs (something unworthy of the police to do, as we are made to believe).<br /><br />When TADA was repealed and the government wanted to pass newer and even more draconian laws, RGV's ""Satya"" did the required brain surgery without blood transfusion for the multiplex growing thinking urban crowd whose views matters in a democratic country like India. Within a year MCOCA was passed.<br /><br />When real life encounter specialist Daya Nayak 'became a monster on the path of fighting them' and was himself booked by MCOCA, ""Aab tak Chhappan"" was made to heed out ""false"" impression among the people about this. With it's ""you have to be a monster to save your nation"" approach.<br /><br />And people consumed it. No questions raised. Only praises and hopes that they get a Sadhu Agashe in their local police station who will solve all problems and hence let only milk and butter flow all over. Blood? You can ignore.<br /><br />Every time Israel attacks Palestine or Lebanon, we hear voices like ""India must also similarly attack Pakistan"". This movie is made for such psychopaths. If you don't give them this, they will probably die out of boredom and LSD and what not.<br /><br />Hence this game of the passion of hatred.",negative
"I don't'know... maybe it's because I'm Brazilian but all that stuff was too much. Too much love for the music, too much parties, too much contrast between the nice lives of the main characters (come on, it's not so sad) and the aspect of the city shown by the director. Everything looks too fake to me: the families, the relationships, the music, the ""happiness"". It simply sells a little taste of fake latinamerican culture. I must be honest: it did seduce me a little, but who would not be seduced by that fake lives made of nice music, sex and parties? I'm not that stupid: what kind of world is this one in which people do not suffer of diarrhea, profound sadness and STDs? I liked the scene with Caridad's mother phone call and the discussion about the contract with all the musicians and the Spanish people.",negative
"I give the show a six because of the fact that the show was in fact a platform for Damon Wayans as the Cosby Show was for Bill Cosby, it dealt with a lot of issues with humor and I felt that it in fact tailored to getting a laugh as opposed to letting the jokes come from the character. <br /><br />Michael Kyle An interesting patriarch and a wisecracking person. He is PHENOMENAL in movies, but in the show he was there for the wisecrack and though I loved it, I felt that the laugh was more important than plausibility.<br /><br />Jay Kyle I have loved her since House Party and have enjoyed her in School Daze and Martin, this was a great role for her and she made a great choice in picking this sitcom to co-star in. I also feel that Jay and Michael were more like equals in the show but Jay was more the woman who fed her crazy husbands the lines and went along with his way of unorthodox discipline because she may have felt that it worked<br /><br />Jr Just plain stupid, his character should have been well developed and even though he does have his moments of greatness, we are returned to the stupidity as if he learned nothing, which drives me nuts!!!!!!!! Not to mention that most of the situations (in episodes I've seen) seems to center around him<br /><br />Clair The attractive sister who dated a Christian, I found her boyfriend's character to be more interesting than she was (she'd be better off sticking to movies, the writers should have done more to show her intelligence but it's not stereotypical enough)<br /><br />Kady Lovable and the youngest daughter. I think the writers established her character most on the show aside from the parents and Franklin<br /><br />Franklin I LOVE this character and I think they derived it from Smart Guy (T.J. Mowry) which only lasted one season. They did a great job of casting for this little genius (the effort would have been made if Jr would have been the smart one but show the down sides also)<br /><br />All in all, this sitcom is a wonderful thing and it's homage to the Cosby Show is well done, I love the show and wished it would have stayed on longer than that. I can't wait to see the series finale",negative
"I will probably always go to see a Woody Alleb movie, as one never knows when he just might make a real return to his past greatness. Just one or two great moments or lines could make it worthwhile. sadly however this film just does'nt make it on any score. Saying thar actually makes me sad and even a little guilty. I'm sure my reaction is much like a lot of other fans of Woody, but what can one say? It's probably time for him to concentrate on his Clarinett, which in my opinion, he is rather quite good. Saying all of this, I'll still probably go to any new film Woody may come out with in the future. There's always hope and I'll continue to love and respect The WOODY!!",negative
"I won't say the show is all bad, because there are some funny parts, like Spencer, and a few random incidents. But other than that, let's face it, it's just another dry sitcom that kids are buying into.<br /><br />Miranda Cosgrove was cute and funny as Megan on Drake and Josh. Honestly, she is mediocre in ICarly and is just not as funny as she tries to be. The actress who plays Sam seems to be half-asleep most of the time, and her antics are so clichéd that I would think of them. They're not funny, just annoying. And Freddie is okay, but not that interesting.<br /><br />Of course, the situations are unrealistic, but it's not all bad. Some are bothersome, though. Here are a few: <br /><br />1. The girls are 14, and have a web show that gives away too much personal information, with a weekly audience of 27,000(WTF), with little to no advertising, and they can still go on about their lives not being attacked by crazy people <br /><br />2.Their web show gets too much praise ($100,000 yearly to advertise sneakers, a free trip to Japan, Plain White Ts performance, and so on). Honestly, anyone over the age of 6 would not find their ""comedy"" entertaining.<br /><br />3. How is it that they are so ""average"", yet they own a three story loft, Spencer does hardly anything and can still afford many basic luxuries, and they have all the equipment for a web show? 4. All of the adults are idiots. ALL OF THEM.<br /><br />5. No 5 foot high girl, no matter how obnoxious and tenacious, can take down trained cops, unless she's muscular. Sam is skinny and petite.<br /><br />6. No one can fall down 9 stories in an elevator and live.<br /><br />7. Kids can handle finding out about criminals better than cops.<br /><br />The show is stupid. Really, it seems harmless, but making kids think that they can be obnoxious to their elders, live alone in Seattle when they're only 14 with an irresponsible moron, and give out personal information is just wrong.<br /><br />I'm disappointed to say that my cousin, who is 3, enjoys the show. What happened to the cartoons when I was her age?",negative
"Okay, here is a really short review: this movie blowed. I wish I could just have a review that stated this simple principle, but I must bore you with more bad review type words like 'horrible' 'clichéd' and 'unwatchable.' It's the type of film you watch when you are drunk or are stuck on a desert island with nothing else to do. Here's the premise: the vice president is captured by a terrorist group at a play-off hockey game and only Van Damm can stop the madness. Truly, truly terrible, but then again, I didn't pay to see it the first time around and only my dad felt the absence of girth in his wallet after this movie. I hate the fact he is a Republican and all, but then again, he did spare me the horror of paying for this piece of garbage. Okay, that is now enough space to be recognized as a review, so I bid adieu.",negative
"Lucio Fulci was famous for his Italian splatter movies, mostly his undead films like Zombie or The Beyond. Here he directed a black comedy of sorts, but there's just one problem: its nauseating. I say this knowing that I like City of the Walking Dead (which is also gross but not like this). A compulsive gambler gets money for his habit by romancing ugly and deformed rich women then murdering them and stealing their cash. The film makes this plan look that easy. I guess the women were too ugly to go to a bank, so they always had their cash on person. After the upteenth murder I began to suspect what I've always heard about Fulci: he hated women. He must have. At any rate this film stinks, its not funny, and Fulci should have stayed with giallo and supernatural zombie movies. Avoid this film at all costs.",negative
"This show proved to be a waste of 30 minutes of precious DVR hard drive space. I didn't expect much and I actually received less. Not only do I expect this show to be canceled by the second episode, I cannot believe that Geico will ever attempt to use the cavemen ad campaign EVER again. I would have preferred spending a night checking my daughter's hair for head lice than watching this piece of refuse. I wonder what ABC passed on to make this show fit into the '07 fall schedual, perhaps a hospital/crime/mocumentary reality show featuring the AFLAC duck? In the event that I failed to express my opinion about this show let me be clear and say that it is not too good.",negative
"I watched this movie and the original Carlitos Way back to back. The difference between the two is disgusting. Now i know that people are going to say that the prequel was made on a small budget but that never had anything to do with a bad script. Now maybe it's just me, but i always thought that a prequel was made to go set up the other movie, starring key characters and maybe filling in a bit about life that we didn't know. Rise to Power is just a movie that has Carlito's name. There should have been at least a few characters from the original movie, the ending makes no sense in relation to the original. In the end of this movie he retires with his sweet heart but how the hell do we get him coming out of prison in the next movie? And his woman isn't even the same woman that he talks about as his only love in the original. I would say the movie is mildly entertaining in its self, with a few decent bits but it pales when held up to it's big brother. Don't lay awake at night waiting to see this, watch the original one more time if you really need a hit.",negative
"I couldn't stand to watch very much of this crap. This is your standard junk that certain annoying women love- old English era drama with lots of costumes and cliché characters that seem to be plucked from either directly from oliver twist or some other dickens novel. This uses the usual clichés from the Victorian era. Certain idiotic people really think that the whole emotional torture of that culture being so bloody repressed is somehow fascinating and romantic. This is sap, pure and utter junk and boring as watching grass grow. As such it is perfect for women who crave some sort of English countryside snoozer romantic drama in a Victorian setting but for this man this movie is nothing but torture and cruel and unusual punishment to watch a bunch of drab boring scenes with unoriginal characters speaking in that wretched forced and fake English accent.",negative
"This early Pia Zadora vehicle followed a familiar Harold Robbins formula: ambitious main character wallows in decadence while pursuing the path to the top of some randomly chosen but glamorous world, in this case the movie industry. But despite being so formulaic as to be completely predictable, this movie manages at the same time to be completely unbelievable. Zadora (to call her inexperienced as an actress is to be charitable) never convinces as a screenwriter. One would expect a movie about movie-making to have some insights into its own industry and creative process. But the script gives her none of the qualities which make writers interesting movie characters: observance, skill with words, a love-hate relationship with one's own creative abilities. Her character is as empty as a donut hole. And this is just a taste of the incompetence on display here. The cinematography is so murky that it is sometimes hard to see what is happening. And the scenes never really hang together, so everything seems like a succession of random moments at bad Hollywood parties. Avoid.",negative
"I have been watching horror movies since I was 5 years old, beginning with Childs Play.Since then, I have seen good horror movies and bad, but this is without question, the DUMBEST movie I have ever seen! The actors did all they could with the material. The plot was just idiotic. Plus , it was just all gore. I can stomach a lot of blood, but that was just ridiculous! In one of the scenes, a character gets stabbed in the rear end and choked with his intestines! Plain Stupid! Another problem with this movie is that its boring and probably the slowest movie ever made. The end of it is just dumb. But then again, it goes with the rest of it! At the end, when the girl gets away from the cannibal/ancestor, she receives help from a old lady. The old lady is making tea, but when she turns around to talk to the girl, the girl attacks her! She turned into a cannibal! Retarded movie.",negative
"Yikes. This is pretty bad. The play isn't great to begin with, and the decision to transfer it to film does it no favours - especially as Peploe doesn't decide how she wants to treat the material's theatrical origins (we get occasional glances of an observing theatre audience etc.) and has decided to go with a jumpy editing style that is intended to keep reminding you that you're watching a film, whereas in fact it only serves to remind you that you are watching a very poor film by a director who is overwhelmed by her material. Mira Sorvino's central performance is breath-takingly poor: stage-y and plummy, it's as if she's playing the part via Helena Bonham-Carter's Merchant Ivory oeuvre. Only Fiona Shaw delivers a performance of note - and it may be that her theatrical pedigree means that she is best able to handle the material - but it's hard to watch a film for one performance alone, even if that performance is as light, truthful and entire as Shaw's. Ben Kingsley turns in an average and disengaged turn, and Diana Rigg's daughter, Rachel Stirling plays her supporting role as just that. Sadly, none of Bertolucci's magic has rubbed off on his wife if this film is to be the evidence.",negative
"What a stupid idea. Ewoks should be enslaved and tortured. Utterly useless as a species... Fine you want ten lines of text regarding my unending hatred of Ewoks? Fine, here it is, fool. First of all, they are an inferior race that would be slaughtered en mass had Lucas not pussified the entire series with their foul presence. They're little bears with large asses, and they probably smell like donkey crotch. Yeah, I said it, donkey crotch. They have little to no technology whatsoever, resorting to using sticks as makeshift weapons. I'm surprised they even had access to fire. Their guttural language makes my skin crawl. Can't...suppress...anti-Ewok...RAGE! AHHH!!!",negative
"****Contains Spoilers****<br /><br />As a fan of Rachael Leigh Cook, I watched for this show to finally come on so that I could see it. I taped it so I could watch it several times, and there is something about this show that really bothers me!<br /><br />I recognize that this was a made-for-TV movie. Not only that, but it was made for Lifetime, which is a channel that I despise. Because it was made for TV, I can ignore the huge plot holes. I can ignore the massive lack of character development in Ally Sheedy's character. I can overlook the fact that George C. Scott and Rachael Leigh Cook, both of whom are very talented actors, were definately not reaching the best of their abilities. I can look past the fact that Don Diamont's character was so cliche'd, that you knew when you saw him he was the villain. I can even pass over the obvious mistake in the timeline (She's raped during her winter break, and then over a year later she has the baby from it.)<br /><br />The major thing that I can't get over is this: There are two trials for the custody of the child. In the first trial, custody is awarded to the child's father because he is ""better educated, has a degree from a community college, and has a full time job."" In the second trial the judgement is reversed because the Judge feels that there is lack of evidence that Emma (RLC's character)is an unfit mother, and custody shouldn't be taken from the primary caretaker and given to someone with no previous interaction with the child.<br /><br />The problem is this: Nowhere during the course of these trials is the fact that a thirtysomthing year old man raped a 15 year old girl and got her pregnant taken into consideration! Whether it was a rape or not, he had sex with a minor! Wouldn't that be taken into consideration when the judge is choosing him for custody because he's a ""mature adult?"" Mature adults don't have sex with minors! <br /><br />It's not the worst cable movie that you would ever see, but it's not a great show either. ** out of ****",negative
"They said it would be a film greater than Turks Fruit. How dare<br /><br />they? It's not even 10% of this classic. Bad acting. The only character i felt sympathy for was the one<br /><br />played by Angela Schijf. Her acting was the best in the whole film. The story could've been interesting, but it wasn't. Some scenes were very beautiful filmed (lights and camera), (the<br /><br />opening scene for example), but the bad acting made the magic<br /><br />disappear.<br /><br />I really don't understand why so many people voted this film so<br /><br />good.",negative
"It's here. finally a movie comes out that I can honestly say is worse than Larry the cable guy: health inspector. Yet I'm willing to bet the the wayan's brothers(hilarious) will make more money than I ever make in my whole life on what is sure to be one of the top five worst films of all time, outside of my fifth grade outside the class re-enactment of romeo and Juliet. I mean really WHY would anyone ever ever see this movie unless they were paid to. The comedy is weak and all even remotely funny jokes from the flimsy plot were surely revealed in commercials. Final word is this movie was a terrible letdown for me. And the commercials looked so promising...",negative
"Another stinker from the PM Entertainment group, and thankfully one of their last.<br /><br />'Firetrap' is effectively a very low budgeted remake of 'The Towering Inferno' I don't mind Low budget B Movies as long as some effort is put into them - there is no effort whatsoever in 'Firetrap' is stars Dean'Superman'Cain, who is an absolutely terrible actor, seriously he has all the acting abilities of a porn star, but he turns out to be the best actor here and that's saying something, the rest are just a bunch of no hopers given the boot from various daytime soaps. The special FX are just rubbish, shots showing the burning building from the ground are among the worst I've ever seen, the fire looks like someone scribbled an orange pen at the front of the camera. on top of that there is not one character you actually root for - you hate everyone and hope they all die well before the 90 minutes are up.<br /><br />The script is embarrassing - The red herring's are signposted well in advance, someone else has mentioned this but 'The scene where the janitor fights off a blazing fire engulfing the building with his broom....hilarious, or same janitor going into a room marked 'Hazardous Material', Were these scenes supposed to be tongue-in-cheek? somehow I doubt it<br /><br />The one good point and only one good point was there was a fair bit of action in amongst the daytime soap dramatics which kept my attention, but so little care was given to everything in the film, I can't recommend it - Watch 'The Towering Inferno' instead<br /><br />3/10",negative
"I couldn't wait for the end. This is absolutely the worst film I have ever seen. If you thought that just about anyone could make a watchable movie, these folks prove that there is a minimum skill set required. This is a film with no redeeming features whatsoever. It scores a zero in every department. This is more than just 'amateur' as the audience is given no consideration or regard at all. There is no serious attempt to act or entertain. The storyline is aimless, pointless and senseless. The cast look very uncomfortable and completely lack direction. The technical aspects of the film are poor.<br /><br />As a DVD it makes a good drinks coaster.",negative
"It seems the makers of this film had trouble deciding what their message really was. Consequently, they had even more trouble delivering it. They began by poorly describing principles of quantum physics which relate to sub-atomic particles. Having established a fuzzy picture of Heisenberg's Uncertainty Principle, they presented a barrage of talking heads who built a case of ridiculous logic intimating that every living person is an entity which follows the same quantum rules on a cosmic scale. Then there was a lot of talk about ideas upon which Stephen Covey and Tony Robbins have made their careers: positive thinking, interrupting bad patterns, always look on the bright side, etc. Next came a bit about how our brains can change our bodies through production of proteins: hormones which we more or less choose to create. If you are sad, you will create sad proteins. If you are happy, you will create happy proteins. It's just so simple, isn't it? Interwoven with our lessons we follow the fictitious life of Amanda, a photographer who pops anti-depressants and hates her thighs. The film makers slowly but surely were trying to get us all to say, ""Hey, Amanda, just cheer up!"" Why can't she cheer up? Obviously it's because the world is a BAD place where there is crime and poverty and religion, that's why. The conclusion of the film (which is basically the entire second half) brought on a barrage of contradiction. We are all a part of a whole energy where we are not beings, but a collective consciousness, but we are individuals who can change the world, but there are many of each of us because of all the different dimensions, but we can choose who we are, and we have a purpose to do good, but there is no god because there is nothing better than us, so there is no such thing as right and wrong, so there is no such thing as reward or punishment, so nothing good ever came out of religion, but we should still do good anyway, even though there is no such thing as bad and good because there is nobody to decide what that is, except for the fact that we each can make life good if we all meditate, and then crime will cease, and if we say nice things, our water will freeze into pretty shapes. Still with me? Good because there is more. According to Robert L. Park in his book ""Voodoo Science"", the whole meditation experiment put on by John Hagelin in Washington, D.C. was a farce, the numbers were doctored, and the murder rate was higher that year that any year before or since. And what about your positive attitude keeping you young and healthy? This was a message delivered by an older man who looked his age and a woman who was overweight.<br /><br />So does all this work or not? I was lucky enough to see the film at a theater where Betsy Chasse, one of the film's three directors (yes, three) fielded questions following the show. I call myself lucky because I had first-hand confirmation that these people don't know what they are talking about. Several of the questions asked by audience members had her so stumped that her husband, a chiropractor, had to step in and recite the answer. I finally had to leave when the discussion inevitably turned political, and everyone, including Ms. Chasse, began speculating as to how wonderful the world would be if only President Bush could see this movie.",negative
"If I only had one camera that was accidentally glued to the floor, enough film for only one take of each shot, and then lost all that film and had to scrounge up some bucks to buy a few digital video tapes, and was forced to make an over-2-hour movie about the French Revolution, and also didn't have any sets and had to have my 4-year-old autistic son paint the backgrounds, and also the only actors I could find were the people who didn't make the auditions of that year's soap opera, and I was also forced to not use any music in the entire film, and also the zoom function on the camera didn't work except for one time when it accidentally started zooming in and couldn't stop, oh and if I hated my audience, then I might make something kind of like this awful, yet mistakenly hilarious, Hell-worthy waste of time. The almost grand looking but completely fake looking backdrops reminded me of some of George Lucas' latest creations, which made it so much more disappointing because through the whole movie, there was that little glimmer of hope in the back of my mind that the film would climax in a lightsaber duel/space laser battle. I don't mean to spoil the movie for those who haven't seen it, but that's not how it ends. The only thing I can think of that wasted more time than watching this movie was writing this review. Peace.",negative
"Ostensibly this is a Z-grade DTV horror film.<br /><br />But with lines like :<br /><br />""It's easy to die, I have, many times""<br /><br />and<br /><br />""Why are you reading that book ?"" ""Because it makes the plot more interesting""<br /><br />and<br /><br />""You made your way in here, now you can make your way out again !"" (after he leads a man into the basement)<br /><br />(and take a listen to what they chant)<br /><br />- it's not that clear what this film, made in the era known for post-structuralism, is actually about, or whether its just bad film-making. The acting is atrocious, but some actors I know, so are they hamming it up ?<br /><br />An old house, cut obviously with a contemporary dwelling, is the site of murders. A (bad) film is made in the grounds and the story replays again.",negative
"great mystery, but the film goes down hill from there. The beginning is promising with a car wreck and a woman and her daughter being burned alive in front of a police officer, Edward. He is traumatized over this and is seen popping pills. A mysterious letter turns up from an old girlfriend asking for help in finding her missing daughter. So Ed travels to an island commune of mainly woman. They don't like outsiders. A lot of filler is with Ed shown looking around town for the girl. That made the movie too long. It finally gets a little better toward the end when we learn of the crazy rituals the woman perform and finally of the sinister plan in store for Edward.<br /><br />Overall, not a well written story and too long. <br /><br />FINAL VERDICT: I would skip this.",negative
"Yet another example of the complete waste of UK Lottery money. Just how commercial did this film prove. The Film Council ,who funded this miserable garbage should be stranded, on one of the London Undergrounds disused stations, for allowing this clichéd, dismal specimen to be committed to film, a half mutant thing made up of all the horror movies the director has seen and felt fit to imitate, most notably Deathline. Amongst its many sins is the quite obvious failure to make the lead character remotely sympathetic until the last minute. It's a little bit too late then! Surely all those development executives, at the UK Film Council, could have noticed this at the script stage. Add to this the terrible acting and the laughable appearance of the creature and you get a prime example of how not to scare.",negative
"There was a genie played by Shaq His name was Kazaam, and he was whack His rhymes were corny, this lines were bad some stupid kid cryin over his stupid dad bad actin, bad casting, bad special effects whats next? this movie sucks Prolly didn't make 20 bucks he lives in a boombox not a lamp hurts like a cramp like a wet food stamp...<br /><br />Yeah, you get it, a stupid rhyming genie who can't act, in a stupid movie with horrible special effects. Oh, and its confusing as hell. I'm not even gonna go on. Let's just say, it belongs in the ""its so bad, its funny"" category. Watch it once with your buddies and get a good laugh. But don't expect anything spectacular.",negative
"Why?!! This was an insipid, uninspired and embarrassing film. The embarrassment comes from being from the city where they made it...Pittsburgh PA! Why did they let these people do such a BAAAAAD movie there?<br /><br />When this movie was originally to be released...it was more of a romantic comedy...and no ROBO-anything. That all got changed along with cuteness courtesy of Disney. WHY???? They did a terrible interpretation of this classic comic character. Seeing Matthew Broderick make fun of his own movies was not fun either. Sheesh!!",negative
"Okay, it's a movie for children, and it's not one of those movies that adults will enjoy as well. However, there are some unintentionally funny moments, most of them involving holes in the story. For example, the kid needs a computer part to bring his dad back to normal, and he doesn't have the money. So, does he ask his father for the dough? Nope, he STEALS IT and gets caught. Kids, if I'm ever turned invisible, I'll advance your allowance, ok? Also, while this kid is at the police station (no doubt about to be charged with criminally lame acting), his beautiful blond teacher comes in, announces who she is and where she works, then BUSTS THE CHILD OUT OF THE SLAM IN FRONT OF THE COPS! To make matters worse, instead of making a quick getaway, they then SIT IN THE PARKING LOT OF THE POLICE STATION AND LAUGH ABOUT THEIR ACHIEVEMENT. You know, I hate to pick, but the kid DID steal something and ought to face the consequences, but maybe being in this movie is punishment enough. Y'all avoid it!",negative
"Must have to agree with the other reviewer. This has got to be the WORST movie, let alone western I have ever seen. Terrible acting, dialogue that was unimaginative and pathetic (let alone completely inappropriate for supposedly being in the 1800s), and oh, did I mention a battery pack prominently displayed on the back of one of the characters? I was waiting for the boom mike to fall in the middle of a scene. And the ending? The least I can say is that it was consistent with the rest of the movie...completely awful. And yes, it did contain every cliché in the book from the slow walk down the empty dusty road to the laughable ""let's remember when"" shots when a main character dies. Luckily I saw this on free TV. Don't waste your time.",negative
"Writer & director Robert Downey, Sr., a pioneer of the underground film movement in the 1960s, satirized the New York Madison Avenue advertising world with his avant-garde comedy ""Putney Swope."" Downey doesn't confine his ridicule to advertising, but tackles black militant culture, the dynamics in Hollywood's portrayal of race, the elite white power structure, and character of corruption in any power struggle. As audacious and ambitious as ""Putney Swope"" strives to be, it qualifies as a terrible film, amateurishly made on a shoe-string budget with a no-name cast and humor that lacks hilarity. Everything about this movie reeks with improvisation. ""Putney Swope"" stirred up controversy during its initial release with its politically incorrect handling of race issues and consumer culture. Like most Marx Brothers movies, the plot is thin, providing an excuse for Downey's anecdotal gags, most of which are terrible.<br /><br />The chairman of a prestigious Madison Avenue ad agency dies during a board meeting. Before the body has been removed, the board holds a secret ballot vote to determine who will replace him. Each member understands that they are forbidden to vote for himself. Sheer accident occurs when everyone votes for the token black member, Putney Swope (Arnold Johnson), since none thought anybody would cast a ballot for him. Swope pink slips all but one of the white executives, surrounds himself with black, pistol packing employees, and renames the firm ""Truth and Soul Advertising."" Swope decides to alter the face of American advertising. He refuses to accept clients whose products are alcohol, tobacco, or war toys. Swope's clients stage an exodus after he becomes the CEO, and grandstanding attracts a new line-up of clients that show up at his office lugging bags of money and prepared to suffer abuse from Swope's militant employees. Swope exploits his African-American staff, too, ruthlessly appropriating their ideas after he fires them and conjures up a number of offensive advertising campaigns, all of which are hailed as a 'new wave' of marketing genius. Incredibly, Swope's conservatism proves successful but the agency becomes the target of government operatives who argue Swope's advertising tactics constitute ""a threat to the national security."" The high point of this black & white, 85-minute comedy are the television commercials shot in color. Unfortunately, Downey doesn't know when to cut off these ads that consistently start out cleverly but wear out their welcome. The funniest part of ""Putney Swope"" involves our eponymous protagonist's dealings with U.S. President Mimeo in Washington D.C. (Pepi Hermine), a marihuana-toking midget with a Kissinger-like Teutonic adviser (Larry Wolf) spouting tasteless jokes while trying to convince Swope to come up with an advertising campaign for his new car, the Borman 6.",negative
"Going into this movie you know that this is movie has six lab technicians in a sealed lab with an invisible maniac. So right away you're guessing who will live and who will die. The survivors end up being exactly who you'd expect them to be, so no points for plot twists there.<br /><br />And if you're not sure if this is a B-movie or a movie that just happens to take place in a lab with an engaging story, William Devane plays a part: instant B-movie status.<br /><br />The movie is promising in the beginning. At the lab we are introduced to the invisible gorilla who is becoming increasingly violent. Oooh, foreboding. The best scene in the whole movie is when the lab team makes the gorilla visible again. Great special effects. Same thing when they make Bacon invisible.<br /><br />There are a couple of bare breasts, a really lame dirty joke and enough out of place swearing to give this movie an R-rating that it really didn't need.<br /><br />For a thriller there weren't really any surprises, except when Shue makes like MacGyver in the freezer, which is more of a 'Whaaaa?' OK, there is one surprise. That's when Caine (Bacon) comes back one last time in the elevator shaft. It was a surprise but only because you're yelling at TV, 'Noooo! You're dead already! End the movie!' Speaking of yelling at the TV,that's all I did for the last 25 minutes or so. 'Put on your f#@%ing goggles!' Instead of putting their infrared goggles on so that they can see him, they try every other trick in the book (fire extinguishers, sprinkler systems...).<br /><br />The story really lost it at the end. But the special effects were good; that's the only reason I give it a 2/10.",negative
"Bad. Personal opinion? The folks who made it? They knew that when they made it. To star in this movie, again my opinion, you needed to meet three criteria ... #1: You had to own your own Goth style clothing and jewelry. Makes wardrobe both easier and cheaper that way. #2: You had to be able to remember and repeat your lines with out cue cards. Note that I didn't say you had to do it well. Saves on time and paper work. #3: You had to be willing to get naked. Gives an R rating and thus bolsters sales. Want to watch a better movie? Easy. Get a camera and some of your buddies together and do it yourself. Trust me, you won't do any worse. As vampire movies go, well, this one sucks. And a hint here for people like me who like to look for little oddities in movies ... Consider the link between vampires and crosses. Now, take a look at the symbols and names on the headstones in the cemetery portions of this thing were filmed in. Ed Wood couldn't have planned that kind of an accident any better himself.",negative
"Although it really isn't such a terribly movie (especially considering it was made directly for TV-distribution), it'll be very difficult to point out one aspect in ""Bloodsuckers"" that is actually original or refreshing. Vampires in space isn't exactly a new formula, and even after so many movies dealing with these monsters in this particular setting, still no one seems to realize it's an incredibly stupid premise that can't possibly result in a halfway decent horror movie. ""Bloodsuckers"" even goes one step further and shamelessly imitates every imaginable motion picture that either revolves on vampires and intergalactic warfare. The plot and characters are mainly stolen directly from John Carpenter's ""Ghosts of Mars"" and James Cameron's ""Aliens"", as a crew of futuristic vampire hunters are crusading through space and regularly holding to eliminate a mutated species that peculiarly named themselves after notorious horror icons, like the Voorhees and the Leatherfaces. The good guys are a bunch of pathetic stereotypes, constantly dealing with clichéd issues and endlessly arguing about dreadfully unimportant matters. Captain Damian is the unpopular rookie, who'll really have to prove his leadership capabilities now after being more or less responsible for the death of the previous (and far more loved) Captain Churchill. The other annoying characters include a typical cowboy-style and trigger happy macho pilot, a tough female warrior with more balls than any of the males on board (she's of Asian descent, like the girl in ""Aliens"" was Latino) and the army's most valuable secret weapon: a Blade-girl! Quintana is a beautiful and deadly vampire who chose the side of humans. She can spot enemies when they're still light-years away and she can also do wickedly sexy things with someone's wet dreams. They eventually all learn to work as a team when forced to face the ultimate vampire-meanie: Michael Ironside (in yet another downgrading role). ""Bloodsuckers"" is an irredeemably stupid film, but it manages to entertain as long as it features gory killings, infantile dialogs and OTT make-up effects. It only gets intolerably boring when the frustrated soldiers blame the captain for the umpteenth time and bla bla bla. This film is a non-stop series of lame clichés and uncreative ideas, but at least it's watchable.",negative
"Now I know that a lot of black humor pokes fun at typical black things like for example gold teeth. But that doesn't mean that they always are funny. Don't be a menace is an example of this. The urban movie certainly lends itself for satire. The problem is that Wayans and consorts not only try satirize the typical 'ghetto' culture, they also belittle valid statements that are made in urban movies such as Boyz 'n' the Hood or Menace II Society. Personally I think that the makers of this movie should get their heads away from the bowel movements of their white masters. Besides this, the movie in itself is terrible. It's absolutely not funny. The jokes are racist. Instead of satirizing the urban movie genre, the moviemakers show their views of the 'ignorant' urban (ghetto) blacks. Now there are some other jokes in this movie, but I believe this to be the main fare.<br /><br />In conclusion this movie is crap and the makers should use their talents to make a constructive comedy/satire movie. They have examples in Men With Black Hats (which was made before this movie) and Friday.",negative
"I'm not sure if users ought to be allowed to review films after only sitting through half, but I'm afraid I just couldn't stand another minute.<br /><br />If this abject excuse for a film doesn't have the late, great GP spinning like a wheel in his grave, then I doubt anything will.<br /><br />The excellent review above 'Not a film for Parsons fans' sums up most of my feelings. How dare a (second rate) director and writer attempt something to which they're so clearly incapable of delivering. What were they thinking? Where to start?<br /><br />THE SCRIPT: I thought I'd be getting a slice of bittersweet Americana. What I got was poorly executed slapstick with no cliché left unturned. Stupid hippy? Check. Stupid fat cop? Check. Awful plot contrivances? Check. Embarrassingly written female characters? Double check. Total disregard for the story which you're trying to portray? Check.<br /><br />After a while, you realize that what you're watching is a soap and not a very well written one at that. Scene with Knoxville. Scene with Ex girlfriend. Scene with Knoxville which hasn't moved on much. Scene with Ex girlfriend which was a bit like the last one. And so on...<br /><br />THE DIRECTION: My friends and I decided, after some consideration, that watching this was like watching a bad episode of Quincy, or maybe a particularly poor Dukes of Hazzard. That's how bad the direction was. Terrible jump cuts, awful camera work, clunky ins and outs to scenes. God, it was cringeworthy. And then I discovered the director was an Irishman who's most noteworthy recent work is a really lousy BBC Sunday night drama called Monarch of the Glen (trust me, it's lowest common denominator TV). And then it all made sense...<br /><br />THE ACTING: Are we now so critical that when some random guy from the TV decides to give acting a go, if he's not so bad, he stinks, we applaud his efforts? Knoxville JUST ABOUT manages to get through every scene. Poor Christina A. has no such luck. Her performance is a car crash (though what you do with those lines, I don't know). The 'hippy' in the hearse: oh dear, oh dear, oh dear. Have we not moved on since Cheech and Chong?<br /><br />I could go on, but I think you get my drift. What I would say is that, as other reviews have mentioned, no one on this film clearly gives a flying damn for The Byrds, The Flying Burrito Brothers or Gram's solo work. They knew nothing about the American road movie and they certainly give a damn about trying to do anything with an admittedly decent story from rock mythology. This film was shallow, failed to explore anything and was jaw droppingly unfunny from beginning to...oh wait, I didn't quite make the end. And I suggest you stay away too.",negative
"This movie doesn't even have the saving grace of being so bad that its good. It is truly appalling. Its closer to a tongue-in-cheek parody than a disaster movie, but alas they were serious. Made for TV, but not worthy of even that. It contains every cliché and cheesy plot moment you can imagine. Oh will he save the town from the flood? Will his wife admit that she still loves him? Will they escape before the flood drowns them? I cant explain how bad this is. Awful predictable plot that makes you wince it is so cheesy. Bad Effects (although to be fair I have seen worse super-imposed bubbling water). Bad script. Woeful acting. Hideous. So bad in fact that you probably should get drunk and watch it.",negative
"I rented this film because I enjoy watching things with Lauren Graham in them. Well, she was the highlight. Everyone else seemed complete separated from the picture. You kept looking around you at those watching the film with you going, what? However she provided some clarity, as she was the only normal character in the picture, which actually isn't saying much for the film. Personally it was too far fetched for me. However, I am glad I rented despite the fact I would never want to own it. I still feel that Lauren Graham proved to be a strong actress and even thought she was not the main character, she seemed to steal the movie. My husband and I were happier and cared more about her character ending up with Josh's character than we were about the two main characters.",negative
"I truly despised this film when i saw it at the age of about 6 or 7 as I was a huge fan of Robin Williams and nothing he could do was bad. Until this. This complete trash ruined Robin for me for a long time. I'm only recovering recently with his funny but serious part in Fathers day but then he went on to create another mistake, Bicenntinial Man i think it was called but the point is. Robin should be getting much better jobs by now and now he has returned to performing the slime that originated with this 'classic'.",negative
"Deceptive Advertising... I saw a commercial for Carlitos Way: Rise to Power that states ""From the Producer of Scarface and Carlito's Way"" LETS GET IT STRAIGHT... Michael Bergman did not produce Scarface, in fact he was 'editing room assistant' for Scarface. Not to take away from Bergman's talent... but in my opinion he should of had a little more class. I think I can speak for the masses when I say... We hate being blatantly lied to. As far as the movie goes, It was poor at best. I did think Puff Daddy did a good job. Although, Luis Guzman should be ashamed for working on this film. Overall this film did not do a good job filling in the blanks for Carlito's Way. It's obvious this project was an attempt to make a quick buck rather a good film.",negative
"I really hoped for the best with this one, but it just didn't happen. Financed at a very non-dutch manner and still looking great, with a style and pace that's very much like Hollywood. What I don't understand is how-with all these great benefits- the director,writer,producer still managed to make this film a completely horrible picture to watch. Filled with bad jokes, cheap nudity and actors that just can't really talk [act] in the english language. Kudo's for pulling it off, but what was this guy thinking!",negative
"I couldn't not recommend a Christmas movie more than this worthless piece of drivel (trust me, double negatives are required here -- it's that bad). This film was in trouble from the opening credits when it was revealed that the screenwriter was the same person as the songwriter. The musical numbers are all far too long and none of them any good (""Thank You Very Much"" has a decent melody, but the lyrics are stupid beyond words). I would gladly bear the chains worn by Scrooge in the film's bizarre hell sequence than sit through this insult to movie musicals again.<br /><br />The only entertaining part of this movie (completely unintentional by the way) involves Alec Guinness as Jacob Marley. Dressed in a silly powder white costume, Guinness foppishly prances through his scenes in what was either an attempt to make it appear as though he was floating like a ghost, or to show his utter disdain with having to be in this dreadful movie. Albert Finney, meanwhile, blends the best of Alistar Sim and Charles Laughton to create his hopelessly loathsome character of Quasimodo/Scrooge. Finney's Scrooge is so hideous a person, it's impossible to believe his transformation.<br /><br />Steer clear of this abomination of filmmaking at all costs.",negative
"...but this just isn't working and I am surprised to see how many people consider it good. On what grounds? There are some loose hints here and there, but the whole material is self-indulgent and unconvincing. Lynch's movies are generally intriguing because they generate a sense of confusion and yet, are very playful when doing that. There is some visual sense, there are some subplots, characters, ideas etc. But this is dull and yes, pointless. Because whatever there is to explore is either to ""small"", either too far-fetched, or simply told before in a superior manner. It's just Lynch exploring DV, nothing more so it should be treated like this. 1/10",negative
"I knew it wasn't gunna work out between me and D-wars from the moment we met. First its title was lazy. D war. Like writing out Dragon was too much for them. Also... you really can't be that blatant with your title unless your Blue Monkey. Blue Monkey can do whatever the hell it wants. <br /><br />The second sign of a rocky relationship between us was the story's insane progression. Here's the film, dreamy reporter guy reports on big snake tracks, flashes back to a time he and dad wandered into what must have been the competition for the store in gremlins and dreamy kid reporter finds a box that glows. Old shop keep reveals several terrible truths. That Bauraki a supposedly evil snake was cheated out of his chance to be a god. tells the kid that he's a reincarnated warrior and that somewhere in LA is his reincarnated lover and gives him a junk piece of jewelry. Shop keep also reveals that despite his obvious whiteness he's a 500 year old Asian. <br /><br />fifteen years later dreamy reporter remembers this perfectly and starts acting half crazy trying to find this random girl. cgi hijinks follow and in the last ten minutes my brain melts out of my nose. Why? Continue on dear reader if you have the Balls.<br /><br />so Sarah, the reincarnated lover, has her own flashbacks. I have the benefit of having an Asian best friend and in the scene where she starts to freak out and make a bunch of posters with Asian characters on them he tells me that whoever made this movie has no idea what their doing. Its a Korean legend and she's reincarnated from a Korean princess but everything is in Chinese. Later that night her dragon tat starts to hurt, she calls the police cause it looks like she's having a heart attack. See, in this mixed up crazy world they apparently handle heart attacks differently because the next time we see her she's locked in her room with a guard outside and a nurse claims she's crazy. I have a new phobia now, and its that if i'm ever in trouble the first responders will just assume i'm crazy. <br /><br />I have another point of contention with my harsh mistress, Dwar. There is a scene when Patrick Dempsey Jr (Dreamy Reporter) is in a café' with sassy black friend. In the scenes prior Miffed Near divinity Bauraki has killed an elephant, slithered through a suburb and killed one of Sarah's friends. See, people were afraid to come out after 9-11 happened but we must have all toughened up after that deciding coffee and pastries were worth risking our lives for. Business as usual, no way a giant snake will stop me from getting my caffeine on. If i stay inside and fear for my life the terrorists and serpentine divinities win. <br /><br />After being given a satisfying dragon on Helicopter battle my cruel lover Dwar treats me to a pi$$ and vinegar filled scene to end it all with. Bauraki has a fortress of his own and its right under LA i guess. They don't really say but Dreamy Reporter and Sarah get knocked out in a car crash that would kill lesser men and when they wake up, yep dragon palace. some retarded dialog later a good dragon snake god pops out of nowhere and the snakes wrestle/make love whatever. And i'm not kidding good snake out of nowhere. Maybe you think i'm blowing it out of proportion, i'm not there is no mention of this thing in the movie then suddenly... there! Few seconds later and good dragon becomes dragon god, sets Baurki on fire, Sarah turns into a ghost and goes with Dragon-god, dreamy reporter left in the middle of nowhere roll credits... thank god<br /><br />Now our relationship as rocky as it was had its good times. There was a guy that look like shredder from turtles and talked exactly like a tuskan raider from star wars. I'll call him Tuskan Shredder. He could do whatever he wanted whenever he wanted to it just could never be useful. He could walk through a wall in a scene where that wasn't helpful. He could go in your dreams when that wouldn't do any good and he could light ten random soldier guys on fire but not when it mattered. He was also allergic to touching that junk jewelry. I like him cause he was hit by a car twice in the same scene and made fantastic tuskan raider noises. <br /><br />The actors for the most part were great... if great somehow meant terrible. Jason Behr, whom i thought was awesome in Roswell i slowly find out can only act one way and that's pretentious, spacey and Patrick Dempsey""ish"".<br /><br />The one thing i love about this filthy prostitute Dwars is its lead actor, Bauraki. That Giant snake acted his heart out. I'd dare to say that he was better at playing a cgi serpentine demi-god of evil then John Barrymore was at playing Richard the III or Hamlet. There was emotion in every scene, stealing the thunder from his lesser mortal supporting cast. When he ate an elephant i felt like no one past, present or future would ever eat an elephant with as much feeling. He was more then an actor, he was a force of nature and he put his heart and soul into every second of this cursed project. Yes damn it, my favorite actor in this film was a cgi snake. I've got the balls to admit that, do you?<br /><br />Here's to hoping Bauraki get's more work and isn't type cast, that Jason Behr finds a range of emotion other then dreamy stare, and that i never have to watch Blue Monkey again. <br /><br />So, D-War its over. I want my CDs back and let's just be friends",negative
"Please don't waste your money on this sorry excuse for a motion picture. The only way I could see someone watching this is if they are a die-hard fan of Erika Elaniak, but you would be better off surfing the internet than to watch this piece of crap. I would rather watch paint dry than go through watching this. <br /><br />They lure you in with Casper and Erika and lead you to believe it is a sci-fi Dracula movie, but it quickly works out to be a farce about Van Helsing's great-great (you get the point) grandson, here ironically for one last show-down between himself and Dracula.<br /><br />The movie also tries to make a political statement, I believe, when it appears that none of the characters in the future know who God is, that they have not been taught about him and don't understand when they see a cross. Could have done a lot more with this idea. It's a shame it turned out the way it did.",negative
"Maybe the target audience of this Disney Channel TV-movie will be pleased with it, but if any parents are watching along with the youngsters, they will clearly see that ""cranked out"" is written all over this production. Obviously it was no one's dream to make this movie, but rather, this was concocted in a board room somewhere, then produced with cold efficiency. There is some talent among the cast, but actors like Dabney Coleman and Jay Thomas don't get much of a chance to showcase their talent. The impossibly cute Elisabeth Harnois is engaging as the First Daughter, but Will Friedle is stuck once again playing another dumb character, though he's not nearly as moronic and annoying as in his ""Boy Meets World"" role. The background for this movie is Washington, D.C. and the White House, but there is no real ""presidential"" feel to the film and the Secret Service is made out to be little better than the Keystone Kops when it come to doing their duty. The Disney Channel presents a lot of original TV-movies and most of them are better than this.",negative
"1999 will go down in history as the year the movie critic lead the general public astray. First they sent us to EYES WIDE SHUT. Then they hyped up THE BLAIR WITCH PROJECT and now MAGNOLIA which is by far the worst movie of the year. What is it about? Who the heck knows. Its full of self-indulgence and loaded with bad acting. I always like to stay and watch the credits, but when this thing was over I couldn't get out of the movie theatre fast enough. Most of the audience that attended the showing that I was at, felt pretty much the same way. Dates were arguing with each other as well as strangers. It's an ugly and hateful film that will make you feel ugly and hateful.",negative
"This film is advertised as a clever romantic comedy. It is neither clever nor romantic and it is definitely not an effective comedy. The fortunes of the well meaning yet pathetic character, ""Tom"", oscillate from one extremely embarrassing disaster to another. The only saving graces are the competent performance by Toni Collete and the frequency with which we glimpse Paltrow's pleasant face. Overall, to be avoided!",negative
"I work at the video store that rents this video in Lexington and I must say...it should have never been made. I even know some of the people who worked on it who regret doing so. Bad effects, horrid acting, bad script especially. I swear the dialog wouldn't have passed for the original PSX Resident Evil; it's that bad. If you want to know how not to make a movie, watch this film to learn a thing or two. If not, don't waste your time. And even the director know it sucks because he keeps coming in to try to get us to upsale the movie. No sir. I've watched two-thirds of the horror section and this rates even lower than Plan 9 from Outer Space. Even Ed Eood would have said, ""Nope. That's too stupid even for me.""",negative
"Every movie Quentin Tarantino has made has become progressively worse. I'd like to believe that most people would agree with that statement, but seeing as ""Inglourious(sic) Basterds(sic)"" has an 8.5/10 from over 100,000 ratings, it doesn't seem like the general movie-going public has any sense. Even his best work, Reservoir Dogs, wasn't a 'masterpiece.' The trouble is that claiming that you like Tarantino's work has become trendy. As soon as that happens, you get boatloads of people ready and willing to hop on another bandwagon. They will ignore laughably terrible acting, and utterly self-indulgent writing just so they can be part of the exclusive club called ""everyone."" This movie is so terrible, that I swear it must be some sort of twisted joke by Tarantino to see how much torture his fans will tolerate and still praise him. Like another reviewer has already said: ""Previous Tarantino movies were from a guy in love with other movies. This one is from a guy in love with his own writing."" I couldn't agree more. This movie is nothing more than self-indulgent and in-joke riddled writing paired with acting ability taken right out of a high school play. But, thanks to the general movie going public, I'm sure it will still go down as one of the best movies ever made. Bravo, Tarantino. You've pulled-off one of the best practical jokes of all time.",negative
"I was wondering what possessed the organizers of the Victoria Film Festival to include this film in their program. I guess they must have agreed with the others who have reviewed this film. I, on the other hand, consider it the worst film I have ever seen. It starts with a bad script, full of holes, and dialog so unlikely it's embarrassing. Ideas are introduced, then dropped with no development. The acting left me totally cold and uninvolved. The set decoration was appropriate for the time, but a decorator's nightmare. The only way the characters could love this house is if their previous homes had been ghastly. The attic looked as if the items had been thrown in for the scene with no attempt to create the look of a real attic that has been filling with junk over the years. The photography was leaden and lacking in variety. Save your money for something worthwhile.",negative
"I still haven't gotten to see all of this; it's running on cable right now, and I seem to keep coming in on the middle of it. My main reason for being interested in it is that I'm a Bill Paxton fan; he's a pretty good actor, and has turned in consistently good work over the course of his career.<br /><br />The other thing is that, while never really a fan of the old series, I kinda liked Thunderbirds for the ships and effect work. Derek Meddings was quite possibly the best in the business during the sixties and seventies, and his designs for the International Rescue craft are wonderful. The current team has done a fine job of translating his work to the big screen.<br /><br />BUT...<br /><br />This is one lame story. The kids are asked to drive it, and while they do an okay job, it's hard to suspend your disbelief, especially when you have Brains' eight-year-old son flying T2, an enormous multi-ton transport with all the aerodynamics of a Buick. Everywhere you look, you see a Ford logo. Product placement is way over the top here, and it's annoying. Ben Kingsley does an good job as The Hood, but he can only do so much with a one-dimensional role. If you can accept the film on its very slim merits, Thunderbirds is a fun, enjoyable ride. Just don't look too closely at the machinery that drives it.<br /><br />ADDENDUM: I finally got to see all of this, and it's worse than I thought. The acting is fairly uniformly poor, and while the effects are fairly good, the story on multiple viewings has gotten cheesier. The overdone product placement for Ford is annoying, and the kids as central characters grate on my remaining nerves. As with The Avengers, if you ignore the source material, it's bearable. But not very. Watch the original show, and you'll see what I mean.<br /><br />And a word of advice to Jon Frakes. Take a refresher course at the Director's Guild. You can do better than this, old friend.<br /><br />Another footnote...<br /><br />I saw this again. Last night. On Telemundo. Dubbed in Spanish, with cheesy comedy sound effects. And yes, I came in roughly in the middle, with Ben, Ron and Sophia in their fight scene on Tracy Island. <br /><br />I didn't think it was possible for an already lame movie to be worse, but it was. It was embarrassingly bad. <br /><br />If this had been done straight, no kids-to-the-rescue, no tongue-in-cheek jokes, it might have worked. As it is, it's just another beloved childhood joy that's been ruined.",negative
"I read James Hawes book. It was pretty neat, not great, but entertaining enough. Without having read the book I wouldn't have had the slightest idea what was going on, and it was still a stretch with that knowledge.<br /><br />Literally every element of this film is abysmal in ways I do not have the capacity to describe. Half digested fish could have made a better film with matchsticks and dayglo lipstick.<br /><br />Never before or since as a film made me feel so angry. The Mattress sequels came closest, but even they never reached such depths of utterly putrid nauseating appallingness that this bilge did.<br /><br />Since wasting 90 minutes of my life witnessing this plague on human kind I am now unable to even look at any book by James Hawes without feeling angry. That is the depth of hatred I have for this piece of sh*t. No, that's unfair. Let me apologise to all fecal matter for comparing you to the otherworldly evil that is Rancid Aluminium.<br /><br />Plain and simply a cancer on the world of cinema.",negative
"Some movies are not for everyone. This accurately describes Igmar Bergaman's movie, Skammen (Shame). At only 18, I still have what I guess you could call a minor form of ADD and well, I watch movies to be entertained. Shame was a movie with a very interesting premise, of trying to convey the effect of war on the common people, it however fell short of accomplishing this for me. I don't know if it was the subtitles, black and white filming, length of the movie, or the fact that it took two hours out of my studying for a huge chemistry test, but I did not enjoy it. I understand it is considered a great movie and very important in the history of cinema, however, I think as my teacher pointed out, not everyone has liked or likes it. I guess I just wish it finished all of its many side plots. Maybe the translation lost something, but I felt there were infinite little off shoots that never met a conclusion. You would meet characters and never see them again, or really understand why they were included in the movie. My overall recommendation for this movie is that it's worth seeing, but only to form your own opinion on it. Whether or not you like or dislike it, it is necessary to respect the point that it is trying to convey.",negative
"Based on the true story of two young Americans who sold national secrets to the Soviet Union in the height of the Cold War, ""Falcon And The Snowman"" wants to be both suspenseful and philosophical, and winds up falling short in both departments. It's less le Carré than who cares.<br /><br />Timothy Hutton stars as Christopher Boyce, a former seminarian who, disgusted by Watergate and the middle-class values around him, is probably the wrong guy to be hired by a company running spy satellites for the CIA. Sean Penn plays his drug-dealing pal, Daulton Lee, who makes himself Boyce's courier, delivering secret files to the Soviet embassy in Mexico City. An offbeat synth-jazz score, lack of sympathy or emotional attachment for anyone, and lots of scenes of guys getting angry in rooms all combine to deaden what could have a decent moral-dilemma thriller.<br /><br />It's really Penn's movie despite the second billing; his character gets to talk turkey with the Russians while Hutton plays with his pet falcon. Hutton looks like they woke him up five minutes before they called ""action"". With Penn, it's a crapshoot whether you get a brilliant performance or an over-the-top one. Here, it's a bit of both, but more the latter, especially in the second half when Lee switches from coke to heroin. He screeches. He snorts. He crashes Russian embassy parties. He gets pummeled with telephone books. He spits at himself in a mirror, a big goober he must have been saving for a paparazzi. ""I don't know who my friends are anymore!"" he cries out. It's exhausting to just watch him.<br /><br />Penn seems to have modeled Lee somewhat on Dustin Hoffman's Ratso Rizzo from ""Midnight Cowboy"", complete with overly nasal line readings and constant eye shifting. John Schlesinger directed this film as well as ""Midnight Cowboy"", but he seems to have had another Hoffman film in mind, ""The Graduate"", throwing up scene after scene of Boyce and Lee poolside, trying to decide how to live their lives in their gilded cage. Too bad no one suggested plastics.<br /><br />From the opening shots, news footage of American decline juxtaposed with Boyce and his bird, ""Falcon"" makes clear it is a message movie, though the message itself is far from clear, probably because the characters never come into focus. Is Boyce supposed to be an idealist? Or is he just a mercenary? Hutton and Schlesinger don't seem to know, which makes it harder for us. Meanwhile, opportunities to establish some suspense, like Boyce stealing documents from the top secret ""Black Vault"" where he works or Lee playing games with the Russians, are interrupted by jump cuts to scenes of the pair with their families and friends. It's the normalcy of the story that Schlesinger finds interesting, but it's the least interesting aspect for us.<br /><br />Good stuff: It's interesting to see a film that works the 1970s vibe so early as this one, referencing Maria Muldaur and Tang. Dorian Harewood, memorable in ""Full Metal Jacket"", has a nice turn as Boyce's paranoid colleague Gene, who shows Boyce how to make margaritas with a shredder but has some serious 'Nam issues beneath his partying exterior. Macon McCalman is also fine in a totally different way as the no-nonsense boss who gives Boyce his high-security job. David Suchet as the Russian embassy official who deals with Lee makes for a fascinating blend of menace and amiability.<br /><br />But ""Falcon And The Snowman"" stands or falls on the the question of the two title characters, and neither the actors nor Schlesinger are able to mine much in the way of answers. Worse, after more than two hours in their alternately feral and catatonic company, you don't really want answers. You just want those credits to roll.",negative
"A black guy fights ..... and supposedly wins .... yeah ... 1/10. Obviously fiction.<br /><br />So we're presented with a damm nice title, a real nice tag line and even a nice plot line .. Thats about it, thats where it ends.. We move into fiction after that.<br /><br />Michael Jai White, the black guy so don't get confused with the name.. portrays a black guy.. Umm, thats all there is to the name..<br /><br />Its so hard to find decent help, must have hired the black guys friends to help cause the low budget, low ineptness of this movie, has the camera's shadow trailing the first scenes.... Yeah obvious idiot moment for the average guy like you and me.. but yeah...<br /><br />10 lines. review submitted,. if you paid to see this movie, you got screwed.",negative
"As seems to be the general gist of these comments, the film has some stunning animation (I watched it on blu-ray) but it really falls short of any real depth.<br /><br />Firstly the characters are all pretty dull. I got a hint of a kind of Laputa situation between Agito, Toola and the main antagonist Shunack. However maybe my mind wanderd and this was wishful thinking (Laputa being my favourite animé, original Engilsh dub). The characters are not really lovable either and as mentioned in another post they fall in love exceptionally quickly, leaving poor old Minka jealous and rejected (she loves Agito, who seems oblivious of this). However she promptly seems to forgive Toola at the end with no explanation for the change of heart other than it makes the ending a little bit more ""happy"". <br /><br />There is also a serious lack of explanation. Like who are the druids really? Are they people? and who are the weird women/girls who seem to hang out with them and run the forest? There is nothing explaining why they are there and how they can give regular humans superpowers. The plants coming from the moon still does not fill in the blanks about this. It is almost like a weird version of The Day of the Triffids.<br /><br />And who does call Toola? why bother with this if it wont be explained?<br /><br />I really wanted to like this film but I found the plot no where near as deep as a film like Ghost in the Shell or having any real character like those of Miyazaki. I do not resent watching it but I do sort of wish I hadn't bought it. My advice? Give it a go if you have a couple of hours to spare, but borrow it, or buy it cheap! Perhaps if your new to animé films and don't have much to go by you will enjoy it. It certainly is visually pleasing.",negative
"I feel it is my duty as a lover of horror films to warm other people about this horrible and very very bad ""horror"" film. Don't waste your time or money on this film, the acting is bad, the story is just one of the worst i have come across and the script was just awful. Nothing about it was good, you end up thinking to yourself why am i watching this crap. The plot had so many holes in it and they never got cleared up in the end, it was just so bad, i don't know how a film so terrible could be made. As i said before i love horror films and i was so let down, it was an 18 but you see little blood and no scares or jumps at all. Also what annoyed me was how stupid things happened in the film that had no point to the plot at all like the brother and sister kissing, why? is all i can say. Just don't bother, there are far more great horror films out there, just don't waste your time life is too short.",negative
"To me this film is just a very very lame teen party movie with all the normal clichés and boring stereotyped characters (Nerds, Jocks, Popular girls, Sleezy guys, etc) but with an underlying anti drug/drinking theme. <br /><br />If you ever have the unfortunate chance of seeing this film, keep an eye out for all the references to responsibility and keeping it real (dunno how else to word it) I guess the only thing that'd make this film cool, would be if they TV playing it was on fire. That, or DVD it was on exploded...<br /><br />1 out of 10000 - Watch Animal House instead.",negative
"This movie was craptacular. I was so emotionally uninvolved in every single character that the movies' biggest antagonist was, in fact, myself. I played it beautifully throughout; promising myself I would walk away, but only drinking another beer hoping it would auto-magically transform into something engrossing along the way. Even in this state, I couldn't help but notice that Cuba's acting was as flimsy as tracing paper. His obsessive dedication to his job was unconvincingly done as well as his one night binge after the failure of his own idiot standards. Burt came on the screen as a General, that's right, a General (who wears too much makeup). I fell into a frighteningly fast binge to rival Cuba's, except mine was real and I stubbed my toe. Recompense! Recompense my stubbed toe!",negative
"When I saw the preview, I thought: this is going to be a great movie. And indeed it could have been. The actress playing the main character was very credible, and the beauty of the filming is undeniable. However the dialogues cast a dark shadow on the whole picture. The level of language was too familiar and too contemporary for an action taking place in 1610, and it took away most of the magic of the film. However, I must congratulate the translator, because the English sub-titles were more refined and appropriate that the original French cues, and it probably explains the good rating the movie received on the imbd!",negative
"Not only does the film's author, Steven Greenstreet, obviously idolize Michael Moore, but he also follows in his footsteps by using several of Moore's Propaganda film-making tactics. Moore has expertise in distracting the viewer from this focus though, while Greenstreet is obviously less skilled here.<br /><br />Having been privy to all of the issues surrounding Moore's speech at UVSC, I was disappointed to see that the major complaints of the community -- that Moore was being paid $40,000 of the State of Utah 's educational funds to basically promote John Kerry's campaign and to advertise his own liberal movie -- were pushed to the background by Greenstreet while lesser issues were sensationalized.<br /><br />The marketing methods for this video have been equally biased and objectionable... promoting the film by claiming that ""Mormon's tried to kill Moore"". Not only is this preposterous, but it defames a major religion that Greenstreet obviously has some personal issues with. I followed Moore's visit very closely, and all of the major news agencies noted that Moore's visit came and went without any credible security problems or incidents in Utah.<br /><br />Greenstreet has banked on this film to jump-start his film-making career to the point that he has even dropped out of film school to help accelerate this. This seems to have been a severe miscalculation though, since Moore's visits to roughly 60 other colleges and Universities across the country in 2004 diluted interest for this rather common event. Greenstreet's assumption that American audiences would be interested in this film due to the promoted religious and conservative angles doesn't seem to be well founded.<br /><br />Even the name of the film, This Divided State, is somewhat of a misnomer since Utah voted overwhelmingly for Bush's re-election and thus appears to be more politically unified than any other State. The division in the movie title seems more indicative of the gulf that exists in Greenstreet's ideological differences with his religion and State. If anything, I find a humorous correlation between the religious angle of this supposed documentary and Woody Allen's hilarious contention in Sleeper (1973) that, ""I was beaten up by Quakers"".",negative
"It starts out like a very serious social commentary which quickly makes one think of other Clark movies like Kids, Bully, etc. But then just as quickly, it unravels into a direction-less mess. Who is the main character? Is this a serious film or some Gregg Araki-esquire over the top goofy film? Is this a skate documentary with moments of dialog inserted? I have no clue. I found myself watching the clock and wonder when this turd was going to end. I kept thinking there would be some big shocker culmination which never came. I cut a good 20 minutes out of the movie by fast forwarding through the pointless skate scenes. Yes, it illustrates the changing landscape between the have's have not's. I got it way back in the beginning. Kids and Bully was done in such a way that I actually felt like I was observing the realities of that group of friends. Wassup felt very staged, poorly constructed and ever worse acting. Teenage Caveman, which Larry didn't write but did direct, was terrible. But at least it felt like it was suppose to be a terrible movie that didn't take itself seriously. Wassup Rockers was just plain bad.",negative
"I completely agree with the other comment someone should do a What's up tiger Lily with this film.<br /><br />It has to be one of the worst french films I've seen in a long time (actually along with Brotherwood of the Wolves, 2 horrendous films in a much too short period of time).<br /><br />It's really sad because the cast is really interesting and the original idea kind of fun. Antoine DeCaunes in particular and Jean Rochefort being among my darlings, I was bitterly disappointed to see them compromised in such a poor film.<br /><br />Lou Doyon is quite bad, as usual which goes to prove that a pretty face and famous parents can get you into the movies but they don't necessarily give you talent.<br /><br />avoid this film, if you want to laugh watch an Alain Chabat instead or some nice period piece full of fun like LA FILLE DE D'ARTAGNAN.",negative
"This film is about a mysterious love letter that turned 4 people's love life upside down.<br /><br />The idea of the film is interesting, and the film could have been funny. However, this film is simply what a romantic comedy should not be. The characters are inadequately introduced at first, so it gets so confusing. The supporting characters come and go without adequate reasons, as if they exist just for one particular scene and then vanish into thin air. The pacing is awfully slow, that it makes 90 minutes seem more like 180 minutes.<br /><br />It could have been romantic and funny, but this film spectacularly failed to do either.",negative
"I recently rented this film on DVD and thought it would be an interesting choice seeing as I am both from the north of England (Bradford), and also interested in film-making. However, it soon became apparent that this film seemed to lack a decent level of development script-wise. The characters were weak and often stereotyped and the story lacked substance. The subject matter could be an interesting basis for a film. However, the delivery of this appeared naive and unfocused. <br /><br />The ending felt as though it was casting judgement on the characters - punishing and rewarding where the filmmakers felt necessary. This felt a little awkward and silly, and seemed at odds with the 'realism' used in the style of shooting. For me, the film dealt with the characters and subject matter in a rather heavy handed and clumsy manner. It felt as though the writer had already decided how he wanted to end the story and set about crow-barring everything else in to fit it.<br /><br />Another point that I feel strongly about is the watered-down Ken Loach feel the film had. I get quite upset that UK film financiers can't see that there is more to British films than 'gritty realism'. It has become almost a safe option. Film is an infinitely wonderful playground for imaginative ideas and it is not being exploited by UK feature film producers. There is a lot of talent here in the UK. It's unfortunate that most of these individuals end up either making music videos and commercials 100% of the time or they go to America. <br /><br />Love + Hate would have worked better if it had been cut down to 30 or 60 minutes and appeared as a one-off TV drama.",negative
"Cecil B. deMille's 1922 parlor-to-prison tearjerker Manslaughter finds the lovely Leatrice Joy as a good-at-heart but decadent young lady with more money than she knows what to do with. Her recklessness leads to imprisonment, which in turn leads to her regeneration. Thomas Meighan is the crusading district attorney who has made it his personal crusade to bring out the goodness and wholesomeness in Lydia (Joy) but he gets sidetracked by alcohol and once she is released, it is up to her to rescue him!<br /><br />If the plot doesn't sound too bad, you'll be floored by the woeful presentation. The quality of deMille's direction is very low, and he does not show any particular skill that is unique to him. The photography is standard and flat, and the editing is hardly more dynamic. One could easily classify it as a fashion show and be pretty correct. DeMille gets to dress Miss Joy up in so many different types of clothes (evening gowns, golfing costumes, motoring costumes, piles of furs) that it's subtitle could be 'Fashions of 1922'<br /><br />One thing more disappointing than the photography or editing or the direction is the acting, which is mostly flat and wooden. When it is not, it is merely routine silent gesturing, rolling eye balls, twitching eye brows and deliberate pointing and arm movements. What would have been enlivened for modern viewers by mugging and scene chewing of some of the worst silent films, is here merely dull to watch. The only member of the cast who succeeds in any form of excellence is Lois Wilson, who is not only beautiful but is able to play her role naturally. She is convincing and endearing in tearful close-ups, as long as you don't read the moralizing title card that follows once she opens her mouth to speak. Like I said, everybody else is droningly routine, Joy, Meighan, even Julia Faye. Her performance here makes a good argument for why she never attained true stardom.<br /><br />The worst and most amusing part of this movie is the heavy moralistic tone that carries through all of it. Meighan's character has plenty of intertitles where he drones on about how the youth of America is declining in it's moral stance, and going right back to the decadence of Rome. (insert absurd flashback) This movie's moralizing has been described as Victorian, but it's further than that. It has so little bearing in reality that I have a feeling audiences at that time didn't take it any more seriously than modern viewers could.<br /><br />This movie is exactly what the unknowing tend to think of as a 'typical' silent movie, with it's archaic moral structure, wooden acting and bad direction. DeMille shows that he could be a terrible director, with no sense of pacing, camera placement, or skill in handling either script or actors. I can't imagine anybody in their right mind taking it seriously. Boring, slow and idiotic, I recommend it to hardcore silent movie dorks like myself only.",negative
"I couldn't bear to sit through he entire movie. Do families like this really exist somewhere? There have been many comments describing this family as akin to LLBean models and such, and I think that that is a great description of how they behaved.<br /><br />More absurdly unbelievable writing/acting occurs as we meet a character referred to in High School as ""pigface"" who, of course, has grown into a drop-dead gorgeous 20-year Harvard-educated plastic surgeon (but only to do good in the world-not for the money,) and she beds Steve Carrel on the first date. That's when I quit watching...<br /><br />If you can completely suspend your disbelief for two hours, then perhaps you'll enjoy this sentimental, self-indulgent waste of time.",negative
"this movie has lot of downsides and thats all i could see. it is painfully long and awfully directed. i could see whole audience getting impatient and waiting for it to end. run time is way over 3 hrs which could have been edited to less then 2 hrs.<br /><br />transition between stories is average. most people confessed being on seating expecting something better to come out.<br /><br />its funny only in pockets. ambitious project and a below par execution. govinda does a fair job, anil kapoor disappointed me, rest we as expected. if u r expecting anything close to babel or love actually then its no where close.",negative
"This was a character's movie. The plot wasn't that hot when it was there, but the characters were interesting and very well-acted. The story focuses on the Travis family in the wake of the eldest son's suicide. I say that loosely, because the story is mostly about the surviving son and the mother, because if the father WAS supposed to have the story focus on him too, they edited the movie pretty poorly. The acting on all parts was very good, particularly Emile Hirsch as the surviving, confused son. The characters were all very interesting and I didn't mind watching them until late in the film, when it just seemed to drag. <br /><br />My big complaint, however, was the story. The son killing himself was supposed to be the center of the plot. However, it really wasn't. It was something that happened at the start of the story, but then everything went every which way. Then they'd mention that the son killed himself to remind you that that was the central thread. The other thing was that the big plot twists, of which there were plenty, were never really explained or built up to, but just thrown in there randomly and often from far left field. In fairness, the ending was very, very cool. But it was also clear where the inspiration for the story came from: about half of it (the half that wasn't padding) was pretty much lifted from the story in the Pearl Jam song Alive. Which reminds me... <br /><br />There was a ""poem"" in the movie that was supposedly written by someone who killed themself. I could not have been the only one who recognized that said poem was lifted, word for word, from that very same song. I dunno, this was a movie I had hope for, and they really, really dropped the ball.",negative
"It's hard to believe that there are some people out there in the world that actually think this is a worthy Charles Bronson vehicle. <br /><br />Bronson is a good actor that can do more than tote a gun and knock off bad guys. He was quietly moving in the TV movie ""Yes Virginia, There is a Santa Claus"" and showed a lot of class and style in the Sean Penn-directed ""The Indian Runner"".<br /><br />In ""The Evil That Men Do"", however, Bronson again plays a character that sees injustice and sets it right with fists, knives and, of course, guns. There's nothing here you haven't seen in the last five ""Death Wish"" flicks. <br /><br />Wait, I take that back. This has to be the most sadistic and repellently violent film Bronson has ever had the dis-service of being in. Not just repellent in the scenes of torture or the descriptions of torture, but in the fact that these scenes were put in a film just to sell tickets. And Jose Ferrer! What in blue blazes was he doing here?!! I mean, he won an Oscar, for crying out loud!!! <br /><br />Okay, sorry about that outburst. Let me just say that ""The Evil That Men Do"" has to be one of the worst movies I had ever seen that was based on a book. Yeah, that's right. I wonder if it was written with Bronson in mind?<br /><br />No stars. Watch ""Death Wish"" instead. At least IT was topical.",negative
"This is perhaps the worst movie I have ever seen, and I have seen well over 300 movies in my lifetime. The acting atrocious, the only bright spot seems to be judging the anatomical prowess of the female castmembers. After watching this movie, it is suggested that the viewer not operate heavy machinery or go driving for a period of at least 24 hours. Also a bottle of Valium would be recommended so you don't feel so bad for the 100 wasted minutes of your life. The plot is nothing original, the dialog excruciating, and even the weapons seem sub-par. Do yourself a favor and go to your local Blockbuster and burn whatever copies they have of this horrid film.",negative
"In the autobiographical coming-of-age tale ""Romulus, My Father,"" Eric Bana, of ""Munich"" fame, plays an impoverished German émigré struggling to raise his son, Raymond (Kodi Smit-McPhee), in rural 1960's Australia. The major obstacle to the family's stability and happiness is his wife, Christina (Franka Potente), who flagrantly violates her wedding vows by shamelessly shacking up with other men. Despite her highly unconventional behavior, Romulus refuses to grant her a divorce, masochistically torturing himself in the vain hope that she will one day return to him. It is, unfortunately, the good-hearted and good-natured Raimond who must bear witness to all this marital turmoil - and it is his memoir that serves as the basis for the movie (Raimond Gaita would later grow up to be an author).<br /><br />Even though I admire ""Romulus, My Father"" for what it is trying to do, I can't honestly say I enjoyed it, for while the film has some fine performances and serious intentions going for it, these simply aren't enough to counteract the dour storyline and funereal pacing, which leave the audience as despairing and depressed as the people on screen. A serious slice-of-life drama is one thing, but this unremittingly downbeat wallow in adultery, insanity and multiple suicides (let alone attempted suicides) is something else again.",negative
"I'm so glad I only got this movie for $5. Anime is expensive, no doubt about that. I've had my eye on this one for awhile and finally I saw it on sale. I grabbed it immediately and took it home only to hang my head in disappointment. This movie sucked. I've heard people talk about how gory and violent this movie is. It's really not that gory or violent. I've watched it three times, and I think I've wasted enough of my life on this. The demons get a point for being unique and kinda cool at times. The sex gets a point since it's almost non-stop. The horny old man gets half-a-point for being horny and still having the sex drive. And the main character (who's name I've erased from my mind) gets half-a-point for the cool design of his gun. I saw major connections between this movie and Demon City Shinjuku. Both have same style animation, that's obvious because of the director, both have lame soundtracks which suck like the Antichrist, and both have terrible endings. Avoid this movie unless you're into anime sex.",negative
"""The Secretary"" is one of those cheesy, cliched, ""thrillers"" that one is subjected to watching on a Sunday afternoon, when there is virtually nothing else on. While the plot (a demented woman becomes jealous of all who succeed over her in the office and decides to do whatever she can to stop them) may be one of a kind, I recognized countless plot twists, probably taken from other TV movies that I had been subjected to for the very same reason.<br /><br />To make matters worse, I was not wild about the cast. Mel Harris is one of those actresses who appears in so many TV movies as either a ""mom"" or some sort of ""victim"" of foul play or abuse, that one must wonder the kind of life she leads. In this one, she gets the joy of playing a mom AND a victim of psycho secretary Sheila Kelly, who was not a very good choice as the villain. While Sheila Kelly has made some good career moves(Singles, Breaking In, and I guess, Law and Order), she is also beset by a string of pitiful TV movie roles, and this one just adds to it. As for the others, I don't have any clear memories of them, so that must say something.<br /><br />This one WILL play on the Lifetime network(I think that's where I saw it), but don't bother watching it, unless you are too bored for words. Not that it will make you any more excitied...",negative
"""A scientist has developed a serum which grotesquely distorts the victim's hands and heads. The scientist decides to use his serum on a concert pianist to extort money from him for the cure as well as take the man's daughter for a wife,"" according to the DVD sleeve's synopsis. J. Carrol Naish (as Dr. Igor Markoff) plays ""The Monster Maker"" in the low budget Bela Lugosi mode.<br /><br />Mr. Naish's serum causes a real disorder, ""acromegaly"", which American Heritage defines as, ""A chronic disease of adults marked by enlargement of the bones of the extremities, face, and jaw that is caused by overactivity of the pituitary gland."" Ralph Morgan (as Anthony Lawrence) plays the afflicted man with some dignity. Pretty blonde Wanda McKay (as Patricia ""Pat"" Lawrence) is the daughter desired by mad scientist Naish; in early scenes, Ms. McKay and Naish emote hilariously.<br /><br />Watch for Tala Birell (as Maxine) in a surprisingly good supporting performance; she plays the somewhat Garbo-like, and long suffering, assistant to Naish. Ms. Birell definitely steals the film; and, you've got to question Dr. Markoff's sanity in casting her aside. Glenn Strange (as Steve) and a crazed gorilla (Ray Corrigan) add to the fun. The monster makeup (Maurice Seiderman) is very good.<br /><br />**** The Monster Maker (1944) Sam Newfield ~ J. Carrol Naish, Ralph Morgan, Tala Birell",negative
"If you haven't seen this, it's terrible. It is pure trash. I saw this about 17 years ago, and I'm still screwed up from it.",negative
"I first read about the Left Behind series a few months ago and made a mental note to check it out since I have an interest in the way religion is used to control people in our ever more hate filled world, so imagine my surprise and joy when I found a copy of Left Behind : World at War in my local library, nestling innocently among the big budget action movies.<br /><br />Now as a movie it's extremely poor. The acting is straight out of an elementary school production and the ""special effects"" would have looked dated in the early 90's. Being the third part of a series the story would be unintelligible to anyone who hadn't seen or read about the other Left Behind movies, and even with my prior knowledge it was still pretty laughable.<br /><br />On the religious front, I don't think anyone who wasn't already filled with the spirit of the lord would find anything in the movie to convince them to change their ways. How are you supposed to fear the Antichrist when he's got a comedy Russian accent, and the worst of his powers are some pitiful CGI?<br /><br />However, my main problem with this movie is the blatant attempt to try and dupe people into believing that it's a big budget action movie. Upon picking up the box and reading the spiel I immediately noticed something odd...nowhere on the packaging was there a mention of the true nature of this film. To someone not in the know it would appear for all intents and purposed that Left Behind : World at War was no different from the latest Tom Clancey. Nor, on the copy that I rented did it say anything about it being the third in a series.<br /><br />Considering the whole premise of the series is that the Antichrist has deceived the whole world, I find it extremely hypocritical that the film makers tried to deceive me TWICE before I even got the to counter! If you're so firm in your beliefs then why not be honest about it?<br /><br />The simple fact is, had this not been a ""Christian"" movie with the built in fan base that goes with it, I seriously doubt it would ever have seen the light of day. If Cloud Ten were hoping that I'd see the error of my ways and give myself to God, I'm afraid to say I would have died of boredom and/or laughed myself to death before I ever had the chance.",negative
"Well well, at last a view of this underrated flick. But you can't find a good copy of it, terrible copy full with green drops, the editing isn't syncronized, the sound do has sometimes that terrible hiss and sometimes you even can hear the camera recording. Overall it's too dark, a waist of time you should say but it isn't. It's a bit slow, the first half part of the movie it's all talking and making love to each other. It is even still weird that the girls in movies from the 60's never wear any bra's. When they enter the sleeping room it's full glory. Anyway, banned in the UK since 84 and still on the video nasties list. The reason is simple, it's gory for their time being. It really has some nasty dismemberement's and it's creepy in some way due the fact that it is filmed handycam way. So every shot the image is moving, things they do these days with the steadycam. The Ghastly Ones could have been better if the quality of the film was better but still better then other films of the time like Schoolgirls In Chains.",negative
"Jim Carrey is a particular brand of humour and I personally think he's a great actor (Eternal Sunshine, for example).<br /><br />However, this movie is presumably intended to be nothing more than a Jim Carrey vehicle, so be aware straight off that if you don't think his style of comedy is funny, you will sit stony-faced throughout this film, as it has NOTHING else to recommend it.<br /><br />Even if you do like Carrey's comedy, I am not sure you will find this film amusing. I went to see it on a Saturday night at 10:30pm and the audience was definitely ready to laugh. They giggled throughout the trailers, which weren't particularly funny, but when it came to the film, stony silence. I think it raised about five genuine laughs.<br /><br />The problem with the movie is it doesn't know what it wants to be. It can't make up its mind whether it's going for slapstick or serious. If it were stupid throughout it could be forgiven but (I'm guessing) it's also trying to make a point about the relationship between the two central characters.<br /><br />The strong point of the film is the hold-ups, and there was plenty of potential here. But these didn't start until about halfway through and remained largely undeveloped. Meanwhile, you have to sit through the first excruciating 40 minutes as the couple's life deteriorates.<br /><br />Four separate groups walked out of this film while I was there, and if my flatmate hadn't asked me to keep away from the house (his girlfriend having just returned from a month-long vacation!), I would have done the same. And in my entire 25 years of movie going, I have done that just once before.",negative
"So, this is the WORST movie you will probably ever see. It's up there with ""Crossbones"" and ""Southern Comfort"", but if your a bad movie fan like I am, this atrocity of a film will be the most fun you've had in years. WHY does the camera make old-school kung fu noises when it zooms? WHY does that random guy stuff a nascar commemorative plate in his bag? And who is he anyway? WHY do the vampires shoot lightning after they die? What is this? Highlander? Dracula McCloud? Who cares! Just laugh at it. This movie has no continuity, no plot, no anything, really. Ron Hall's range of emotions are always off. He looks happy when he should be sad, angry when he should be confused. The rest of the cast couldn't act their way out of a paper bag. The special (""Short bus"" kinda special) effects are randomly placed, and never needed. Most scenes are lit with a desk lamp, if they are lit at all. Mel Novak has the AUDACITY to look off-camera for his line, and it's not even edited out. They just keep on filming. In fact, half of this movie isn't even on film at all. It's 1/2 film, 1/2 sony hand-cam. For most of the film it seems that they left their boom mike at home. This movie doesn't just have a few plot holes, it's a mine field of confusion and mental pain! But OH do I love it! Thank you Ron Hall, for this cinematic abomination. I went out and bought it, cause it's just so damn funny. ($1.99 on Amazon, and I had it rush delivered!)<br /><br />""I have weapons! I have weapons! I have WEAPONS!""",negative
"Slaughter High is intrinsically your emblematic 80s slasher flick. A prank goes out of hand leaving a geeky guy horribly burnt. A few years later the geeky guy returns and starts killing the people who hurt him. Now the story might sound intriguing and very entertaining, but what makes this horrible film so different from the rest of the 80s slasher flicks is that it has some humorless flaws and continuation errors.<br /><br />The acting is horrendous, however, actually not as bad as one would suspect. Though it doesn't help that every character in the film are so grody and unlikable. The lead, Carol Manning (Caroline Munro) is the easily the biggest tormentor of them all and she's the one that we are ostensibly supposed to share compassion and root for. Not to mention, the geeky guy is almost too geeky and I think that even stereotypical geeks themselves would be rudely maddened and just downright antagonized by how geeky he his, so when he gets mauled, does anyone really care? <br /><br />There is much unintentional laughter potential. Munro's lack of acting talent is quite apparent, which puts her down at the same level as the rest of the awful cast. However, the most amusement is easily when the film poorly attempts to pose Munro, who is in her mid 30s at the time, as a teenager amongst a cast of teenagers. And then when it comes to later life and Munro is playing around her real age, the rest of the cast do not pass as adults. This all goes well with a theme song that is a hilariously pose of heavy metal thrash accompanied by maniacal laughter and a voice shrieking ""I'll get you."" With that being said, Slaughter High really isn't a very good slasher flick, but it does have a bad cheesy entertainment value to it. Perhaps an essential for hardcore slasher fans, but don't expect dilemma, suspense, or any credibility from it. Horrible!!!",negative
"this is the 1990's TV show,not the movie from 1979.it looks to be three episodes totaling just under 90 minutes.before watching,i thought it was one of the movie versions,and i noticed right away,it had a TV show Feel to it.i didn't care for it too much.i just felt the story wasn't there,and there wasn't much in the way of excitement or drama.i was looking at the time elapsed on my DVD player frequently,as i was really bored.i also thought some of the dialogue was,to put it politely,not good.plus, i thought the acting left a lot to be desired. but that's just me however,it is good clean,wholesome family entertainment.there's certainly nothing offensive here.kids will likely enjoy it.for me,The Black Stallion is 4/10",negative
"There's nothing to say except I want my time back that this movie took from me. I'm not racist against Latinos. Hell, I'm half Brazilian. I loved the movie Kids. It doesn't make any sense. These kids just go around and do nothing. They're not even good at skating. The whole time I'm just waiting for something, anything, to happen! but it doesn't. NOTHING happens the whole movie. Did I mention they suck at skating. I might make a movie called beat up rockers, and the whole premise will be about kicking the sh*t out of poser moron punks like these kids. I'm not even going to get into it, this movie sucks. Please do yourself a favor and burn this movie if you come in contact with it so some other poor soul won't make the same mistake.",negative
"A ""friend"", clearly with no taste or class, suggested I take a look at the work of Ron Atkins. If this is representative of his oeuvre, I never want to see anything else by him. It is amateurish, self-indulgent, criminally shoddy and self-indulgent rubbish. The ""whore mangler"" of the title is an angry low budget filmmaker who murders a bunch of hookers. There is a little nudity and some erections, but no single element could possibly save this from the hangman's noose. The lighting is appalling, the dialog is puerile and mostly shouted, and the direction is clueless. I saw a doco on American exploitation filmmakers during the recent Fangoria convention. Atkins was one of those featured. He spoke like there was something important about his work, but after a viewing of this, I see nothing of any import whatsoever. There is no style, either, and the horrible video effects (like solarization) only enhance the amateurishness. Not even so bad it's fun. Avoid.",negative
I feel totally ripped off. Someone needs to refund the $4.95 I spent at Blockbuster to rent this homemade mess. This is NOT a musical it is a complete waste of time and my evening. What I don't get is why did this get distributed in the first place???...somebody MUST have been doing some heavy drugs the night that deal was made. I've seen better films come out of film schools and I have been to film school so I can say that as a fact. The quality of this work is also just SO VERY bad to view...shot on DV??? Nuff said. The songs are not songs but just banter that sounds the same in every section. Want to see a good musical? THEN DON'T RENT THIS MOVIE.,negative
"I understand this movie was made on a very low budget but that is no excuse for the monstrosity that is Grendel. Deathstalker, The Throne of Fire, Barbarian Queen, Conquest, the Invincible Barbarian were all done on shoestring budgets and poor special effects yet they still managed to create cult classics by adding some scantily clad women warriors and a good sense of humor. The primitive costumes, dark castles and beautiful Bulgarian landscape gave Grendel the potential to be a very good low budget sword and sorcery film, but the makers completely ruined this opportunity by using extremely poor CGI effects and colorless characters. Compare this film to Beowulf (1999). It may not be Citizen Kane but it is a good example of how an entertaining low budget sci-fi/ adventure movie can be made by using credible special effects and appealing characters.",negative
"The Omega Code was a model of cinematographical inconsistency. There was a bit (but precious little) of good acting, primarily by the two prophets and Rostenberg, who only appeared once and had no lines. Otherwise the acting was decidedly bad. The plot line was rather weak, and only partially based on already questionable Biblical interpretation. Certainly not one of the year's best.",negative
"This movie is a blatant attempt by the left in Hollywood to portray Reagan's administration as incompetent and bungling. Some mistakes may have been made at the time of the crisis, but I'm sure not to the extent portrayed in this lame movie. My first reaction was that this movie had to have been directed by Oliver Stone, but I was wrong this time. There are apparently many others.",negative
"I have never understood the appeal of this show. The acting is poor (Debra Jo Rupp being a notable exception), the plots of most episodes are trite and uninspiring, the dialogue is weak, the jokes unfunny and it is painful to try and sit through even half an episode. Furthermore the link between this show and the '70s' is extremely tenuous beyond the style of dress and the scenery and background used for the show -it seems to be nothing more than a modern sitcom with the same old unfunny, clichéd scripts that modern sitcoms have dressed up as depicting a show from twenty years ago in the hope that it will gain some nostalgic viewers or something like that. Both ""Happy Days"" and ""The Wonder Years"" employ the same technique much more effectively and are actually a pleasure to watch in contrast to this horrible, pathetic excuse for a show",negative
"Dire! Dismal! Awful! Laughable! Disappointing!<br /><br />Right, your trapped in ""The Cave"" with several ""hard"" Men and a Woman or two, your being systematically killed by ""Something"" and you STILL don't get to hear ANY naughty Grown Up words!!! A 15 Cert' here in England, and you could tell!<br /><br />The Egos of the ""Macho Men"" was just too much, pass the bucket I'm going to be sick.<br /><br />This movie should never be exposed to daylight and ironically, be kept in the darkest, deepest hole in the ground and be forgotten forever. I have a feeling that this description isn't the first time to pop its his head from a hole in the ground.<br /><br />Just like the film The Cube, it looked like a good concept but was just let down at the last post by, well its self.<br /><br />This Comment contains Spoilers alright, its called The Cave.<br /><br />Thanks Bruce.",negative
"I had high hopes for this film when I saw the listing and decided to watch it on TV, uninterrupted by commercial breaks. I've liked Lee Van Cleef in many movies but I'm afraid that having the other characters call him Chris repeatedly doesn't turn him into even a reasonable facsimile of Yul Brenner's Chris.<br /><br />I found this movie to be a complete disappointment - the music sound track tried to impart the magnificence portrayed in the original but it too failed to bring the film up the the standard of the original. The rich textures of the characters in the original were mostly missing from this film. I guess if you haven't seen the original it would be okay. Too many clichés and too little depth to the characters. I missed the humanity and compassion and the three dimensional characters of the original.",negative
"Who really wants to see that? Disgusting violence, disgusting sex, for such a long time. I do not want to, but I always stayed true to my philosophy to watch any movie as bad as it may be. This was the hardest (right after ""Next Friday"").<br /><br />It's basically just crap. How can you possibly call it anything else? The story of a Roman emperor as an excuse for gore and T&A. Yeah, yeah, ""Hey, it's realistic, they have been like this."" Fine, but why bother us with it? I don't care if it has been like this (and there are a lot of scenes where I truly doubt it). The point is, why should anyone wanna see it? Problem is, there is only one reason you could like the film and that would be that you like violence. There's nothing special about it, just cruelty. You can say ""Cool!"" as you'd say in splatter-slasher-movie. But horror movies with violence at least can give you chills and excitement, maybe characters you care about. But here everything is dark, dull and boring. Every character is mad. ""The story of an emperor who can't deal with his power"". What? In the very first scene he runs naked through the woods with his sister! I have no problem saying that we saw a madman for 2 1/2 hours.<br /><br />But maybe you get turned on by seeing Helen Mirren, being pregnant and dancing. Or 5 minutes of hardcore scenes that some people see as the message of the movie. Or castration, yeah right, that was fun! Real birth scenes, how hilarious! Humans, animals, who cares, let's just treat them as toys.<br /><br />I don't care what anyone says, this is no movie, this is just 2 1/2 hours of blood and sex, degrading and disgusting. Go watch a porn movie if you want sex or watch a horror flick if you want violence. At least those movies don't pretend to be some artistic masterpiece. And they are shorter.<br /><br />[0/10] [6 (1+ - 6-)] [0/4]",negative
"And that comes from someone that will withstand almost ANY viewing. The acting and sound is awful. This might qualify for a ""so bad it's good"" point of merit,,,for some. However I take my horror movies seriously and this is just crap-it's just soooo cheap, I think that's my major complaint. The dialogue is often hilarious-attention to how many times ""you startled me"" is used. The ""child"" actress is seriously god awful-I pray her acting career ended here..her line ""DONUTS! I HATE DONUTS"" is worth repeated viewing however.",negative
"I saw ""Shiner"" on DVD. While I was watching it, I thought, ""This is a really bad porn flick without the porn."" I also thought, ""Whoever wrote this has some real issues."" Then I watched the director/writer Carlson explain his process as a special feature. Yeah, it was real special.<br /><br />The emphasis of the film is placed on two alcoholic losers who hit each other to get off. They are marginally attractive. There is frontal and full nudity. These factors probably account for the film being seen at all.<br /><br />The most upsetting element of the film is the gay bashing and the subsequent further gay bashing of the same victim who tries ineptly to exact revenge from his assailants, the two drunken losers. Not only is the subject handled absurdly and badly from a technical point of view, but the acting is horrendously bad.<br /><br />Then there's the boxer-stalker theme. This is really insane, not just absurd. This hunky boxer is somehow traumatized by the persistent attentions of a fleshy momma's boy who works at his gym's parking lot. This is in LA, mind you. The boxer is so traumatized that he turns up at the stalker's house, strips in front of him and gets excited in the process.<br /><br />Well, all I can say is, why would a boxer who is at heart an exhibitionist be so traumatized by the attention of a stalker? It simply makes no sense. And, I'm afraid, some psycho-dynamics actually do make sense, if you take the time to read about them. However, bad scripts seldom make sense at all.<br /><br />The director/writer seems to have thought that this film represents a considerable minority within the gay community. Well, he may be correct, I suppose. We may never know, since that minority would be so dysfunctional they would hardly be able to get organized enough to ever get to an obscure gay film festival or DVD store, the only two places they could possibly find this turkey. Thank goodness for that.",negative
"I did not like this film at all: The scenario is boring - and after a while, its primitive predictability really gets on your nerves. Even if you give Chabrol a high bonus for not being a beginner, I did not manage to find anything specially interesting on his characterization of Mika neither.",negative
"This film limps from self indulgent moment to self indulgent moment, promising to develop into something worth hanging on for. But it doesn't. It's flat, self conscious, unimaginative and tedious.<br /><br />A series of set images and backdrops don't make a film, they make a calendar. This kind of pitiful socialist pseudo drama documentary (""It's TRUE it REALLY happened"") not only fails to entertain, it fails to convince, so it doesn't even function as social history. Clichés co-mingled with bad acting make this a film very difficult to finish, the amusement factor wearing off fairly quickly. The characters are one dimensional, never developing to the extent that one feels for them. The director's ego is the largest character in this film.",negative
"Strange, almost all reviewers are highly positive about this movie. Is it because it's from 1975 and has Chamberlain and Curtis in it and therefore forgive the by times very bad acting and childish ways of storytelling? <br /><br />Maybe it's because some people get sentimental about this film because they have read the book? (I have not read the book, but I don't think that's a problem, film makers never presume that the viewers have read the book). <br /><br />Or is it because I am subconsciously irritated about the fact that English-speaking actors try to behave as their French counterparts?",negative
"Robot Holocaust is about the lamest, most pathetic attempt at making a post-apocalyptic movie that I've seen. And I thought the Italians were the masters of wretched Mad Max wannabes. Some of those movies like Escape 2000 are positively brilliant in comparison with this piece of poo. The plot is nonsensical  even with a narrator setting up every scene. And boy does it drag. Scene after scene with nothing of any interest happening. The special effects (and I use the word ""special"" loosely) consist of sock puppets. Yes, that's right  sock puppets! The acting is abysmal. Angelika Jager is in the running for worst performance I've ever seen. Sure, she's French or German or whatever  but man is she bad. I cannot think of a single positive thing to say about the movie. So I'll stop there because ten sentences on this junk is about ten too many.<br /><br />However, and fortunately for me, I saw the MST3K version of Robot Holocaust. Some of the things that made the movie so bad helped make this MST3K episode a winner. For a season one episode, the riffs come fast and furious and hit their mark just about every time. On my MST3K rating scale, I give this episode a 4/5  seek it out.",negative
"A wide variety of snakes stage an uprising on tourists ""invading"" their island due their captain's boat damage. The few remaining survivors who aren't caught vulnerable by the snakes will attempt an escape mission, their goal to flee to available boats which can get them safely off the island.<br /><br />Presented straight-faced with injected doses of visual humor featuring lots of snake gags, Wayne Crawford's SNAKE ISLAND features plenty of different breeds of the slithery predators, in striking position, ready to attack their prey. Star William Katt, as an author researching snakes for a forthcoming novel, has fun in his role along with writer / director / co-star Wayne Crawford(..as the tourist boat captain) as put-upon heroes who stare down a most serious crisis. Kate Connor is Crawford's attractive love interest, a lawyer on vacation. The other cast members serve as either tourists or crew, mostly fodder for the snakes. <br /><br />As in many other movies of this type, director Crawford features live snakes with computer generated ones, and the violence is really tame. Crawford even incorporates the point-of-view technique with the camera as the eyes of the snake as it faces the potential victim(..with the actor looking directly into the camera). Never to be taken seriously, the tongue-in-cheek approach was probably the best way to shoot SNAKE ISLAND because the premise is just too ridiculous to accept on it's own.<br /><br />The effects and suspense scenes rarely work because Crawford is often unable to successfully stage the sequences where humans face off with the snakes. The snake attacks themselves also never happen on screen(..one or two tops), or are so limply presented they leave little impression. That's a no-no for a genre such as this. Fans of Katt will probably want to check it out because he does provide some facial comedy that establishes the overall tone of certain scenes where he must defend himself against the snakes. The CGI scenes where we see a large number of snakes in a general area aren't very effective which remove the realism Crawford might've attempted to establish. There are plenty of better horror films featuring snakes as the aggressors than SNAKE ISLAND. Surprising moments of nudity, relegated to a scene where the tourists and crew unwind after a long day with the bubbly, not knowing what danger lie ahead.",negative
"This movie would receive a much higher vote from me in general and I will talk about why, but first and foremost it receives four stars and should stay at four stars because of the directors ridiculously tasteless portrayal of rape and sexual assault. Not far into the movie Oyama sexually assaults a woman he rescued earlier, and while she briefly becomes somewhat miffed by his actions this attitude only lasts about five minutes before loving adoration sets in and carries her character through the rest of the film. I know many will argue that it's not that important in a kung fu beat-em-up, and as a fan of the genera I can't say that it's all that unusual, but that doesn't stop it from being completely tasteless every time I see it.<br /><br />What I will say in this movie's defence however is that it's somewhat refreshing to see a martial arts, or even action movie of any sort, that offers no actual hero for the viewer to get behind. Oyama is portrayed as a rapist and murderer; a societal outcast whose only student becomes completely mentally unbalanced before being gunned down by the police. The final shots of the movie leave one with the feeling that Oyama himself is poised for a major breakdown and no longer seems to care for the woman he earlier assaulted into loving him and has since followed him with puppy-dog like devotion.<br /><br />Whether this was truly the intended message of the movie or not, one can't help but feel a little hopeful that Oyama might be on the brink of suicide by the time the movie is over. This is a rare emotional treatment from the martial arts genre and its interesting to see a film that leaves you with a sense that its violence is not to be celebrated. If only Karate Bullfighter had treated the subject of sexual violence better, either by creating more emotional depth and recognition between the two characters involved, or by leaving it out all together, this would have been a much more interesting film.",negative
"Love the TPB's but this was a lame episode. Didn't have the same feel that the series or the movie has. Looked like it was put together in a hurry. I didn't enjoy it at all. The so-called acting was awful. The cast appeared like they knew this was a money-grab of an episode to get to market quickly. I hope we don't have an easter special next because that will be it for me. The writing of this episode was definitely Mike Clattenburg's worst in the history of this show. The direction left a lot to be desired and I almost felt bad for the cast and crew of this weak attempt at a Christmas special. Like I said, I love the TPB's but this one goes to the trash bin.",negative
"Scott Menville is not Casey Kasem. That is the first, most important, and most disturbing thing about this attempt at re-imagining Scooby-Doo and company.<br /><br />Shaggy's voice is squeaky and does not sound anything like he has ever sounded in any of the previous incarnations of the Scooby shows. They've also changed the outfit and the classic mode of walking from the original.<br /><br />I'm not sure what they're on about yet with the villain angle, but it surely isn't following the formula used in any of the previous Scooby shows.<br /><br />And the animation style is very bizarre and distorted. I like it, but it's not real Scooby-Doo type animation. But the weird animation used for other WB shows grew on me; this might, too.<br /><br />It's worth a glance at -- once -- if you can handle the lack of proper Shaggy voice. That right there is enough to jar one out of enjoying the show properly. Besides, I am trying not to be an inflexible, nitpicking fan. Evolve or die, as the saying goes. We'll see how it looks after two more episodes -- by then I'll have formed a much more solid opinion.",negative
"Spoilers abound. You have been warned.<br /><br />I was thoroughly disappointed, this being my first STREET FIGHTER movie I have seen (I dare not go near the 1994 joke yet). Very little grabs your attention in STREET FIGHTER ZERO (ALPHA) as opposed to most japanimation. The fights are hilariously done over board (Shun versus Zangief was a laugher) and the dramatization is far too moody especially toward the end when Ryu has to control everything in his fight against his brother.<br /><br />The main street fighter, Ryu, has been weakening to a far darker version inside of himself. Frustrations in controlling this darkness are further complicated by the sudden arrival of a younger brother! A shady street fighting tournament is held with more than just fighting on the promoter 's mind.<br /><br />What is with the artist 's drawing of feet? Any anime drawn above the stomach is impressive. The story 's soft nature makes the STREET FIGHTER genre far too intelligent, and places far more emphasis on a character (Shun), that is not even a fighter in the video game! A character study on more than just the core stars of the original STREET FIGHTER is completely ignored. How many times did you catch Rolento? Adon? Guy? STREET FIGHTER ZERO lacks the imagination of the video game.",negative
This movie stinks. The stench resembles bad cowpies that sat in the sun too long. I can't believe that so many talented actors wasted their time making such a hopelessly awful film. Whew!,negative
"The ""Wrinkle in Time"" book series is my favorite series from childhood. I have read and re-read them more times than I can count over the last 35+ years. The characters, with all their virtues and flaws, are near and dear to my heart. This adaptation contained very little of the wonderful, magical, spiritual story that I love so much. To say I was disappointed with this film would be a great understatement.<br /><br />If you have never read the book(s) I imagine you will enjoy the movie. The acting is passable, the special effects are well done for a made for TV movie, and the story is interesting. However, if you love the books, avoid this movie at all costs.<br /><br />I found this statement at the Wikipedia page of the novel: ""In an interview with Newsweek, L'Engle said of the film, 'I expected it to be bad, and it is.'""<br /><br />I, like another reviewer here, feel the need to read the book again to dispel this movie from my mind.",negative
"Where do I start? The plot of the movie, which is about a love between two high school students during wartime, while one is a living weapon, and their struggle to maintain that love is a very good plot. It is based on a manga by Shin Takahashi which was also turned into an anime in 2002, both of which I have yet to read or see.<br /><br />This review is about this live action adaptation however. Sadly, this honest to goodness was a terrible movie. It isn't as if one could site certain aspects, and say, for instance, the budget is at fault, or the acting is to blame. It is, sadly, a series of underwhelming and ineffectual elements that bring this film down.<br /><br />The acting is poor. Not to say Aki Maeda and Shunsuke Kubozuka are bad actors, but they didn't have much to work with, and seemed miscast. Neither seemed to have the physical range to draw the viewer in the story as well as being too old for their parts to a distracting degree.<br /><br />The script was weak, the leads act unrealistically, and behave irrationally. The film also plays for the heartstrings, but ends up being predictable, all the while not being compelling, and under-developing the characters. There are also pacing issues.<br /><br />Visually, it is unremarkable. The film uses green screen heavily and unnecessarily in too many scenes. The other special effects also have a cheap look to them, especially where minimalistic practical special effects could have been used. There is also no visual flair, as if there were no cinematographer or art designer to make the scenes look consistent and stimulating.<br /><br />The music and sound effects were fine, but unremarkable.<br /><br />Overall, the movie isn't devoid of enjoyment, and fans of the series shouldn't be discouraged to see it at least once just for the sake of completion. People unfamiliar with Saikano, this probably isn't the place to jump in as it isn't a very good movie or melodrama. It isn't the movie or the cast and crews fault, it just isn't inspired, and that is what kills it.",negative
"I read comments about this being the best Chinese movie ever. Perhaps if the only Chinese movies you've seen contained no dialogue, long drawn-out far-away stares and silences, and hack editing, then you're spot on.<br /><br />Complicated story-line? Hardly. Try juvenile and amateurish. Exquisite moods and haunting memories? Hardly. Try flat-out boring and trite.<br /><br />This was awful. I could not wait for it to be over. Particularly when the best lines in the movie consist of ""How are you? I'm fine. Are you sure? Yes."" Wow! What depth of character. I guess the incessant cigarette smoking was supposed to speak for them.<br /><br />As a huge fan of many Chinese, Japanese and Korean films, I was totally disappointed in this. Even Zhang's sentimentally sappy ""The Road Home"" was better than this.",negative
"I can't really see how anyone can have any interest whatsoever in seeing this movie. A woman meets a man, he wants to play games, she too, but only until she realise what she's missing. She leaves, and that's it really. It took 9 1/2 weeks before Elizabeth (Kim Basinger) left John (Mickey Rourke). She should have left him after 30 minutes and ended our misery.",negative
"Thunder Alley finds Fabian banned from NASCAR tracks after causing the death of another driver. Stanley Adams might want to put him on his team of racers, but the other drivers aren't for having him around.<br /><br />Desperate for employment Fabian hooks up with an auto stunt show owner Jan Murray who's paying him peanuts and trying to capitalize on Fabian's bad rep. He's got to take it, but Annette Funicello who's Murray's daughter provides another reason to stick around.<br /><br />The rest of the film is Fabian's struggle to get back to the NASCAR circuit while at the same time juggling both Annette and his current girl friend Diane McBain. Personally, I would have taken McBain, she has it all over Annette.<br /><br />Thunder Alley is helped by location shooting at the southern NASCAR tracks and good film footage of NASCAR racing. Not helped by a rather silly story which delves into the real reason for Fabian's problems and his rather unrealistic recovery from same.<br /><br />Still fans of NASCAR might go for this.",negative
"I wholeheartedly disagree with the other viewers of this wretched film. The only reason why I didn't rate it 1 for awful was due to the great talent of Carmen Miranda. The beginning and end are the best parents due to her gifted singing and dancing.<br /><br />The problem is with the rest of the picture. Alice Faye comes off quite hollow. Don Ameche has a great singing voice but with the wretched writing material, he comes off so terribly corny.<br /><br />The plot is a real stiff here with Ameche assuming two parts as a song and dance man and a baron not happily married to Faye.<br /><br />It seems that by playing the song and dance man, Ameche's marriage gets a second change to reignite. Some silly nonsense about the baron having to clear up business and being away allows him to play both parts.<br /><br />S.Z. Sakal is given little to do here and so his comedic gifts are not given the opportunity to shine. Ditto for J. Carrol Naish who actually appears uncomfortable in his role.<br /><br />This is a chica chica boom bomb of a film.",negative
"Voor een verloren soldaat , for a lost soldier, is a sad example of how not to translate to film a touching, complex psychological study, of that most magical time in a man's life, when he is still a child, but starting to become a man. The novel records the real life experiences of Rudy van Dantzig, as told thru the boy Jeroen, during the waning days of WWII at age 11 as he deals with his incipient sexuality, and his deep fears of abandonment as he has been sent to the province of Friesland, north of Holland by his parents because of the lack of food in Amsterdam and has not heard from them in many months as the postal service has broken down.. The arrival of the liberating soldiers in the film, is presented in a painfully corny way, with the soldiers providing entertainment vaudeville style. Then one soldier, Walt, romances Jeroen and the pair is presented as two frolicking males.who consummate their love in a sexual experience. This taken in stride by the 11 yo Jeroen. The reality was somewhat different: Jeroen describes his encounters with Walt, 6 in all, in detail but in oblique language. But there is no misunderstanding their nature. Walt is aroused to an intense passion by Jeroen, during which he handles him roughly, so that in their final meeting, Jeroen is bruised and suffering a painful wound on the shoulder where Walt has bitten him. During this encounter, Walt rapes Jeroen, twice. Jeroen could have easily avoided Walt after their 2nd encounter, when Walt first assaults him as Walt is clearly anxious to keep his abuse of the boy from the other soldiers. Why Jeroen keeps seeking Walt out is a mystery of the human heart and not explainable, by me anyway. What the film leaves out is the aftermath: the nightmares, the dejection, the frantic search throughout Amsterdam on the chance of finding Walt, for Jeroen loved Walt, and nothing could shake that.",negative
"Oh it really really is. I've seen films that I disliked more, due to whatever reason, but never have I seen a film that just fails in every single aspect of film making. It even fails to fail at film making, in a Way the Hercules in New York could be said to do. It's not the film I like the least, but it is the very worst film I've ever seen.<br /><br />The acting is the first thing that strikes you. I've never seen a worse acted film outside of pornography. In fact I've plenty of pornographic films that are acted a damn site better than this. It really is awful.<br /><br />Technically, it's terrible. The camera-work is amateurish. The editing is nonsensical. I presume they couldn't afford proper sound equipment, and this meant that every scene in a car (and there's a lot of them) has them driving at about three miles per hour and every scene set outside by the same patch of woods (and there's a lot of them too) is actually dubbed from a studio, again lending more to the bad porn vibe.<br /><br />The plot is nonsensical, as many have pointed out. I'll defend vampires walking in daylight by the fact that despite it being popularized by Nosferatu, this was never originally an intrinsic part of the vampire mythos.<br /><br />Speaking of vampire mythos, the writer had evidently read Carmilla, or at very least seen The Vampire Lovers. I'm not sure how I feel about this, swaying from impressed that a movie this dire has at least some aspirations to a Gothic novel I'm very fond of; or annoyed by its at best sledgehammer references and at worst total desecration of source material. At very least 'the General' is an insult to Peter Cushing though.<br /><br />It gets two stars however, merely because I can't bring myself to vote one star for a film that has, or at least purports to have, both vampires and zombies in it. Incidentally I watched Lifeforce (another film that tenuously has vampires and zombies in it) on the same day as this, and despite being a rather flawed film itself, really comes out a masterpiece compared to this.<br /><br />So in the end, this is not a film so bad it's good, or so bad it's in any way enjoyable, even drunk. It's just a mess, and worth no-one's time watching.",negative
"...that Jamie Foxx would ever deliver such a wonderful, Oscar-winning performance. One of the reasons why I was so impressed with Foxx's performance in ""Ray"" was because from watching his hammy, obnoxious acting in movies like ""Bait"" and ""Booty Call,"" I would never imagine he would ever hold the Oscar. If people told me five years ago that Jamie Foxx was one day going to win an Oscar, I would laugh right in their faces. Who knows? Maybe he's better off sticking to drama, because if you watch ""Bait,"" it's clearly evident that comedy is not his forte. I swear, Jamie mugs so much in this movie that I'm surprised his face didn't fall off. And why does he have to do those stupid voices at every chance he gets? Anyone familiar with comedians like Bob Newhart and Steven Wright knows that doing comedy doesn't require being loud and obnoxious. If a joke is funny, it's funny. If it's not funny, then doing some crazy accent is not going to make it any funnier. The problem I have with some comedians who decide to try acting is that they favor getting laughs over being in character. In real life, normal people don't always have witty comebacks and quips. Like Albert Brooks said in an interview discussing his character in ""Taxi Driver,"" it's important to be funny as your character, rather than be funny as a comedian. A prime example of Jamie violating that rule is the nauseatingly awful scene where his mug shots are being taken, and he starts posing for the photographs like a model. If a regular person were being thrown in jail, would he really be acting goofy while having his mug shots taken? And wouldn't the police try to scold him if he was? There are many scenes like that throughout the film. Another awful sequence is one where Jamie is on the unwittingly on the phone with the villain, and he starts doing a phony Caribbean accent. Not funny! Not to mention Jamie never seems to acknowledge the timing of a joke. Giving a comedic performance requires patience, whereas he goes straight to the punchline, whether it's the right time for it or not. I'm not even a big Mike Epps fan, but even his performance is good in comparison to Jamie's. As a matter of fact, this is the first time I felt somewhat relieved whenever he would appear on screen. Epps has the same flaws when it comes to comedy, but at least he chooses a more low-key approach. One of the few bright spots in this clunker of a comedy is David Morse, a highly underrated actor mostly known for his supporting roles as villains. He seems to be the only actor in the film concerned with grounding it in reality. However, fellow ""Green Mile"" star Doug Hutchison is disgustingly over-the-top as the villain. A big surprise, considering he gave a superb performance in ""The Green Mile,"" also playing a heavy. Antoine Fuqua has proved his directing chops in movies like ""The Replacement Killers"" and ""Training Day."" Even in ""Bait,"" he shows he can direct a hell of an action sequence. His only problem seemed to be in disciplining Jamie Foxx, who probably improvised half the script with one bad joke after another. Unless you're a die-hard fan of Foxx, please don't take the bait.",negative
"I went into this movie with very little in terms of expectations. I went with my girlfriend and two friends, and none of them could explain the story of the Grudge 1 to me. Well, if the first one couldn't leave an impression on them to explain the plot, then I doubted this one would be any better.<br /><br />Let me summarize what the trailers let you know: The Asian lady is back and so is Sarah Michelle Gellar. Luckily for her, she isn't around very long. That decision may have saved her career.<br /><br />The movie has three story lines, and none of them make sense. And even worse, none of them are developed. You almost start to understand, and then someone dies and the story gets left behind. Okay, killing people could be scary, but I was left more confused over the attempted plot development than I was frightened. They jump back and forth between all three story lines, which aren't related... OR ARE THEY?!?! *SOUND EFFECTTT*~~~ The timing of the three stories are displaced, and you can tell right at the start that the movie is going to have a twist at the end. BE PREPAREDDD. Oh Wait. Sorry, this isn't a Fight Club or Vertigo quality twist, you could see this one coming from miles away. And probably envisioned a MUCH better twist in your head... they should've hired me. Instead of the girl making her ""SURPRISING"" appearance, maybe it could've been Michael Jackson instead? That part of Scary Movie 4 scared the crap out of me.<br /><br />The killing sequences were terribly done. Unlike horror movies of the past, where a killer pops out of nowhere, a closet or behind a door for example, and everyone in the theatre jumps (and subsequently the fat guy behind you spills popcorn down your neck)- this lacked any frightening pop ups. They zoomed in on where the random Asian woman or kid would show up, and you knew exactly what was coming. Instead of having the music get really loud, then quiet, then a pop out to psyche you out, the music actually gave you timing for the scary scene. If I know it's coming, it won't scare me.<br /><br />The movie began with explaining what the ""Grudge"" is; when a person is killed during a fit of rage, a curse is placed on the location where she was killed. So why does the Asian lady being cursed by her mother have any significance to the story? And why is the grudge now moving countries? This movie was absolutely terrible.<br /><br />All it did was leave me begrudging my friends for making me go- we should've seen one of those animated Pixar movies. It would've been scarier.",negative
"The Horror Channel plays nothing but erotic soft porn Gothic flicks each night from 10pm till about 4 in the morning, but their 'scare' factor is very limited, if one exists at all. In fact I am sure I will find a multi-million pound lottery win more scary than anything this channel has to offer.<br /><br />The Bloodsucker Leads the Dance deserves special mention because it is I feel, the undisputed low of a channel full of lows. I cannot even begin to tell you how bad this film is, but for the purpose of completing the minimum 10 lines demanded by this site, I will at least give it a go.<br /><br />Firstly the title is misleading and bears no resemblance to the action on the screen. In fact the film might as well have been called 'Toothbrush' or 'Wallpaper' for all it has to do with the plot. At least they used toothbrushes...at least they had wallpaper.<br /><br />There are no bloodsuckers for miles around and whats even worse there are no dances, not one. I'm sure they were making two different films by mistake here.<br /><br />A more suitable title would have been, 'Horny Italian Count Leads Five People to a Scary Castle and Bores us Silly for Ninety Minutes.' Yes that fits better.<br /><br />The acting is terrible and and the dubbing appalling, and that guy who plays Seymour was almost as wooden in his walk as he was in his character....abysmal.<br /><br />The only saving graces of this film are a small but slightly interesting lesbian sex scene, two small and very interesting heterosexual sex scenes, and the added attraction in that every single female character gets her kit off. Bonus.<br /><br />Otherwise steer a wide birth away from this one. No vampires, no dancing, no scenes of a brutal or gruesome nature and no way on Gods earth I will ever, ever, ever watch this one again.<br /><br />No word of a lie, this film could put you off motion pictures for life.",negative
"I don't know how or why this film has a meager rating on IMDb. This film, accompanied by ""I am Curious: Blue"" is a masterwork.<br /><br />The only thing that will let you down in this film is if you don't like the process of film, don't like psychology or if you were expecting hardcore pornographic ramming.<br /><br />This isn't a film that you will want to watch to unwind; it's a film that you want to see like any other masterpiece, with time, attention and care.<br /><br />******SUMMARIES, MAY CONTAIN A SPOILER OR TWO*******<br /><br />The main thing about this film is that it blends the whole film, within a film thing, but it does it in such a way that sometimes you forget that the fictions aren't real.<br /><br />The film is like many films in one:<br /><br />1. A political documentary, about the social system in Sweden at the time. Which in a lot of ways are still relevant to today. Interviews done by a young woman named Lena.<br /><br />2. A narrative about a filmmaker, Vilgot Sjoman, making a film... he deals with a relationship with his star in the film and how he should have never got involved with people he's supposed to work with.<br /><br />3. The film that Vilgot is making. It's about a young woman named Lena(IE. #2), who is young and very politically active, she is making a documentary (IE. #1.). She is also a coming of age and into her sexuality, and the freedom of that.<br /><br />The magnificence and sheer brilliance of ""I am Curious: Yellow/Blue"" is how these three elements are cut together. In one moment you are watching an interview about politics, and the next your watching what the interviewer is doing behind the scenes but does that so well that you sometimes forget that it is the narrative.<br /><br />Another thing is the dynamic between ""Yellow"" and ""Blue"", which if you see one, you must see the other. ""Blue"" is not a sequel at all. I'll try to explain it best i can because to my knowledge, no other films have done it though it is a great technique.<br /><br />Think of ""Yellow"" as a living thing, actual events in 14 scenes. A complete tale.<br /><br />Think of ""Blue"" as all the things IN BETWEEN the 14 scenes in ""Yellow"" that you didn't see, that is a complete tale on it's own.<br /><br />Essentially they are parallel films... the same story, told in two different ways.<br /><br />It wasn't until i saw the first 30 minutes of ""Blue"" that i fully understood ""Yellow""<br /><br />I hope this was helpful for people who are being discouraged by various influences, because this film changed the way i looked at film.<br /><br />thanks for your time.",positive
"For a long time it seemed like all the good Canadian actors had headed south of the border and (I guessed) all the second rank ones filled the top slots and that left the dregs for the sex comedies.<br /><br />This film was a real surprise: despite the outlandish plots that are typical of farces, the actors seemed to be trying to put something into their characters and what we, the viewer, got back was almost true suspension of belief. When the extras from the music video attacked the evicting police, you almost believed it was possible.<br /><br />If you are a fan of some of the better sex farces (Canadian or not) you should definitely seek this one out. And the big surprise, this sex farce is also loaded with some very good nudity.",positive
"Terry Gilliam's and David Peoples' teamed up to create one of the most intelligent and creative science fiction movies of the '90's. People's proved a screenplay with bizarre twists and fantastic ideas about the nature of time  I especially love the idea one can't change the past; it's a nice counterpoint to so many time-travelling movies which say otherwise  biological holocausts and the thin line between sanity and madness. Gilliam visualized his ideas with unique quirkiness, perfection and originality.<br /><br />The story itself is engaging: one man, James Cole (played by Bruce Willis in a heart-warming performance) travels several decades to the past to retrieve information about a virus that's wiped out mankind and left only a few survivors alive living underground: with the information he'll collect, scientists hope to find a cure so everyone in the future can return to the surface. But because their time-travelling technology isn't perfect, he ends up being sent towards different other pasts and complicating things. And from that a brilliant science fiction thriller with shades of film noir ensues as the multiple pieces of a huge jigsaw start fitting together to form a bizarre narrative involving animal right activists, end of the millennium paranoia, biological weapons, the perception of reality, and the definition of sanity. With such a complex movie, it was easy for Gilliam and Peoples to create a mess, but instead Twelve Monkeys is a thought-provoking narrative which will please those who like to be challenged and have patience to appreciate some crazy ideas.<br /><br />I watched this movie once around 10 years ago. It marked me a lot: I remember still thinking about many days after-wards; for my young mind this seemed quite mind-blowing and it was one of the first movies to make me appreciate cinema as something serious and important. I've re-watched this movie a few days ago on DVD and it's better than I remembered it. Brad Pitt still steals all the scenes he's in, playing Jeffrey Goines  almost a prelude to his Tyler Durden character in Fight Club  a rich kid with some anarchist/non-conformist ideas who's also crazy and, according to Cole, perhaps responsible for the virus. The scenes between Jeffrey and Cole in the madhouse are the best in the movie, Pitt's eyes, voice and quirky mannerisms convince you he's really a crazy guy locked in a warped logic only he understands. Pitt's Oscar nomination was well deserved! Surprising was also Bruce Willis' performance: his I didn't remember very well, but it's beautiful and full of sensibility; he plays a man who spent almost all his life underground, and when he comes to the past you'll share his childish fascination with something as simple as breathing the fresh air of the morning or watching the sun go up. Cole is a rather ambiguous character, Peoples' tried to imbue some darkness in him, and he does other disturbing things to other people and to himself: the scene where he removes his own teeth reveals how far his dementia has gone unchecked. Ironically Cole didn't start as a crazy character, but when he starts warning everyone about the end of the world, he's considered mad and convinced it's all in his mind, until he arrives at a point when he can't distinguish past from future, reality from fiction. Willis spends a lot of time looking confused and insecure, and it works perfectly. One of the fun twists in the narrative is when Cole's shrink, Dr. Kathryn Railly, finds undeniable proof he's really from the future and now has to convince him again of his mission to save the world. The screenplay is full with weird twists like this and it keeps the movie in a fast pace. Their relationship is also well-handed, although perhaps a bit compressed for time's sake. But I enjoyed watching Cole and Railly falling in love and trying to escape the authority of the future to live a peaceful life in the past. But then things end in a tragic/bittersweet climax at an airport, wrapping all the pieces together, which will blow many minds away.<br /><br />There are two great endings in this movie, a twist in the sense of Se7en or Fight Club, and a more intimate ending where Railly is crouching next to Cole who's just been shot and looking around for a younger James Cole who's witnessing his future self die; the two share a brief look, and she smiles at him. The twist is brilliant, but I prefer this ending for emotional impact. Madeleine Stowe is very good playing Dr. Railly, she drew many different emotions from me in her performance. The movie is filled with a sense of fatalism with the idea the past can't be changed: this movie shows that in a terrifying way. It reminds me of Chinatown in that sense, the way Jake Gittes messes everything up the more he tries to help. Railly's character shares that fatalism, the more she tries to help Cole  first dealing with his 'madness' then helping him in his mission  the more they're sucked into tragedy.<br /><br />The twist ends with a hopeful note, though, with the feeling Cole's mission hasn't been in vain. Twelve Monkeys is a great movie to watch if one wants to be entertained; it's not supposed to be art, although it's more artists than many artistic movies. It's an unpretentious movie where all elements, from music to editing to costume design, etc., came together beautifully to produce a modern cinema masterpiece.",positive
"What is there to say about an anti-establishment film that was produced in a time of such colourless void, social indifference and authoritarian contentment. Cassevettes first major independent film was not an instant box office success and still has not received the critical attention it deserves. I draw comparisons to this wave of American independent projects consisting of such 'Beat' filmmakers as Robert Frank and Harry Smith with the burgeoning scene emerging in Paris in the late 1950's known as the French new wave.<br /><br />They discussed poetry and philosophy and vulnerability at a time when the rest of the culture was obsessed with rediscovering American cultural supremacy; even at this stage this peculiar, highly spontaneous brand of filmmaking fought against the establishment of such political lexicons and bigots that held the development of the arts in check in the mid twentieth century.<br /><br />Cassevettes film examines race relations and portrays man as weak in the face of love because we, as a culture, are blinded by our own race bias and prejudice. The great element to most of Cassevettes work is that his films have almost a reversal minimalist effect; a mental reaction is evoked through subtle character relations, not so much imagery. This is why his work seems to linger because he takes a more intimate approach to defining charcters that rely less heavily on explicit actions and more upon interpretation.<br /><br />Although my favourite Cassevettes film is 'Husbands', this one is his most important.",positive
"This movie was made only 48 years after the end of the Civil War--most likely in anticipation of the 50th anniversary of the end of the war. In the film there are recreations of battles and the people of the era that look rather impressive and realistic. It also provides a different and more balanced view than just its contemporary, BIRTH OF A NATION--a patently absurd and racist film. Because of this, this short film would be excellent for use in the classroom to discuss the war and tell the story of a very young man that runs away to enlist as a drummer. The boy makes good and is a hero, though the film ends rather melodramatically--a definite convention of the day. Not a great film, but a decent plot, decent acting and little of the over-the-top acting you often saw in other films of the day.<br /><br />One annoying aspect of this film was the too frequent use of title cards to describe or set the stage for stuff that was really obvious. It got annoying from time to time.",positive
"I like this film for several reasons. I have a soft spot for films about intricately plotted criminal plots like TOPKAPI. I also enjoy films (like TOPKAPI and BIG DEAL ON MADONNA STREET) that spoof the the genre. One of the best ones is DISORGANIZED CRIME.<br /><br />Corbin Bernsen has met four cons over the years, and he decides they can all be useful in a bank robbery he is planning in a small Montana town. But he hasn't given any details on the crime to the fellows, nor do they really know each other at all. Shortly after he sends for them Bernsen is arrested by two New Jersey policemen (Ed O'Neill and Daniel Roebuck) whom he escaped from before and have a warrant to bring him back. While he is in their custody the four cons (Fred Gwynne, Lou Diamond Philips, Ruben Blades, and Will Russ) show up without a clue about why they are there except that Bernsen was planning something. <br /><br />The first twenty minutes of the film deal with the four cons slowly getting used to each other, with Gwynne and Philips managing to push away their own suspicions to figure out they have to trust each other. At the same time we see Bernsen patiently waiting for the right moment to escape from O'Neill and Roebuck again - not too difficult as they are not the brightest bulbs who ever existed. The result are two sets of plots that will keep juxtaposing against each other throughout the film: the four cons trying to figure out what Bernsen's scheme was, and how to put it into operation, and Bernsen trying to maintain his own freedom from his pursuers and regain his cabin (and hopefully find his gang there for him to take command of). There is also a third, smaller, plot involving the growing annoyance and anger of local Sheriff Hoyt Axton against the idiots from New Jersey who keep getting into his hair.<br /><br />There are many delightful moments in the film, such as Axton, egged on by O'Neil and Roebuck, into surrounding a house in the town that Bernsen is supposed to be hiding inside of, and yelling (through a megaphone, ""Come out, we have you surrounded!!"", only to have the scene switch to a huge, Montana plain that Bernsen is struggling and stumbling through miles from where the police think he is at that moment. There are moments of misadventures by our four cons, who fortunately put the oldest (Gwynne) into leadership position. This does not always guarantee anything. At one point their car won't start, and they have to thumb a ride by truck. Unfortunately it is a truck carrying manure.<br /><br />The conclusion with the gang successfully carrying out the robbery, including disabling all the police cars at the critical time (Philips specialty is cars) is also a gem of timing, suspense, and comic results. The film is very entertaining, and certainly worth watching.",positive
"This movie will undoubtably not go over well with some, because most of the horror is mental. But it does have a little something for almost everyone, including a couple of really cool abduction scenes with aliens. The film makes extensive use of alien abduction mythology, while also showing a bit more intelligence about some facets of abduction myths than you would expect out of a movie. Jillian McWhirter is excellent in what had to have been a grueling performance.",positive
"Why this movie has all but disappeared into obscurity is an absolute crime. ""Conan"" is perhaps the only Sword and Sorcery movie better. The brutal violence, cool character designs, and good pacing, make this one of the best fantasies around. It is certainly the greatest animated movie aimed at a more adult audience that I have ever seen. This is not similar to Bakshi's usual frenetic style. It's quite a departure for Bakshi, and in my opinion his best work. I hope that this film gets the recognition it deserves.",positive
"Small SPOILERS alert !!!<br /><br />Good movie...VERY good movie. And I'm surprised to say that myself, because I'm not a big fan of vampires and the sound of the director's name Deran Serafian usually means bad news. Most of his films are below average action movies like Death Warrant and Gunmen. This was one of his first films and maybe he should have continued making horror movies instead of action. This movie really fascinated me. Good accomplishment, seeing no famous actors or big budget was involved. It really is the story that keeps you focused. Especially fans of the original Dracula myth will be satisfied. Sarafian lights up another aspect of the famous Bram Stoker story and remains rather loyal and true to the truth. It explains the life of the Roemenian Count Dracula and how he scared the Turkish army away by spearing dead corpses in front of his castle. Of course, that's where the reality and the ""based on a true story"" stops. The blood drinking and stuff all was invented by Bram Stoker.<br /><br />In this movie, the count ( Vlad Teppish) emigrates to the USA and seduces tons of woman. And they're all pretty girls, I'll give him that. Overall, good acting by unknown faces, enough blood and gore to satisfy the more morbid horror fans and an interesting storyline. This film is really unknown and it was hidden on the darkest shelf at my local videostore. But it certainly is worth cleaning up the dust on the cover and put it in the VCR. Heck, it's a lot better than the famous Nicole Kidman movie with the same title. These two films have nothing else in common, but I blame that movie for stealing the attention away from this nice little picture. Check it out...my humble opinion on To Die For = 8.5/10",positive
"If you enjoy riddles and suspense, you will enjoy this movie. Truth be told it was mostly the Adrian Paul part that got me to pick it up, I knew almost nothing about the movie beforehand. Plot is: Sarah (Carly Pope), a student of philosophy and metaphysics, starts playing a mysterious riddle game trying to figure out ""the reason"" and gets involved in ""the game"" by solving riddles. Vern (Adrian Paul) is a shop owner, also a riddle fanatic, and also gets entangled in the game. Myth has it that if you solve the game, the meaning of existence (referred to as ""The Design"") is revealed. Brendan Fehr's character is a ""village idiot"" type hanging around the shop who turns out to be more than he seems. All in all, I thought the movie was pretty well done. And it's definitely an original concept, a rare find these days! I personally happen to like riddles and puns, so while most of them weren't very difficult, it was still a fun movie. Well worth the rental.<br /><br /> So, if you haven't seen it -- get it! :-D<br /><br />",positive
"Enjoyable film that gives you romance, women-on-the-verge psychodrama, work place sexual harassment, adultery, and fashion. It's all there. Typical characters found in corporate America. Joan Crawford is the usual long time employee bitch executive who feels the need to be such because she's with the big boys. Hope Lange is the entry level ambitious employee whose determined to get to the top by using her mind and not her body. Their personal lives is the subplot. <br /><br />Wardrobe for the film is great but someone forgot to tell Stephen Boyd's hairstylist that ""a little dab will do ya!"" The amount of Brylcream in Stephen Boyd's hair is distracting at times. His character's relationship with Lange's character was never fully developed which I found disappointing. Overall the movie is enjoyable. <br /><br />Rating: 8/10",positive
"What can you say about a short little film filled with secondary actors and no ""stars"", with absolutely no bad performances, not one poorly delivered line of dialog, and with the cold violence on one hand being balanced by the warm ""heart"" of the protagonists in the story? <br /><br />It's a jewel, a diamond, a little valuable gem of a western that evokes the spirit and legend of the American West. A West not settled by grand heroes like Hickock or Cody or Masterson or Earp, but by the spread of the everyday man and woman, farmers and ranch hands, merchants and miners and lumbermen, whores and barkeeps, and entertainers of the day, some looking for riches, some for peace and quiet, some for religious freedom. <br /><br />It is, perhaps, a very spiritual story, though not promoting any particular religion, for even the non-Mormon cowboys portrayed by Ben Johnson and Harry Carey Jr. act in kind and noble ways toward everybody in the story, regardless of religious affiliation and beliefs, and go out of their way to promote tolerance and charity when the wagon train comes upon the stranded medicine show people. And in true biblical fashion, like David and Goliath or Samson and the Philistines, they are the guardian angels sent to the wagon train who eventually have to go head to head with the evil incarnate Clegg clan, likening them to the serpent in the Garden of Eden, and regretting what it is they have to do afterward. It's a sweet folkloric tale of the West that hits every target John Ford takes aim at.<br /><br />Nowadays I have a western Santa Claus whose red outfit is covered with a denim drover coat, whose red stocking cap is replaced by a brown Stetson, who carries a burlap bag of presents and a coil of rope. To my Santa I added a Winchester rifle with a sling to put on one of his shoulders and a Colt revolver to tuck into his waistband. When people at the office ask why my Santa has to carry guns, I simply reply, ""Snakes!"" After all, isn't the spirit of the Christmas season one where everybody should get what they deserve? <br /><br />Fifty five years later, especially post-911, the philosophies and attributes demonstrated by the characters and story of this movie are still as relevant today as they were back then.",positive
"""The Couch Trip"" is one of those silly comedies that they cranked out in the '80s. In this case, Dan Aykroyd plays a mental patient who poses as a psychiatrist, and he goes to Beverly Hills to sub for Charles Grodin. Most of the movie's humor springs from their satirical look at Beverly Hills and people's empty lives there (a woman has a power struggle with her maid).<br /><br />It's the sort of movie that you just watch to have a good time. Don't expect any kind of religious experience. But you'll most likely laugh a lot at how the Beverly Hills people flaunt their wealth. Also starring Walter Matthau, Donna Dixon, Arye Gross and Victoria Jackson (of ""UHF"").",positive
"Lisa Baumer (Ida Galli) is the adulteress wife of a big businessman who inherits $1million life insurance when her husband is killed in a plane crash while on a business trip.initially she is suspected of being responsible as her husbands will had recently been changed and so she has an insurance investigator Peter Lynch (George Hilton)and an Interpol agent on her tail just to be sure. Baumer travels to Athens, Greece to cash in her inheritance, but insists on having it in cash...a dangerous turn of events. Lynch who's identity is now known to Baumer tries to protect her against a lover of her husband Lara Florakis who nevertheless along with her henchman Sharif tries to kill them both for a share of the money that she deems she is entitled to. And this is where our Masked killer starts his/her brutal killings. Lynch as is customary with our hero is at first suspected by the Greek Police and is warned not to leave Athens by Police Inspector Stavros(Luigi Pistilli a familiar face in Giallo and Spaghettis). Lynch is then aided by the gorgeous Cléo Dupont (Anita Strindberg) a local journalist who helps him investigate the killings.To say any more could ruin the film for anyone who has not seen it, so suffice to say there are enough red herrings and most of them plausible to keep Mystery/Thriller fans happy in this story driven Giallo.The No Shame DVD has a superb transfer with both English and Italian soundtrack. It also has a very catchy score just for good measure by Bruno Nicolai that will stay in your head for a while....all in all a first rate Giallo.",positive
"I got this movie from eBay mainly because I'm gay and I love Til Schweiger. However, it's one of those movies that, when you watch it a second time, you never say to yourself, ""Hmm. I forgot about this boring part. I'll go make popcorn."" It doesn't have that part. It's a very fluid and constantly interesting film. And, yes, Til Schweiger is worth it, if nothing else. But, it's a great movie even for straight guys.",positive
"This is a VERY underrated movie to say the least. As has been pointed out in previous posts, this movie has a somewhat loose and highly implausible script but you find yourself saying ""Who cares?"" while shooting milk (or insert beverage of your choice here) through your nose. It was indeed due to a rare mix of actors in sync. While Kelsey Grammar is obviously a gifted actor (reference 'Frasier', this movie) the supporting actors/actress play their roles quite well. I found in interesting how they threw in the part about Duane Martin blowing the shot in the 'big game' for Navy's basketball team; if any of you is a basketball fan you'll remember Martin from 'White Men Can't Jump' and 'Above the Rim' and you'll know that Martin had a short stint in the NBA with the Knicks. Nice how they threw in believable character attributes such as this. Rob Schneider's anal-retentive character was the perfect offset to Grammar's calm demeanor. Lauren Holly played the gutsy-sexpot-with-a-brain well enough to make you want her to succeed. This is a movie that will make you laugh even if you've seen it many times before...the comic bits in this movie definitely last. I still find myself laughing 12 years later.<br /><br />""Is that one of my chickens?"" ""Uhhh...no. This a parrot....from the Caribbean."" ""Well don't let it fly away...that's supper."" ""Arrrrr.....arr.""",positive
"Strangeland seems to have a love/hate relationship with many of its viewers. I personally loved the movie, and everything about it.<br /><br />The acting in some places could be improved upon, but the filming adds to the atmosphere where the acting can't. In some areas, the dialogue is a bit cheesy and over dramatic, but really, what do you expect from the late 90s? Over all, Dee did an amazing job in writing what I believe to be one of the most terrifying thrillers I've ever seen. It plays on the fears of many age groups--adult, parents, and children. Every parent fears that their children will get too involved with chat rooms and will meet strangers from the internet. And it *does* happen in the real world. And every child and adult fears being kidnapped and tortured against their will; that happens too in the real world. Which is what makes this movie such a sensitive subject for many.<br /><br />My only warning is if you *know* you are sensitive to things such as strong violence, visible torture, and gore, then you do *not* want to see this movie. If you are unsure about if this movie will entertain you, then read as many reviews as you can, ask people you know who have seen this movie, and be prepared to turn the movie off at any time should you become disturbed.",positive
"I have some of the older videos and dvds of Dr. Who. I've played them over and over. I adore each of the ""Doctors"" for different reasons. But due to a man in the BBC hierarchy, Dr. Who was canceled, even though it was still one of the mainstays of the BBC line-up. With the departure of Sylvester McCoy, the Doctor stayed alive through the fans. BBC graciously allowed fans to write books, and cartoons. The momentum of Dr. Who has been steady even after 1989. Then they took a chance with Paul McGann. The movie was flawed, but it gave the BBC an idea of what we wanted. In 1999, the ""man"" was gone and the newbies at the BBC felt it was time to bring the Doctor back. It was a complete success. Here in America, the Sci-fi Channel took a chance and it has become a complete success as well, although the writers were having to start over and explain the Dr. Who mythology for new viewers. It is incredible to me that they have done it. In Season 1, staring Christopher Eccleston with Russell T. Davis as lead writer, and Phil Collinson as producer, the Doctor has come back to us and in each episode we learn more about who the Doctor is. The Doctor Who universe has always been about ""Choice"", ""Love"" and ""Sacrifice"". This is what they provided. It makes me want more and it saddens me that Mr. Eccleston has chosen to leave the show. My first Doctor was Doctor no. 3, Jon Pertwee's Doctor. Mr. Eccleston needn't worry about his position in the Dr. Who universe. It is as solid as the rest. He is the 9th Doctor. I didn't know of Mr. Eccleston prior to his performance in Dr. Who, but I do now. I wish there was some way, he could know, there is push out in the Dr. Who fan community to find his other work and enjoy it. We have already seen that he is a great actor.",positive
"I recently bought this movie on DVD at a discount store for $5. Although it is a no-frills DVD on the Geneon label (just the movie that starts playing immediately - no menu, no special features) the picture and sound quality were EXCELLENT. The movie is based on the true story of one of the biggest bank robberies in history.<br /><br />Richard Jordan, who I must admit to not having heard of, plays the lead - Pinky Green. A charming young man who had spent too much of his few years in prison and now wanted to go straight but is not allowed to do so! He portrays an American in England. David Niven plays the lead bad guy, also with the great charm for which he is famous. Bad, but with scruples as when he refuses to deny Pinky his ""whack"" for the job. Whack, in England, apparently is the fair share of the take and not a bullet in the head as in American gangster films! All the supporting cast do an excellent job producing a very believable movie.<br /><br />What is perhaps best, to me, is that the whole movie is quite enjoyable and understandable (I frequently find myself lost in plot confusions and various characters) without ANY special effects. NO blood. No violence. Not even a single car chase! Just a well written story, well acted, well directed and well photographed! If I had any complaints about the movie, I would question the music. WHAT is bluegrass music doing in a bank heist story that takes place in England?",positive
"This is a wonderful movie in a lot of ways. Everyone in my family enjoyed it. The animation is excellent and easily demonstrates that there are plenty of producers who create films that are as visually brilliant as anything that comes from the Disney Studio.<br /><br />One difference from the normal Disney fare is that this Dreamworks movie does not feature some wise-cracking side kick for comedy relief. And, there are no sudden moments where the characters break into song. I am sure that a scene at the beginning of the film would not appear in a Disney picture: the birth of Spirit. But it is done tastefully and is not offensive at all. ""Spirit"" was a great breath of fresh air. Don't get me wrong. I have loved Disney for years and will continue to do so. <br /><br />""Spirit"" is another example of great animated fare. As soon as it was over, my kids wanted to watch it again. I had the same feeling. I thoroughly recommend it.",positive
"I was fortunate enough to record this wonderful drama, both parts, when it originally aired on Masterpiece Theatre. I loved it but lost it. Then one day, while going through old tapes, found it again. I recorded it to DVD and watched and --- WOW! I still love it! The leads are excellent and my only complaint is I wish we had seen more Kester! What a man! And Prue. She's so strong and wonderful ... living in a time and age where her affliction and how she deals with it is seen as unfortunate and evil. Even her own brother tells Prue to her face that he doubts that a man will ever have her. *sigh* Unfortunately my copy is not the greatest, with wear and tear over the years, and I too would absolutely love to own this on professional DVD if it ever happens.",positive
"I disagree with Anyone who done't like this movie. <br /><br />I used to LOVE this movie when I was little and I still do. It's sweet, funny and warms your heart. And It proves that love and friendship can never be destroyed. <br /><br />And even though it didn't have much of a story, it was still excellent I give it a 10 and two thumbs up. <br /><br />Oh yeah and it proves that your deepest wish's and dreams can come true. (Tear, tear)<br /><br />I love this movie, personally if anyone says it sucked than I will say ""Shame on you."" Because it was a delightful little movie and I'm glad that at least SOME people liked it.",positive
The theme is controversial and the depiction of the hypocritical and sexually starved india is excellent.Nothing more to this film.There is a lack of good dialogues(why was the movie in english??). There was lack of continuity and lack of passion/emotion in the acting.,positive
"The first time I saw this film, I wanted to like it for so many reasons, but I simply did not. It just seemed a little dull. But there was a tiny question I had about something I saw near the beginning of the film so I watched it again and then finally it clicked for me. I first watched the movie knowing the ""surprise ending"", and while I definitely wouldn't recommend having the ending spoiled for you, I have still thoroughly enjoyed the bulk of the film and discovering the many seemingly insignificant events that all unravel to point to a very sinister scheme.<br /><br />I don't think that everyone will love this movie, or even like it. If you like any of the actors, you'll like this movie because the acting is fairly strong and they all get a lot of screen time. If you like mysteries (namely Hitchcock) you'll like this movie. If you like independent or psychological films, you'll like this movie. It really worked for me on all of those levels. If you don't like the actors, mysterious plots or psychological elements, you might not like this movie. But that's your loss. Personally, the only thing that irked me a little was the accents. Good try, Alan Rickman, on the American dialect, but it wasn't much improvement from the scene in Die Hard. (The wonderful voice makes up for the weird accent though.) The medley of accents in the movie was a little odd, but it was not so distracting that it became difficult or particularly irritating. Also, the camera change from scene to scene was evident and might bother some people, but I actually think it added to the scenes (or scene I can really only recall one scene where the change was severely different, but it worked).<br /><br />When you see this movie, see it at least twice. The second time you see it, I hope you realize how intricate the plot really is. Every time I watch this movie (it's under an hour and a half so multiple viewings are not difficult) I seem to notice something else about it and find myself wondering, ""Why did that just happen?"" or ""Was that intentional?"" I like movies that make me think. This one does. So just see it. Twice.",positive
"I'm not sure how this could have been better, so I gave it a 10. The acting was excellent - the main woman was so HOT - the chap who played Darwyn was a smouldering, pensive character who showed the inner turmoil he was suffering (the truck driver's death is one example)excellently. The storyline was believable and the series length was just about right (i.e. I love Lost, but will it ever end?). As a Brit i tend to think of Yanks as gung ho. The LAPD were in their ill advised attempts to arrest him, but the other agencies were portrayed positively. My main thought about programmes like this (and the also excellent 24) is - could it happen? Would it happen? Is it happening now? Possibly, probably.<br /><br />I hope they do another series, but after reading some of the previous comments, it would appear not.<br /><br />To summarise - If you haven't seen it, make sure you do.",positive
"Expecting to see another Nunsploitation movie with a mean Mother Superior abusing and torturing her charges, Flavia turned out to be MUCH more than I had anticipated.<br /><br />It actually has a feminist storyline, though I don't think such a term existed in the era in which the movie is set. It certainly wasn't practiced. Women (and the Jews and the poor) are very downtrodden and locked into menial spots in society. Throughout the story, Sister Flavia (Florinda Bolkan) witnesses the tyranny of her time until she just can't sit there any longer and actually does something about it, albeit with disastrous results.<br /><br />The pre-credit sequence has Flavia as a young adolescent near a battlefield. She sees an injured ""evil"" Muslim soldier (one of the few still alive) and tries to assist him. Before she can, her hate-filled father beheads the soldier and waves his head in her face (great family dynamics, huh?). After this, her father forces her to join a convent where she witnesses even more injustice. Though scenes do involve violence, rape and nuns, I would consider this more of a historical drama than Nunsploitation. <br /><br />Indeed, many of the ingredients for a trashy exploitation piece are there, but the acting, camera-work, storyline and music are too good to keep it down in that level. Most ""nun"" films I've seen usually have the basic premise of: A good girl somehow winds up in a convent, where the Mother Superior is a supreme bitch that likes to whip people and/or make their lives a living hell.<br /><br />Flavia spends much of the first part of he movie passively questioning all of the atrocities happening around her. Much of her passivity is forgotten when she becomes acquainted with the strong-spirited (but slightly loony- she likes to pee outside like me, but it's a lot easier for guys) Sister Agatha. When a group of Muslims attack their abbey, Flavia and Agatha do not cower in fear like the other nuns. Their attackers actually function as their liberators (of the cruelty and near-slavery of the abbey). In fact, it is a Christian, not a Muslim invader, that impales dear Sister Agatha. <br /><br />It is Agatha's death that sends Flavia on her violent crusade against those who have oppressed her... Her father treats her like dirt. Her Muslim lover deserts her at a very inopportune time. I don't want to give out too much of the rest of the story, but be prepared to be shocked, devastated and saddened at the conclusion. This is a great film, so don't be put off by its (undeserved) reputation as a trash epic. Plus, how on Earth could a movie featuring Florinda Bolkan and Claudio Cassinelli go wrong? I am not familiar with María Casares' other works, but Sister Agatha is a hell of a character.<br /><br />I have read many great reviews of the Synapse (US) release, but I love my German X-Rated Kult DVD copy. It isn't anamorphic/16:9, but actually has a little more picture information on all of the edges than Synapse's release.<br /><br />And there are also many great, wise or funny lines of dialogue (many from Sister Agatha)<br /><br />""Why is God male? The Father, the Son, and the Holy Spirit They're all male!"" -Flavia<br /><br />""These men are afraid- look at them, Sister- Afraid their power will be taken away from them!"" -Sr. Agatha (regarding Christians fleeing after the Muslims arrive)<br /><br />""Woman, where are you going? The Moslems can do nothing to you that the Christians haven't done! Ha Ha Ha!"" -Sr. Agatha (to a group of fleeing Christian women)<br /><br />""Lord bless these Moslems- For putting fear into these pompous Christians."" -Flavia<br /><br />""Does it take the mere sight of a Moslem to make you $h!t your underclothing?"" -Sr. Agatha<br /><br />Closing message: ""Flavia Gaetani, not yet a Muslim - no longer a Christian - was punished as a runaway nun. The idea for the film came from events which occurred during the Musalman invasions of Italy culminating in what even today is remembered as THE MARTYRDOM OF THE 800 AT OTRANTO""",positive
"for many and many years, gaijin have visited japan for learning martial arts, instead of acquiring any knowledge on it, gainjin have been told only nihonjin could achieve the excelent performance required to show some techniques in a ""public"" performance such as a movie...<br /><br />this one special movie, made by sho kosugi, not only shows all of those techniques and skills, but also teaches many and many lessons on how to achieve them, and one can verify that by seeing a LUCINDA DICKEY performing fantastic and unforgettable acting skills in NINJUTSU...<br /><br />I strongly recommend watching this movie more than thrice, because three times is not enough to seek out hints and tips given so easily by sho kosugi to those who really seek knowledge itself, the gnosis...",positive
"In one of the best of Charlie Chaplin's lengthier short films, he places the Little Fellow in the trenches of WWI, where he brings his intolerable politeness and endless patience to the drudgery of trench life, where troops lived for months at a time before finally going over the top to overtake the enemy, and usually to their deaths. It takes someone of Chaplin's skill as a comedian to make something as dreary as trench warfare into such a brilliant comedy, but the irony that he uses in the film makes even the most uncomfortable conditions highly amusing.<br /><br />Like all of the best of Chaplin's films, short films and otherwise, this one is packed with brilliant and memorable scenes, such as the scene where he marks off kills with a piece of chalk on a board in the trench, erasing one when he gets his helmet shot off, the scene where he and his fellow soldiers are sleeping underwater, the opening of the beer bottle and lighting of the cigarette, and of course, the overtaking of the enemy. All of these scenes are show-stoppers, reminiscent of the most wonderful Chaplin scenes. This one should not be missed!",positive
"This, along with ""Hare Tonic,"" ranks as one of the best Bugs cartoons, indeed one of the best Bugs, ever. There are some comments about how Bugs in these cartoons is ""basic,"" meaning, I guess, that he is as yet not fully developed. I actually prefer this ""basic"" version from the mid-40s (Chuck Jones' was the best version) who is actually more rabbit-sized and far more amusing than the eventual long-legged version who towered over Yosemite Sam and Daffy Duck. The latter-day Bugs came to be too suave and sophisticated for my liking. Also check out ""Hair Raising Hare"" (1946) and ""Rabbit Punch"" (1948) for great examples of classic Bugs and classic Chuck Jones.",positive
"and I for one think that is a good thing. I've just never been a Rosalind Russell fan although the original was my favorite RR movie. But I love Bette and was thrilled to hear she was making this.<br /><br />As for the rest of the production, I think it was slightly less than the original movie. One of my favorite minor characters in the original was Mazeppa with her scratchy fingernails-on-the-blackboard voice belting out ""HEY! It takes a lot more than no talent to be a strippah!"" and although I missed it, I was glad to see the producers had the guts not to do a carbon copy.<br /><br />I also liked the fact there are large portions of this movie which were filmed as if you are looking at a stage, it gives a feeling that you are in the theatre, not just at the movies.<br /><br />I think the other thing I liked about this production was that there seemed to be slightly less repetition of the song ""Let me entertain you"", which becomes completely annoying after about the 5th time you hear it.",positive
"Du Rififi Chez Les Hommes/Rififi(1955) can on the surface be described as a French variation on John Huston's seminal heist film, Asphalt Jungle(1950). The difference between the two films is Rififi(1955) pays a little more attention in detail to the robbery sequence. Also, the police aren't involved in the aftermath of the robbery in Rififi as much as in Asphalt Jungle. In the end Rififi(1955) is in my opinion a slightly better film than Asphalt Jungle(1950). Remarkable Noir picture that defines 1950s French Cinema.<br /><br />Spartacus(1960) may have been the one which broke down the infamous blacklist, but in my opinion Rififi(1955) was the film that began to break apart the unbreakable Hollywood blacklist. First film in five years for Jules Dassin who was victimized by the McCarthy communist hunt of the late 40s to early 50s. He got some sort of retribution when Rififi(1955) became a success around France and Europe. Thus defying the poisonious Hollywood blacklist in a major way that probably inspired others to do the same. Rififi(1955) is the most important film of Dassin's career because it not only restored his name, but also gave him a second chance at making films.<br /><br />Jules Dassin gave the filmworld and its ever growing audiences a masterpiece of influential proportions. His handling of the material is exceptional and direction of the actors is flawless. Builds up tense situations with precise craftsmanship. Dassin came full circle in the Film Noir genre by directing his best and last Noir, Rififi(1955). Marked the end of Dassin's period in filmmaking when he was involved in doing Noir pictures.<br /><br />Rififi(1955) is the number one film in an arsenal of thirty plus films for director, Jules Dassin. A masterpiece in acting, cinematography, directing, editing, and writing. Not a film to leave your seat for one minute because there is always something memorable going on. As brilliant as anything by Jean Pierre Melville who was a master of this type of film. Masterpieces such as Rififi(1955) are relatively small compared to the probably billions of films made in motion picture history.<br /><br />The one fascinating aspect of Rififi is the precise planning and careful execution of a robbery that takes up a bulk of the 118 minute duration. The main characters plan and execute the jewel heist in the same way a film director prepares for the pre-productions, production, and post-production of a film. Shows how difficult a Jewel heist like in Rififi(1955) is in committing and why very few would do something like it. The fact that the scene hardly contains a mess up like in other heist films turns this scene into something even greater. Close as one can get to having a perfect sequence in a motion picture.<br /><br />Lack of unnatural sound in the landmark thrity minute heist sequence puts it in a realm of absolute realism. Any dialogue or/and music would ruin any suspense and tension the director is trying to create. The use of natural sound makes the heist sequence a rewarding film viewing experience. Now Filmmakers and producers would use dialogue and music in a scene like this because of a lack of confidence of a mainstream filmgoer's patience. Sustains a level of consistency that never once lets down.<br /><br />Maintaining a high level of suspense is what makes the heist sequence tick to perfection. The director achieves suspense in the heist sequence that's rarely equaled in most robbery scenes from heist films. Jean Servais and the rest of the main actors contribute to the suspense with some low key acting. Getting suspense put in a scene is a task few are capable of doing. The robbery sequence of Rififi(1955) reaches a Hitchcockian level of suspense and tension.<br /><br />Many filmmakers from the years following Du Rififi Chez Les Hommes(1955) have been influenced if not inspired by it. One filmmaker influenced was Jean Pierre Melville(original choice for director of Rififi)who used variations of the heist sequence in Le Doulos(1961), and Le Cercle Rouge(1970). Another filmmaker influenced was Stanley Kubrick who made a similarly themed film in The Killing(1956). Also, Quentin Tarantino whose debut feature Reservoir Dogs(1992) was inspired by this film. Other film directors influenced are John Woo, Michael Mann, Paul Schrader, Ringo Lam, etc...<br /><br />Du Rififi Chez Les Hommes(1955) is comparable to Bob le Flambeur(1955) in many ways. One, Jules Dassin and Jean Pierre Melville directed groundbreaking films in Rififi(1955) and Bob le Flambeur(1955). Two, each film involves an aging criminal who plans and carries out a daring heist. Three, Bob le Flambeur and Rififi finishes in fatalistic fashion. Four, each film shares many motifs and situations that classify the two as film greats.<br /><br />Part of Rififi's charm are the colorful characters that surround the story such as Tony le Stephanois, Jo le Suedois, Mario Farrati, and Cesar le Milanais. Most of the violence is implicit yet effectively brutal. The main characters led by Tony le Stephanois abide by a strong outdated code of honor that is remindful of Sam Peckinpah and John Woo. Jean Servais becomes the role of Tony le Stephanois with his cynical outlook and tired looks. Du Rififi Chez Les Hommes/Rififi(1955) became a favorite of mine the moment I saw it on the big screen from beginning to end.",positive
"This is one of my favourite movies EVER... I have seen it about a million times and would never turn down the opportunity to watch it again. In fact, I love it so much that I REALLY wanted to check out the resort where it was filmed on my upcoming vacation... does anyone know the name of it? If so, please email me!!! I watched this movie for the first time when it was first released and I was about Nikki's age and for the longest time I bugged my dad to take me to away somewhere because of course I expected the same thing to happen to me! It's just such an amazing setting and such a cute puppy-love story. This is a definite DVD collector's must!",positive
"""What Alice Found"" was a pleasant discovery. As written and directed by A. Dean Bell, this is combination of a road movie with a cautionary tale, as well as a voyage of discovery.<br /><br />If you haven't seen the film, maybe you should stop reading here.<br /><br />Alice is a case study of a young woman that wants to break away from the unhappy life she leads in a New England town. Her pretext for leaving is going to join her best friend, who is away studying at a Miami university. Alice is the product of a single mother's home, one that is struggling to make ends meet, in sharp contrast with the life of ease her friend seems to inhabit. In flashbacks we get to see Alice's life before going on the road.<br /><br />Alice, like her namesake in ""Alice in Wonderland"", embarks in a trip to the unknown that life hasn't prepared her for. The highways of America are full of predators in search of the weak and innocent. Alice meets with disaster when her car breaks down the road and a friendly Southern couple come to her assistance when a strange man approaches in the darkness with the excuse he wants to help her. Sandra and Bill convince her to come along in their plush R.V. on her way down South.<br /><br />Nothing has prepared Alice for what this couple turns out to be. After all, in her sheltered life, she hasn't dealt with what Sandra and Bill, her new benefactors do during the overnight stays at the rest stops in the American highways. It comes as a shock to her the realization that the kind Sandra is nothing but a prostitute that plies her trade among the truck driving populace one meets in those places.<br /><br />Alice, brilliantly played by Emily Grace, is a study in how the young woman awakens to the new reality she can't escape. In fact, Sandra makes it seem so easy that Alice tries her luck at the oldest profession on earth in order to raise some badly needed money.<br /><br />Judith Ivey gives a tremendous performance as Sandra. Ms. Ivey is perfect as the seemingly normal woman, one wouldn't suspect she is doing the nasty with clients she and Bill find along the route they travel. Ms. Ivey is amazing when she reveals the truth about her life to an accusing Alice. As the husband, Bill Raymond is good in his portrayal as the husband, that in reality is a procurer.<br /><br />Under the excellent direction of Mr. Dean Bell, the film is not afraid to go to places mainstream films dare not to go. Congratulations to this director who has written a plausible story and has gathered the perfect cast to play it for our benefit.",positive
"MR. BASEBALL is a film of paradoxes. Written and filmed as a ""light, sports comedy"" it truly has a heartwarming core as human and universal as some of Capra's finest. At the plot level, you have the paradox of baseball, a fine old American game, as it is played in Japan - turned around, with American values cast off and Japanese values imprinted upon the game. (Some of the superficial ""sports comedy"" results from Jack's uncomprehending disbelief at how ""basa-boru"" is played in Japan.) You also have a lead character who's presented as an over-the-hill, aging baseball star, but who is actually quite immature - pro ball allowed him to postpone growing up. And you have a lead character who is rudely resistant to the changes in his life that are being forced upon him, refusing to accept the curveball that life has given him, in the midst of a new country, a new manager, a new team, and a new girlfriend, who have all welcomed him and try to accept him. Sound like heavy stuff? Not really. It's a charming ""clash of cultures"" comedy that takes place on the national, sports, romantic, and professional levels. But if you watch it sensitively enough, you will also find a great story about a man who has to abandon his immaturity and grow up way too late in life (causing some amount of personal pain), and finds success in places he never expected it. I love the story, but I also have great respect for Selleck's performance; he bares his tush (literally) to portray an ugly American, insulting people and throwing tantrums in public, then lets us inside this character to understand his dismay. It also doesn't hurt if you're a big fan of Takakura Ken like I am. MR. BASEBALL is a surprising ""loss of innocence"" tale.",positive
"It's hard for me to assign the ""fair"" number of stars to this film, but I settled on 8 because of its high production values and what was, in 1968, an innovative approach to the war film. Remember too that I haven't seen it since 1969. But it did make a strong impression.<br /><br />The Long Day's Dying must be one of the most vivid antiwar films ever made. It achieves this simply by portraying in extremely realistic terms the actions of a handful of soldiers in Northwestern Europe in 1944-45. No film before this one showed war at the infantry squad level with so much brutal detail, and all in a coldly dispassionate way that lets the actions speak for themselves. There is no preaching, no sentimentality, no comic relief, no complicated scenarios.<br /><br />Unfortunately, there's no subtlety either. Partly because of their situation - trying to stay alive - the characters come across as flat, familiar cliché's. As ""entertainment,"" the film doesn't make it, though it was clearly not intended to ""entertain."" It was intended to slug you over the head with the misery and horror of World War II and modern war in general. This was twenty years before Platoon and thirty before Saving Private Ryan, both of which are far more ""watchable"" films. Here the flat and generally disagreeable characters, the lack of an actual plot, and the realistically unpleasant images (including what may be the first on-screen vomit in theatrical history) make the film hard to sit through, though it is only 95 minutes.<br /><br />So, 10 stars for production and realism, 4 stars for the feeling you'll have when it's over, a bonus star for having its heart in the right place. Average: 8.<br /><br />Like Carl Foreman's underrated ""The Victors,"" an equally downbeat but more interesting and thought-provoking film, The Long Day's Dying seems not to be on DVD. Why not? Both films have been on cable a number of times.",positive
"In ""Hoot"", a new kid arrives to Florida from Montana. He first faces the usual problems of blending in and dealing with the local bully. Soon, though, he becomes aware of a bigger problem: a franchise restaurant chain is trying to build a site in the town, right where a number of burrowing owls live. This movie has the look of a family film, but it is pretty more radical than it seems, as it shows sympathetically how Roy and a couple of friends do not shy away from lawbreaking (including vandalism of private property and briefly kidnapping the manager of the chain of restaurants) in the name of environmentalism (to save owls, no less). Now, one might agree or not with those actions, but at least the movie has the courage from not shying away from its convictions. A good, solid film, all in all.",positive
"this film is absolutely hilarious. basically, the plot revolves around a serial killer being somehow turned into a snowman through some B-movie chemical accident. he then heads for town and starts terrorising the locals. its up to the local police chief and some other characters to try and stop him. its made on a wee budget and it certainly shows, but the great thing about this film is it knows that its rubbish. the improvisations of Styrofoam and polystyrene mimicking the giant killer snowman are classic, and this is clearly the intention - its one of the few films that has its budget as its main selling point. alongside the comic tackiness there are some other great comedy moments - listen out right in the beginning for the voice over of a dad scaring his kids to death, and the funniest rape scene ever committed to film. fantastic tacky fun",positive
"""Stories of the Century"" was a half hour series and appeared in first run syndication during the '54-'55 television season. It was also the first western TV series to win an Emmy award. Starring veteran western actor Jim Davis as railroad detective Matt Clark, the series set Clark and his fellow railroad detective partners (Mary Castle as Frankie Adams for the first half of the season and Kristine Miller as ""Jonesy"" during the second half)against historic western outlaws of various periods ranging from the mid-1860's to the early 1900's. The series was very satisfying, easy to watch, and fairly realistic due mainly to the easygoing charm of Jim Davis in the lead role. He seemed like an actual western character. One other note. When Matt Clark would arrive in town after a long ride he actually looked like he had been on a long horse ride as he would be covered in dust.<br /><br />A very good early adult western.",positive
"A very credible and unsettling movie portraying the effects of war on the general public, Shame gives us a chilling understanding oh Ingmar Bergman's beliefs. The absence of color and sound (as in a soundtrack) helps to give the film a more realistic feeling. There is no soft or hard lighting or a variety of camera angles to give the story a charming or dramatic effect. Everything is very simply portrayed as it would be in reality. At times the storyline was confusing, but perhaps in order to give a sense of the characters' frame of mind  how they too do now know what is happening or why. The simplicity of the film made it somewhat boring, but I could understand how the director is trying not to glamorize the story and points. He depicted the harsh and unsettling events and effects of war. In the beginning the characters were introduced and shown as content with the lighter settings and very long, drawn-out shots. When all of a sudden the war struck upon them, they were much darker and quiet with less intimate shots. Bergman did a good job on allowing us to be consumed by the war ourselves and presenting an image of it the so adequately corresponded to war. Although the storyline itself was not too impressive, the content of the film was.",positive
"This is my first comment on IMDb website, and the reason I'm writing it is that we're talking about ONE OF THE BEST FILMS EVER! 'Ne goryuy!' will make you laugh and cry at the same time, you will fall in love (if you're not a fan yet!) with Georgian choir singing tradition, and possibly you will accept the hardships of your own existence and just feel good after watching it:) What I like a lot about this film is that actors in the non-leading roles create vivid and memorable characters and are just as interesting and important as the central character. The film is starring Vahtang Kikabidze (who is great), but you will remember every single face around him in the film. You will find yourself quoting their lines, that have become household names for so many Russian-speaking people. A film to live with. Simple, yet deep, you will want to watch it again and again.",positive
This is my favorite movie of all time. I just love all the trouble all the teams get into! Its great. Michael J. Fox looked so young.. but then again i guess he was!<br /><br />The teams are so stereotypical you just have to laugh.,positive
"This movie was beautiful. It was full of memorable imagery, good acting, and touching subject matter. It would be very easy to write it off as being too sentimental, but that is the sentiments this type of a movie is trying to achieve. I was totally involved in the story's unfolding and presentation. There were a few cheesy shots, but such is to be expected in a religious propaganda film. The only complaint I can conjure is there wasn't a ton of details. However, this movie wasn't created to explain every element of Joseph Smith's life, ministry, triumphs, controversies, failures etc.; it was designed for a quick glimpse at a few highlights of one of the most amazing American and historical religious figures of all time.",positive
"The arrival of White Men in Arctic Canada challenges the freedom of a fearless ESKIMO hunter.<br /><br />W. S. Van Dyke, MGM's peripatetic director, was responsible for this fascinating look at life in the Arctic among the Inuit. His production was on location filming from April 1932 until November 1933 (although some annoying rear projection effects show that some of the shooting took place back at the Studio). While considered a documentary at the time, we would likely term it a 'docudrama' as it is scripted with an intriguing plot & storyline.<br /><br />The film shows the daily life of the Eskimo, both Winter & Summer, and in fact starts in the warmer time of the year without any snow or ice in sight. The constant striving for food is depicted, and the viewer gets to watch the exciting hunts for walrus, polar bear, whale & caribou. The native language is used throughout, with the use of title cards; the only English is spoken by the fishermen & Mounties encountered by the Eskimo. In fact, it is the arrival of White Men, both good & bad, and the change they make on Eskimo society, which is a major element in the narrative.<br /><br />This Pre-Code film deals in a refreshingly frank manner with the Eskimo moral code, particularly with their practice of wife-sharing, which was an important and completely innocent part of their culture. In fact, the entire film can be appreciated as a valuable look at a way of life which was rapidly disappearing even in the early 1930's.<br /><br />None of the cast receives screen credit, which is a shame as there are some notable performances. Foremost among them is that of Ray Wise, playing the leading role of Mala the Eskimo. Wise (1906-1952) was an Alaskan Native of Inuit ancestry and is absolutely splendid and perfectly believable in what was a very demanding part. As handsome as any Hollywood star, he would continue acting, using the name of Ray Mala, in a sporadic film career, often in tiny unbilled roles.<br /><br />Lovely Japanese-Hawaiian actress Lotus Long plays Mala's loyal second wife; the names of the fine actresses playing his other two wives are now obscure. Director Woody Van Dyke steps in front of the cameras as a strict North West Mounted Police inspector. The two decent-hearted Mounties who must deliver Mala to Canadian justice are played by Joe Sawyer & Edgar Dearing, both longtime movie character actors. Danish author Peter Freuchen, upon whose books the film was based, has a short vivid role of an evil wooden-legged sea captain who unwisely rouses Mala's icy wrath.",positive
"When i first saw the movie being advertised i thought it was going to be another Disney movie that almost goes straight to video. I finally got around and rented it. I thought it was going to be bad because i couldn't see Shia in any other role than his recently cancelled show ""Even Stevens"". When i turned it on i was ready to turn it off from boredom in about ten minutes. It started a bit slow and i couldn't understand the beginning because the years didn't make sense then they explained that later in the show so i was relieved of wondering about that. All and all i thought it was a good movie and i would recommend it. The cast was top notch and even though i'm not a fan of golf it easily kept my attention with a good plot.",positive
"a compact crime drama with a good amount of action. The unique NYC location shots adds to this tough little film.Technically well done with good direction and acting. Needless to say,the wild car chase that seems to begin in downtown, extends through the upper west side, Washington Heights, across the George Washington Bridge and into NJ has to be one of the best ever on film.All around a fine flick that for me gets better with time.8 out of 10...easy",positive
"Firstly, I would like to point out that people who have criticised this film have made some glaring errors. Anything that has a rating below 6/10 is clearly utter nonsense.<br /><br />Creep is an absolutely fantastic film with amazing film effects. The actors are highly believable, the narrative thought provoking and the horror and graphical content extremely disturbing. <br /><br />There is much mystique in this film. Many questions arise as the audience are revealed to the strange and freakish creature that makes habitat in the dark rat ridden tunnels. How was 'Craig' created and what happened to him?<br /><br />A fantastic film with a large chill factor. A film with so many unanswered questions and a film that needs to be appreciated along with others like 28 Days Later, The Bunker, Dog Soldiers and Deathwatch.<br /><br />Look forward to more of these fantastic films!!",positive
"I remember when I was five and my parents thought it was a regular cartoon movie....except when the bras and bullets started flying. I have to agree this movie will make anyone and everyone upset because it is set to discriminate everyone and anyone....but the truth is it is funny as hell as it is deep. I recommend this to anyone who likes cult classics. Also try Fritz the cat and the NINE Lives of Fritz the Cat. If I'm correct Ralph Bashki did that movie too.It involves a cat that goes through hard times with family, streets,jobs , etc. When I was old enough I rented all of these movies out. Because Coonskin was an offensive title during that era it was also labeled as Street Fighter. Ralph Bashki also made Cool World starring a very young Brad Pitt. Heavy traffic was another cartoon that dealt with the street life of a young man.",positive
"I barely remember this show, a little ,but I remembered it was great! My eldest brother, reminded me about the show recently and I had seen an advertisement for the D.V.D set coming out. The network, again screwed up in pulling this from the air, so that they could put what else in it's place? It should have gone at least 3 seasons. Why not, right? I think sometimes that the network executives think they are the 'gods' of the entertainment world. But they mis-guess and flat out miss good show placement from time to time. Let it be said that, they have a lot more flops than 'hits'. This was one of the poor decisions to cut from the line-up. Anyhow, I am getting this for my collection.",positive
"Excellent. Gritty and true portrayal of pioneer ranch life on the Western plains with an emphasis on the woman's role and place. A moving film, lovingly made, and based on real people and their actual experiences. Low budget, independent film; never made any money. Definitely not the romanticized, unrealistic Hollywood version of pioneer life.",positive
"    Film auteur Stephan Woloszczuk explores the depths of love, passion, and brotherhood and the devastating results of loss in his latest film BLINDSPOT.<br /><br />BLINDSPOT'S diegetic world is exploding with suspense and takes the audience on a twisting  journey to the core of the human soul.  As a director, he manages to draw the human spirit from the performances of his actors.   With superb editing, especially in the flashback scenes and beautiful cinematography, BLINDSPOT is a thought provoking suspense from beginning to end.  A thriller which leaves much to the minds' eye.<br /><br />What an  astounding accomplishment for Stephan Woloszczuk.<br /><br />  Cheers Stephan! Angela Sander",positive
"The Ma & Pa Kettle characters were highly popular AND controversial. The films that featured their brood paved the way for television sitcoms that came after it and sought to emulate its winning formula. One obvious reference is 'The Beverly Hillbillies,' where the new home was bought with oil money, not having been won in a contest. You could even say the 1980s sitcom 'Newhart' borrows its idea of backwards rural characters from this series. Still, I wonder if Betty Macdonald, the Washington-based author who created these characters, didn't do more harm than good. Her portrayal of hillbilly characters makes them the butt of many jokes in terms of their alleged sloppiness and laziness. (The real life family that Macdonald based the Kettles upon, successfully sued...claiming they had been ridiculed and humiliated with these less-than-flattering references). Sure, it's comedy and the situations bring us a great many laughs and fun moments...and political correctness as we know it today did not exist in the 1940s and 1950s. But I think Macdonald could've still written these characters more sensibly and Universal International could've had its scriptwriters show them on screen with more dignity (there's such a thing as good taste). The more realistic moments are when the oldest son Tom is ashamed of his rural heritage but learns to accept his parents and siblings for who they are. For their part, the Kettles have to realize that they don't exactly fit into a modern world. That's not a joke...that's a sober truth.",positive
"Okay, so the first few seasons took a while to get going on the special effects way, but from the beginning, Hidden Frontier has given consistently good story lines and performances, and have always been willing to mistakes they've made. They advice people to see newer episodes first, so they can see just how good the show is, and understand how much it has changed since the first episodes. The cast have a fantastic camaraderie and it shows on-screen. <br /><br />The influx of guest actors who make their mark on the show and with fans attests also to the show, as the story lines go from strength to strength. The show has pushed barriers with its various story lines - depression, drug addiction and mainstream homosexuality - and these may have rubbed a few people the wrong way, but that is what Star Trek is and was all about. It portrays those story lines in a smart and emotional way, dealing with them subtly and smoothly. <br /><br />Yes, they have used some characters from Trek history, but they have done them justice - characters like Shelby, Lefler and Necheyev, vastly underused in the show, had a rebirth in the New Frontier books, but they lost their sizzle after a while, when Peter David when more towards wild fantasy versus serious sci-fi, and HF shows those characters in a completely different light, which serves them better. <br /><br />The site also allows fans to interact with chat rooms and forums and they can get to know the people involved. They release bloopers for every episode, so the fans can see what a laugh they have, because they are people doing it in their spare time, with a dedication that would make many professional actors wide-eyed in shock! <br /><br />What this series, now drawing to a close after 7 years, has accomplished on such a limited amount of resources is nothing short of amazing - bringing people together, inspiring others to do the same. HF will live for a long time after it ends, as long as people still enjoy the reason it started in the first place.",positive
"Sadness and nostalgia permeate Late Chrysanthemums, a 1954 film by Japanese auteur Mikio Naruse, now undergoing a retrospective of his long unavailable films thanks to James Quandt of Cinematheque Ontario and The Japan Foundation. Based on three stories by Fumiko Hayashi, Late Chrysanthemums tells the story of four retired geishas, now middle-aged, whose lives have become full of disappointment and regret. Performance are uniformly outstanding, particularly that of Haruko Sugimura, who starred in films by Ozu's Late Spring, Floating Weeds, and Tokyo Story among others. Sugimura portrays Kin, a former Geisha who has no children and lives only with her young maid who is unable to speak.<br /><br />She has become cynical about men and has turned her attention to money, particularly real estate speculation and loaning money to her friends, Nobu (Sadako Sawamura), Tamae (Chikako Hosokawa), and Tomi (Yuko Mochizuki), all former geishas. Kin's friends live in meager circumstances and complain about how Kin has become greedy and Tomi spends considerable time gambling to try and make ends meet. Both Tomi and Tamae are in the process of losing their children. Tamae's son is leaving to work in the coalmines in Hokkaido, and Tomi's daughter has decided to accept a marriage proposal from an older man. Both resist the change in their circumstances but come to accept it as inevitable.<br /><br />Two male friends visit Kin, Seki a former lover with whom she once contemplated double suicide, and Tabe (Ken Uehara), another lover who she looks forward to seeing again after many years. Her mood is upbeat but soon turns to resentment when she discovers that the two men are only interested in borrowing money. Naruse cuts between two extended sequences seamlessly as Kin confronts Tabe and Tomi and Tamae console each other over the loss of their children The dialogue is extremely natural and the characters are women of strength who, though their future does not seem bright, refuse to see themselves merely as victims. Late Chrysanthemums has the simplicity, humor, and stoic acceptance of life prominent in the films of Ozu and is a bittersweet reminder of the slow passing of time and the comfort that memory and companionship can bring along the way.",positive
"Not much to say other than it is simply a masterpiece. this film contains a myriad of messages that all should take to heart. especially- women do not squelch your man's dreams -honor them -that's why you loved him in the first place! Those who plan for death will live in the grave. Those who carpe diem will awaken those who live in fear. Even our Lord spoke of this when he chastised the the one who buried his talent in fear that he might make a mistake and displease the Master. Take a risk, get out of the boat and you will walk on water. Life is a journey that does not end in the grave but in our minds and souls.",positive
"In all honesty, if someone told me the director of Lemony Snicket's Series of Unfortunate Events, City of Angels, and Caspers was going to do a neat little low budget indie film and that'd it be real good, I'd say that person must be joking. But that's what director Brad Siberling did. And it was really good.<br /><br />""10 Items or Less"" has a similar conceit to films like ""Before Sunrise,"" ""Lost in Translation,"" or more recently ""Once."" It involves the chance meeting of two people who if serendipity didn't put them there, they'd probably never cross paths, or if they did, they wouldn't say word one to each other. Like those films, ""10 Items or Less"" focuses on the relationship that builds and how the characters come to understand each other and build on each other's strengths and weaknesses.<br /><br />The story involves Morgan Freeman, playing an unnamed actor who goes to research his role as a grocery store employee for an upcoming independent movie and because of things beyond his control, ends up spending the day with the lady in the 10 items or less lane played by Paz Vega. She has a rotten marriage and is hoping to land a new job as a secretary. Initially, Freeman's character just needs a lift home. After spending time with her, however, he wants to get to know her and maybe even offer her some advice.<br /><br />Brad Siberling builds the characters almost entirely through the exchanges between Freeman and Vega. The plot is merely a setup for these two characters to interact with each other for most of the film's 80 minute duration. Freeman has fun with his character, as he appears an outsider in lower class world that Vega's character, Scarlett, inhabits. Vega, in the meantime, grows beyond the stubborn checkout clerk upset with her life's situation looking to move on.<br /><br />There a couple things that really stood out in this film. First of all, Siberling has probably taken note from independent cinema to make sure the relationship is sincere and doesn't fall into any Hollywood pitfalls. It's a very mutual friendship that develops convincingly throughout the film. It works, even though the situation itself does seem a little inconceivable.<br /><br />I am also impressed with the performances. While Freeman's presence gives this film credibility from the get-go, he shows a certain amount of charm and fun not usually seen from him. Paz Vega, meanwhile, is priming herself for a breakthrough in US film sometime in the future. I loved her in Spanglish and she's equally good here as the tough, no-nonsense Scarlet. Towards the end of the film, she successfully conveys the growth of her character. I'm looking forward to seeing her in more films.<br /><br />Overall, 10 Items of Less functions best as a character piece, well scripted and directed by Brad Siberling. He hasn't done much writing and his feature film work has consisted mostly of big Hollywood films. Yet there's certainly an artist at work here and am anxious to see if he'll take this road again.",positive
"A lot people get hung up on this films tag as a ""children's film"", and that it certainly is, though it is one made for adults. Takashi Miike uses the fantasy genre, particularly, the children's fantasy genre, as a springboard into the wild territory that is the Great Yokai War.<br /><br />The setup is simple a boy is selected to play the ""hero"" in this years annual festival, only to discover his role is much more real than he could have imagined. What follows is a hallucinatory, grotesque, whimsical, and often funny journey through the world of Japanese folklore, but wait there's also an evil Villain on the lose who wants to destroy the world. However, the villain here, is not a mere demon, it is the demon-spirit of the accumulated resentment of those things which humans ""use"" and ""discard"". Usuing a chamber made out of pure liquid hate/resentment, the villain transforms the vibrant colorful Yokai spirits into soulless ten foot tall makeshift robots which chainsaw for arms and eyes like burning coals(those whove played the video game, Sonic The Hedghog, might remember a certain Dr. Robotnik performing similar procedures to the cute and cuddly's who Sonic had to then ""liberate"").<br /><br />The hero in this film is actually the least interesting character, essentially playing the straight man, in a world gone suddenly mad. Though he does go through the typical heroes trials he more often than not cowers, as do many of the Yokia themselves, who seem truly defenseless against the murderous robots, some spirits being umbrellas with eyes, talking walls, or creatures whose soul purpose in life is to count beans...of course in this magical world of Miike's Yokai war even beans take a magical power when one believes in them.<br /><br />In several ways this film subverts the normal conventions of children's fantasy, as few, if any, of the characters are heroic, their victory being a combination of happenstance, almost arbitrary faith, and a desire to party. The Yokai spirits, only rally together and lay siege the villains hideout, after they mistake the end of the world invasion of Earth for a great Yokai festival, and even then only to dance and party. Also the film ends not with the usual celebratory all's well that ends well fantasy ending, but with a final scene, showing our hero years older, with an adult job, now unable to see the Yokai spirits of his youth, who then despondently turn to the villain, who being a spirit can never really die. This ending, with it's Yokai spirit who is the spitting image of Pokemon's Pikachu, warns us not just of leaving behind our childhood selves, but of the horrors of over-consumption. The villain is resentment caused when humans no longer have reverence for the world and the objects around them(in Japanese folklore nearly every object has some kind of spirit), and so when they are used and discarded as we in consumer societies do without reverence, they become soulless vengeful machines, not unlike those seen in modern video games, suggesting that though our imaginations and myths do not ever really die, but can become deformed.<br /><br />This is one of the first scripts Miike has contributed to, and I believe it shows, as there's a tightness conceptually that sometimes gets swept under the rug by his exuberance for visual playfulness. Though I've focused mostly on the story (since lots of users here seem to write it off), I do want to say that visually it's a kaleidescope of CGI, stop animation, costume, and live puppetry, that works remarkably well. There's a dreamlike quality to a lot of the film, and the Miyazaki comparisons are warranted, as are the NeverEnding Story and Labrynth comparisons, though this film is sharper and more adult than either. The Yokai are beaten, brutalized, and turned into machines of living hate, who I believe even kill a few humans, a deformed aborted calf with a mans face is born and dies in the films grotesque opening, while a sexual undercurrent, the women with the long neck licking the face of our boy hero, or another characters persistent memory of touching the thigh of a young scantily clad water spirit as a boy, seem to linger a bit too long for most western tastes, especially when considering this is a ""children's film"". However these are slight enough to catch adult attentions while minor enough, not to traumatize any children to bad. Grims fairy tales, before revisions, did much worse, far more often.<br /><br />All and all this is one of Miikes most accessible and engaging ventures yet, with enough visual drama and great performances(the Yokai spirits have a humanism and an absurd humor to them, thats laugh out loud funny at times) to appeal to audiences of all ages, and a steady conceptual undercurrent strong enough to draw in an adult audience who have presumably brought their children or else come out of a sense of nostalgia for the long lost fantasy films of their youth. The latter group the film seems to address the most fervently asking that they not just continue passive consumption of the world around them, but show reverence to those spirits within them which seemed so much closer to reality in childhood. Another beautiful, funny, and truly original film from a thrilling director who hasn't come close to his apex. Instant classic.",positive
"I was 19 or 20, years old at the time and living in Salt Lake City, Utah and I still remember the new dome theater, called the century 21. Layback chairs that rocked and a new sound system, large screen and huge open space between the screen and the packed theater. We felt all the excitement of a new preview screening of a film. Ta da da daa da ta da dada dada... I can still hear the opening music ringing trumpet and the crash of cymbals. I loved the interplay of characters and the filmed vistas. I know Peter Finch and Luv and Sally had some trouble with the lip-sink but hey, this was a feel good, go feel better about things film! What I regret is the way they cut the meaningful heart out of it, showed the cut version and then called it a flop. I saw the cut version and I can see it lost its view of the vision it had in the preview edition. Yes I wince a bit at Peter's effort to make love through music but, you know I didn't see it that way when I left the theater. when they surveyed us as we left I regret any comment I made that may have altered the original. I liked it then and still see it while I listen to the music on my LP. Most of my family has heard me sing much of the sound track and I can use the films monologues in our games of ""what movie is this"". I wish a director's cut on DVD was available. It is available on VHS but its not quite the same. I would particularly like a full serious lord of the rings style commentary about its origins, struggles and triumphs. Picky people should leave things well enough alone. Bring it back!!!!",positive
"This is without a doubt the funniest of the Curly stooges shorts. I've seen it dozens of times and it always makes me laugh. Hilarious pantomime sequences. A perfect example of ""musical comedy"". Even people who don't like the knuckleheads remember this one fondly.",positive
One of eastwood's best movies after he had separated himself from the westerns. which in themselves were good whenever I had a chance to see any of clint's earlier work I would sit in front of the set and watch whatever was on.,positive
"Now, the sci-fi channel original company has made some pretty crappy films (House of the dead 2, All souls day, etc.) but when you leave the job entirely to horror master actor/writer and now director, Bruce Campbell, you get one of the best damn made for TV independent horror films ever made! I normally hate these movies, in my previous review, House of the dead 2, I could not believe how horrible the film was! But somehow I took a liking for this film, a very good liking for this film. The violence is good and so is the black comedy in the film and I recommend you get it, a true Bruce Campbell masterpiece! Well, since there is only a few more lines left I can say whatever I want about this movie: IJAJKASIF JHJDJ NXD FNEHSD FHNCFNFVHS DJKEALJWSNS.UHHD SISHSNHF AHCNAKDJH HNDCHJNDNH JACND HCHJNNHW JHJ NASHDNFHCKA FHNKHAD SAKASDADJ FJKDFA",positive
"I liked this movie because it told a very interesting story about living in a totally different world at the south pole. Susan Sarandon is such a good actor, that she made an interesting, strong character out of mediocre writing. The true story displays a devastating situation for her character to overcome.",positive
"I saw this film at a time when I was timidly toying with the idea of moving into my own apartment and starting life on my own. Maybe that is the reason why I took it so seriously. I believed totally in the poor character's psychological degradation inside a Paris of perpetual construction sites, dust, squalor, selfishness, rudeness, malice and decay. I'm giving all the credit to Polanski's artistry in his direction, his playing and his inescapable script but I fainted during the horrible final scene and had to be revived by cognac in the office of the theatre's manager. Luckily for me, my life on my own didn't turn out as disastrous as this (so far) but I have always kept a great respect for an artist who can perform such illusions and so totally immerse himself in the (fake) reality he is trying to convey. Simply put, the man is a genius of the first order and a credit to the human race. This film is the sum of many, many instances of great acting and great casting. As some performances were done in English (the scenes with Shelley Winters and Melvyn Douglas among others) and others in French (with most other characters) and Polanski did his own dubbing in English and French, I heartily recommend, if you happen to be bilingual, to switch the audio from French to English and vice-versa, during the appropriate scenes while watching the magnificent transfer on Paramount DVD. This film is part of Polanski's so-called ""apartment building trilogy"" which also comprises ""Repulsion"" and ""Rosemary's Baby"". Unfortunately, ""Repulsion"" still hasn't made it to a decent DVD transfer in Region 1. Needless to say, the three films would make a magnificent boxset.",positive
"There is no doubt that Halloween is by far one of the best films ever not only in its genre but also outside.I love the films creepy atmosphere like the whole it could happen here sort of situation makes it scary to think about.Also to imagine if you were ever in this situation what would you do.This is a movie that i enjoy watching highly, especially around Halloween time.John Carpenter is a very professional directer i love a lot of his other films, but there is no doubt that his best known movie is the film Halloween.Oh and if your thinking about watching the Rob Zombie remake don't.It is pure crap and a true Halloween fan would like the 1978 John Carpenter version better.Michael Myers is one of the coolest slasher killers in any film, and is a very well known one.So by all means go see this masterpiece you will really like it.",positive
"The make -or-break of a love story for me is whether or not I like the characters and also if they click with each other. Matt is pretty unlikeable: aloof, braggart, seemingly lazy, and a misogynist. He's been hurt badly by his dysfunctional mom and this makes him a little easier to take. I guess I liked the details of his dysfunction--he was believable. He overcompensates by bragging that he'l nail Amy. He acts so cool around Amy that he strikes out twice. When they do talk he can't show her who he really is. She empathizes and then stonewalls him at just the right moments. She seems so mature and strong that the traits of hers that come out later didn't seem to fit. (For me.) I found her to be incredibly sexy and pretty, . . . girl next door pretty, I call it. So I was going to like this movie unless it really screwed up.<br /><br />Funny things happen with the coach, but Matt's relationship with the other coach was inspiring. The football scenes at the end were perplexing. Matt doesn't carry the ball but seems to be a blocking back. Folks, he isn't the right size! He's fifty pounds too light for that position. But I thought his acting was skilled. I measure that by the way I wanted to wring his neck a couple of times during his scenes with Meredith Monroe. The film was all right. Meredith M was better than all right.",positive
"This film is one of my favorite Christmas classics. Sure, it's fluff, it's not ""relevant"", but when did movies being simply entertaining and fun become a bad thing? No, this movie is definitely ""A Good Thing"" as Martha Stewart(appropriately)would say! Barbara Stanwyck is so appealing in this film and Dennis Morgan perfectly compliments her. Both of them have charm and warmth to spare. They are assisted by a crew of those incredible character actors who seem to have disappeared since the 40's and 50's--Sydney Greenstreet, S.Z.(Cuddles)Sakall, Reginald Gardiner and Una O'Connor among them. Where are characters like this today? Not one role could have been better cast. Bette Davis thankfully refused this role as beneath her and she was right to refuse it. She would have attempted to steam roll over everyone and everything around her and completely destroyed the film. Stanwyck was a strong actress, but had the wisdom to play this lightly. She has seldom been more appealing and is pitch perfect. Morgan is the essence of the nice guy. Because his part is the least splashy there is a tendency to overlook his skill. Just the fact that he could hold his own surrounded by such distinct character actors is an accomplishment in itself, but he too is absolutely perfect as Jefferson Jones. Skip the ill advised(and pointless)1992 remake and watch this bright, sparkling holiday gift!",positive
"It's been said that Batman Begins in the first Batman movie to ""get it right"" but I think that's a horrible overstatement, for I think the new Batman film, although greater that Batman Forever and Batman and Robin, pales compared to Tim Burton's classics, with this one being the best of the five. The darkness is beautiful, as is the music and scenery, creating a Gotham City cloaked in mystery, unlike Batman Begins, where Gotham City is a normal-looking city. The villains are terrific in this movie. You literally can't take your eyes off of the penguin and cat woman. I applaud Tim Burton for being original with his use of the penguin as a freak, rather than an ordinary criminal or a clone of the old Batman TV show. In Batman Begins we have the scarecrow, whose not nearly as demanding on screen as the penguin or cat woman. The film doesn't need to focus only on Batman, because we already know his story, and it is the villains who we are exploring and trying to figure out, and they are the ones who create the plot, with the penguin running for mayor and seeking revenge for his parents' desertion by killing the first born sons of Gotham, a task he fails. Danny Devito gives the finest performance ever by a superhero villain in any film, surpassing even Nicholson's joker. The closing scene where the penguins drag the dead body of the penguin into the water is touching and powerful. It's a tragedy that Tim Burton wasn't allowed to complete his trilogy, since Warner Bros., interesting in marketing appeal, wanted to ""lighten"" the Batman movies up. And they got their wish...unfortunately. Tim Burton planned on directing the third film, using the Riddler as the villain, with no Two-Face and Robin to mess it up, and I'm sure Michael Keaton would've signed on. So this is the last great Batman Film. Batman Begins is dark, but boring, tedious, ordinary, filled with lackluster villains, and a playboy Bruce Wayne. A decent Batman film, but the best Batman film ever? Never. Batman Returns holds that crown.",positive
"I rented this obscure aussie relic a few years ago to show at a friend`s place and it was an instant success.The classic tale of the wizard of oz with a decidedly cornball 70`s australian twist.The acting isn`t exactly shakespeare society stuff here,but later ,""Mad max""star Bruce Spence is a beautifully understated surfie/scarecrow and there are some wonderfull comic turns by Gary Wadell and Robin Ramsay as a deliciously 70`s camp fairy godmother/father character.Also note the musical contribution from ex-Daddy Cool frontman Ross Wilson on the title song.In a similar vein to later-day aussie comedies such as ""Priscilla queen of the desert"".Good fun.",positive
"Not everything is said in this excellent first feature from Céline Sciamma. The friendship, the ""wanting to fit in"", the first sexual feelings... All this and much more is sublimated through the underwater synchro swimming scenes.<br /><br />All three girls in the movie try to find and express their personality in a very different way. It is a much less violent approach to the understanding of the teenage years compared to, say, ""Thirteen"", but a very worthwhile trip nonetheless.<br /><br />A must see, and please leave all American cinematographic preconceptions at he door. The soundtrack is A+ by the way.<br /><br />Bon cinéma !",positive
"Being raised at the time this movie was released has probably influenced my shallow mind, but still, this isn't a bad movie by any means. It's a movie about a hostage situation involving a prep school populated to some extent by endearing teenage boys who can't seem to get out of trouble. What's wrong with that? It doesn't have any big special effects, but so what? Who needs special effects? Cinema's decline began around the same time that special effects were popularized. A coincidence? I think not. It turned movies with potentially good plot and feelings and turned them into a big, substance-less light show for innocent kids and the self-medicated. Well, you know, not all movies need special effects. About three fourths of the movies on the IMDb top 250 are without special effects, but almost all of the Top Grossing movies of all time have some special effects. Think about it: Star Wars, E.T., Ghostbusters, etc. All good movies, but the rest of the top-grossing movies are usually cliched tripe with non-sensical plots and lots of eye candy. Well some movies don't need ny of that junk.<br /><br />Excuse me for going off on a tangent, which I normally do, but I'm just so fed up with that special effects junk. Back to the point: Toy Soldiers is simply a great movie. I admit, some of the content is a little corny and ripped off, but so what, every movie rips off another to some extent. Think of Resovoir Dogs. Countless ""appreciation"" sites dictate the fact that beloved Quentin Tarentino, who I admit I like, has copied many, many, many movies in the making of his first major film Reservoir Dogs. Many say that the entire plot is ripped off almost scene for scene from japanese and chinese gangster movies which Mr. Tarentino loved so much, and probably still does. Sorry once again for the tangent.<br /><br />Toy Soldiers is fun. It has the whole insubordination from teenagers to unwanted members of authority, i.e. hostage takers. It's fun to see kids take over when they're being held to something they don't want to do. Hell, teenage angst-inspired rebelion was the key topic to a great majority to 80's comedies. Plus there's the tension and thrill of having the characters use fire-arms and knock out the bad guys, etc. Plus there's some emotional points to the film. When one of the characters dies the others have to cope and adjust. It's not perfect acting but it beats most of the other tripe out there.<br /><br />In short, Toy Soldiers is exciting, interesting, and fun. How dare you jaded blowhards rate this movie poorly! Shame on you all!<br /><br />Personal rating: 8/10",positive
"Yes, maybe there are parts of this film which require suspending belief a little but that doesn't take anything away from the film's charm and wonder. It was shown as part of our town's youth film festival and was the organising committee's favourite. Which is not surprising. The subject matter - coming together in a race-torn, though post-apartheid South Africa is highly topical and the treatment of the theme is inspirational. Of course, as the previous comment mentions the film does have its shortcomings, but the realism of the setting and the way the director treats his subject matter belies these shortcomings. I saw this with my wife and we returned the same evening with the children. A film to watch, meditate, discuss and act upon.",positive
"Although copies of this movie are hard to find, if you can find it, get it!! !!! I believe this was, aside from In The Navy, Abbott and Costello's only musical. Although they twisted the plot around a little, (I've never heard a version where the butcher goes up with him), you still enjoy the antics of the slightly idiotic but lovable Jack, and the greedy butcher, Mr. Dinklepuss. Slightly reminiscent of DuBarry Was a Lady, this uproarious film will have you rolling on the floor - only to get up and dance as Lou Costello sings. (I don't know why they didn't do that in other films.)",positive
"This movie was great and I would like to buy it.The boy goes with his grandfather to catch a young eagle. the boy has to feed and care for the eagle until it is old enough to be sacrificed for the crops. the boy saves the eagle from being killed and runs away from the tribe.The eagle helps feed him by catching a duck from a small pond the boy scares up. Later the boy shoots a deer that a bully kid was claiming because their arrows were marked very close the same. Only until they check the thickness of the red lines do they determine who actually got the deer. But this was unfortunate because it made the other boys even crueler to him,and at the end he is being chased up onto a cliff but when you think he will fall off his pure love for the eagle transforms him into a golden eagle with only a necklace as a reminder of who he was.Please if anyone knows where I can buy this movie let me know.I haven't seen it for over 30 years,but still remember parts of the movie.deniselacey2000@yahoo.com",positive
"I really enjoyed this movie. It challenged my emotions and beliefs, making it a true piece of artwork in my book. The acting was unsurpassed. I would never watch this movie with anyone I could not cry around, I don't think I cry harder to any movies, maybe because it makes me look at myself, I dunno. It is a must see.",positive
"Always fancied this film from the video cover. Eventually got round to buying it for a fiver in a sale and boy what a film. A simply stunning performance from all of the case and it's filmed so beautifully. Even at times from a distance so you can barely hear what the dialogue is, as if you really are that distance away picking up bits of the tale. It's really moving, frequently amusing and very watchable. Not much dialogue but is filmed in such a way that you feel so much throuout. A 9/10 from me. A must see.",positive
"Having seen many of Wong Kar-Wai's other movies (Happy Together, Fallen Angels, Ashes of Time), I knew what to expect coming in to the theatre; the cinematography would be lush, the use of space and perspective would be varied, the acting would be superb, and at least one of the characters would be consumed by an ineffable loneliness. These are, after all, precisely the techniques that make Wong Kar-Wai's art what it is. What I was not expecting was the degree to which I was drawn into a film that some reviewers dismissed as ""unfinished"" and compelled by characters who ""seemed consumed by ennui.""<br /><br />I find it interesting how people can be so utterly unmoved by a film that so vividly displays emotions and settings many of us take for granted or work ardently to forget: the overwhelming sense of grief stemming from being betrayed; the guilt aroused by the thought of becoming no better than the betrayer; the mundane yet profoundly intimate moments of relationships, where the need to express oneself verbally is utterly superfluous. This is what Wong Kar-Wai attempts to portray in the film and what he achieves so well.<br /><br />Too many Americans are consumed by the need to have every moment of a film filled with stock dialogue; witty banter, disaffected sarcasm and overwrought confessions seem to be the pinnacle of the ""best"" American film has to offer. Wong Kar-Wai sees things very differently. Instead of the character needing to keep the audience apprised of her every feeling, perception or belief, Wong's characters make their feelings and understandings known clearly by facial gestures, body positioning, and, yes, silence.<br /><br />If viewers merely contemplate this film from the standpoint of character development and action, then they may be disappointed by what it has to offer. If they are willing to let themselves try and intuit what the characters are feeling, then they may feel quite differently about what Wong has to offer them.",positive
"The saving grace of this film is its humour. Playing up to the strengths of their star, Warner Brothers cast their version of General Custer as a cocky, dashing, irreverent prankster with a romantic streak and an unexpected strain of idealism; it was Robin Hood all over again, and Flynn blossomed in the role. All his best action pictures made use of his talent for mischief and comic timing, and this one was no exception.<br /><br />It also benefits from the return of former co-star Olivia de Havilland, despite an earlier agreement to break the partnership; the part of strong-minded Libby Custer is a better role than the sweet love-interest types she had grown tired of playing for the studio in Flynn's later films, and after seeing the script he had specifically requested de Havilland be cast so that she could do justice to the part. In this final collaboration, she piles all her considerable acting skill into what is, at heart, basically a romping adventure movie, and the screen chemistry is rekindled -- for once, she and Flynn get the chance to develop their characters beyond the initial romance into an old married couple, to equally winning effect.<br /><br />The Flynn/de Havilland pairing and the streak of comedy are what have provided this film's durability, when most of Flynn's other Westerns -- held in such affection by the contemporary American public, although allegedly not by their star -- have long since been forgotten. The action scenes are fairly cursory (despite, ironically, the death of an extra in a fall during one of the filmed charges) and the villains of the piece turn out, schoolboy-fashion, to be the same people who were horrid to Our Hero on his very first day at West Point, and thus continue to frustrate him throughout his career. It cuts down on the cast list, but it's a trifle too morally convenient.<br /><br />However, these are quibbles largely irrelevant to a film that never set out to be more than a rousing piece of entertainment. Ably aided and abetted by a sterling group of supporting players (memorably including Anthony Quinn in an all-but-wordless role as the Sioux leader), Errol Flynn gallops his way through the plot courtesy of his usual arsenal: charmingly sheepish looks, unexpected sweetness, mischievous twinkles, flash-point indignation, cheerful fellowship and sheer high-octane charisma. He's a reckless braggart, but you can't help but like him. And it's hard to go away without the tune of ""Garryowen"" threading its jaunty way through your ears for many days thereafter.<br /><br />This is one of Flynn's lasting hits; it also contains a surprising amount of good acting amongst the fun, and is a film worthy of being remembered.",positive
"This is probably the best television show I've ever seen. I first saw it on Comedy Central several years ago. At the time I was unaware that it had been dramatically edited and was shown out of order, and having just watched all three series in order and unedited (thank you internet and your wondrous ""series of tubes"") I am SO GLAD I rediscovered it! I think Comedy Central sort of picked and chose their way through series one and two to make a ""season""......and I tried to get friends and family to watch it, but nobody really seemed to like it (I need new friends). So, on my own, I made the best out of it that I could. Even when I felt like it was waning a bit, I still felt compelled to continue watching. Years after when I discovered Little Britain, I immediately recognized Pauline from LoG as having influenced Marjorie in Fat Fighters. Also, I love the idea of writers who act the entire show....(not new, but done impeccably here). LB has nothing on LoG! (No offense, Matt & David....Love you)! This is indeed a darkly comedic piece of genius. Serial murder, implied cannibalism.....you name it and it's probably found in this wonderful, unique piece of TV art. The location shots from the very first scene themselves are chilling and seem to beckon you to the town of Royston Vasey.....You'll Never Leave! I think my favorite character would have to be Tubbs, but each character as portrayed has it's own ""charm"". My least favorite was Papa Lazarous, that was until he re-surfaced in series three (clever and wholly unexpected)! It's best to watch several episodes in a row as it drives the continuity and as I said before, becomes so compelling (while repulsing) that you really CAN'T stop watching. This is not for those with weak stomachs, kids, conservatives or Grandma (unless you've got one saucy granny)! I have always loved British TV, particularly comedies, from Monty Python to Benny Hill, Red Dwarf to Keeping Up Appearances, Absolutely Fabulous and the British originals Coupling and The Office (but not their US counterparts....sorry). This is unlike any of those in that it completely redraws the line between what's funny and what's just sick and twisted. Nothing, NOTHING on US TV has ever come close to this level of entertainment. US broadcast TV is so sad and lame, I can barely stand to watch ANY of it. It's kind of sad that even our cable channels don't have the guts to show unedited versions of this gem (your loss, Comedy Central). Thankfully there are shows like this one that come from the ""across the pond"" that redeem the entire medium every decade or so. Basic cable here in the US has been making tiny steps the last few years in confidently ""crossing lines"" with more graphic sexual content, drug use and adult language, but they are still years away from just deciding to be Adults about showing real life, adult behavior (instead of just murder obsession and blowing things up, sheesh, it's like the same basic show format for the past 35 years)! Don't even get me started on US sitcoms! Waste of time and lots of wasted money......did you know that ""According to Jim"" has been on the air for 10 years??? 10 YEARS?? Anyway... Watch this show, get it on DVD, do what you must and then make your friends watch it as well! You've never seen anything like it. There are three specials that I have not watched yet....I'm saving them to spring on my best friend next time he visits. He'll watch them, even if I have to chain him up and paint him with Excrement! Lines and lines and lines and lines! Note that series three departs from one and two....the greater town seems to fall away to concentrate on newer characters, the laugh track is gone (thank bloody hell), the theme is more band and less orchestra and a bit of the story takes place outside of Royston Vasey. Don't be thrown by any of that as by the end, the series has preserved the quiet perversity first demonstrated in series one and two. I think these four guys have created something sort of undefinable. Brilliant, confident and absolutely demented. You will want to re-watch it again and again. It's amazing that in 5 seconds of screen time they can go from cheap sight-gag to horrifying blasphemy then end with a single actors close-up facial expression. If ever I were to meet any of the writer/performers, I'd implore them not to recreate it or try to top it.....I'd just say ""Can I help you at all?"" (Then they'd probably slap me, so I'd ask them to sign the slap-mark)! 10 out of 10",positive
"I thought it was an extremely clever film. I was very pleased with it and truly couldn't' ask for more. I actually own the film because I didn't return it to someone... Which I should do, but I really want to keep it due to how much I enjoyed it. Also, the fact I don't own too many foreign films and this is a first. Now, I personally love Finnish stuff so, that definitely added to how much I enjoyed it. But overall, its worth watching. However, if you're not into the whole trying to understand Finnish or read Subtitles bit, then this film is not for you.<br /><br />9/10 for sure.",positive
I've seen the original English version on video. Disney's choice of voice actors looks very promising. I can't believe I'm saying that. The story is about a young boy who meets a girl with a history that is intertwined with his own. The two are thrown into one of the most fun and intriguing storylines in any animated film. The animation quality is excellent! If you've seen Disney's job of Kiki's delivery service you can see the quality in their production. It almost redeems them for stealing the story of Kimba the white lion. (but not quite!) Finally Miyazaki's films are being released properly! I can't wait to see an uncut English version of Nausicaa!,positive
"Ordinarily, Anthony Mann made westerns with 'the big guys' - James Stewart, Gary Cooper, Henry Fonda . . . the A list cowboy stars. But in this B+ film, he tackled something notably different and had quite a bit of success with what turned out to be a truly one of a kind western. The main character, played by Victor Mature, is a trapper/ mountain man, and ordinarily they are romanticized in films - Robert Redford in Jeremiah Johnson, that sort of thing, where the hero is not in fact a typical mountain man but a clean cut heroic figure who hangs out with real mountain men. Not here. For once, a true mountain man - vulgar, crude, animalistic - is the central figure, and it's something to see, giving Mature one of his better later roles. The real acting chops are provided by Robert Preston, excellent as a self-absorbed Custer type cavalry commander, and James Whitmore, the poor man's Spencer Tracy, as another of those old timers who feel themselves trapped between ever more hostile Indians on the one side and the oncoming force of civilization on the other. Even more impressive is a very young Anne Bancroft as the officer's wife, who is initially repulsed by the very sight of Mature's grisly character, then finds her own veneer of civilization slipping away as she begins to realize, to her own shock, that she's attracted to him. Rarely if ever has a remote frontier fort been so accurately realized on screen, without the romantic allure that John Ford gave such a place in his masterful Fort Apache. The battle sequences are big scale and notably violent, and particularly impressive if you seen them in widescreen format. Good show, and underrated movie, all around.",positive
"The Secret of Kells is one of the most unique, beautiful, and eye- popping animated films I have ever seen. Before watching this film, I was convinced that nothing could give Up a run for its money and that it was a shoo-in to win in this category, but I found in Kells a serious contender.<br /><br />The Secret of Kells tell the story of a young orphan named Brendan, who lives with his uncle, the Abbot of Kell. The Abbot is a loving guardian, but perhaps a bit too strict and much more concerned with fortifying the wall around the town from a coming attack by vikings than he is at nurturing the boy's imagination. When the legendary Brother Aidan (who looks surprisingly like Willie Nelson) shows up and takes the boy under his wing, Brendan goes on a journey into the woods and meets a lovely forest nymph named Aisling who takes a liking to him (and saves his life more than once). With Aisling's help, he attempts to save the town and help Brother Aidan complete the mystical book whichlegend has itcan turn dark into light.<br /><br />See my full review of The Secret of Kells at: http://theoscarsblog.blogspot.com/2010/02/movie-review-secret-of- kells.html",positive
"Exclusively for Coop's lovers, though Clint Eastwood very strong though unobtrusive presence is a great asset of this very good documentary film. It is a biography of Gary Cooper, based mainly on his filmography, but also on more private archives, which show him as a child, as a young man, as a family man, with some of his friends (Picasso, Hemingway, etc.), as an older man, finally as a sick and close-to-death man. After ""the end"", I did not have the feeling that I knew the man any much better. But I have spent a very good moment, re-viewing many of the best moments of his movies; and my respect for the very talented actor and great professional was increased tenfold. The film shows, most interestingly, how the career of Cooper can be paralleled with the evolution of USA society before and after WW2. Two of the great moments are the time when Cooper has to answer justice about communism in the movie world; and when James Stewart (a very great one, too) received an Award for Cooper one month before his death. I'm not a weeping pot, but... that was a close one! Watch it, if you can: it is so much worth while. ... If you love Cooper, that is. Or an older America...",positive
"The first thing you see in this film is a static angle(one which will be repeated later in the film), depicting the chaos going on(unseen to the audience) in a studio that airs news. Soon after, Fonda's character's typical story is shown, in that same angle. Don't let this mislead you; the film is not about a female reporter, a woman struggling to succeed in a male-dominated profession. That is merely a lead-in, a way of starting the film(though it's used later). The actual point to this production is revealed gradually, and the first we see of it is in a deliberately long scene early on. The entire film has that pace; not slow or drawn-out, but deliberate. It's never really fast, even in the few sequences that one would normally expect to be so. This pacing(especially because it seems to slow down further as the plot is revealed, as the disturbing, unsettling nature of the film is unraveled) is strong, almost painful to the viewer. It inspires you to, if it had been possible, jump into the screen, grab the people responsible by the collar and yell at them to *do* something about it, to remedy the situation. Never once did I feel like getting up or even taking my eyes off the screen for a moment. The subject is extremely important to be aware of, and it's handled perfectly here. No over-dramatization(well... very little, anyway), just an accurate presentation of the issue. The direction is astounding. The empathy felt for Lemmon's character is profound. The editing is masterful... one scene near the very end illustrates that perfectly. The editor, judging from his filmography, is vastly underrated. The writing was excellent. The acting was great, in particular by Lemmon, Fonda and Douglas(who also produced it). The lack of a score is perfect; no music is needed to enhance. The ending is sublime and effective. The movie does have a few negative points... among them, some of the dialog is obviously and undeniably mainly exposition, one particular part of the film, whilst dramatic, doesn't seem to mesh with something that follows it. Not everyone will watch the film because of two features of it which are commonly (and rightfully so) attributed to bad movies; the pacing(which can be mistaken as being slow) and the (lack of) score. One could argue that to be a negative thing, as everyone ought to consider the points it presents, but maybe it's better this way; handling the heavy subject with the intelligence and respect(for the topic as well as the viewer)... something like this, maybe it shouldn't be spoon-fed. I was mesmerized with the film, and left very taken aback. I recommend this to anyone who believe themselves strong enough to handle it. 9/10",positive
"With all the dreck out there, this is a gentle movie about young love. Yes, it's true that young love often makes more out of something than it deserves, but why aren't people down on ""Romeo and Juliet""? Paul and Michelle are models of good behave compared to them.<br /><br />Yes, they run away, and set up an ideal life, but this is a movie, not real life. Paul is more sexually interested than Michelle, who has been come onto in a bad way. Eventually, they have sex, but no one is forced into it. The movie does let kids know that sex can cause babies.<br /><br />One thing, there is nudity in the movies. The camera does not focus on it, but it is there.<br /><br />The ending of the movie has Paul in good chance of being found out. In ""Paul and Michelle"", they separate for a time. If you don't like the ending of a movie, think one up yourself. Alternative endings are not just for DVDs.",positive
"*The whereabouts of Al Capone<br /><br />*Who shot JFK?<br /><br />*Cynthia Gibb lands the part of ""Gypsy"" in the TV remake<br /><br />These are some of the great unsolved mysteries of the 20th century. How else can I say it, except, I thought she was unredeemingly awful. Mannequin mannerisms, poor reactionary acting (ie: that blank, stoic stare while he co-star in the scene speaks)and a singing voice that most voice coaches would rate ""mediocre"". But she is stunningly gorgeous and after all, wasn't that what the Gypsy character is all about? Cashing in on her looks cuz' she didn't cut the mustard in the talent department?<br /><br />As for the rest... Bette is fantastic. Whether or not she's playing herself or playing Mama Rose, it works either way, and I for one thought Rosalind Russell was as exciting as drywall in the original. Peter Riegart as ""Herbie"" is the perfect understated foil to Bette's over-the-top Mama, and he's the medium-temperature porridge between Midler's hot dish and Gibb's stone cold mush. Riegart is juuuust right.<br /><br />One final holler to the man responsible for decades to come of Cher jokes: Bob Mackie. Drag queens would kill for the glitz and glamour on display here. Everything's coming up sequins and bugle beads!<br /><br />",positive
"It has been widely agreed that Hayao Miyazaki is a master at his craft when it comes to combining rich animation with thoughtful story lines and similarly imaginative characters. His movies, from NAUSICAA, TOTORO, KIKI, LAPUTA, and MONONOKE to the recent HOWL'S MOVING CASTLE are all not only gorgeously rendered in terms of art, but in terms of movie-making as well. Can this man do no wrong? Not really, but it is impossible to expect everyone of his movies to always be five star marvels. His newest film, PONYO, an unashamedly family-friendly tale of a ""goldfish out of water"", is as lushly animated and alive with interesting characters as you would expect... and yet this is the first film of his which treads into ""lesser"" territory. Don't get me wrong, PONYO is not a bad movie by any means. As mentioned, it is a sight for the eyes and is as charming and adorable as TOTORO and KIKI. The problem is that the story doesn't stay afloat to satisfy anyone eager for another engrossing, in-depth plot.<br /><br />For its opening hour, PONYO is Miyazaki storytelling at its finest, in which a rowdy and overeager young goldfish (who later becomes named Ponyo) makes a forbidden trip to the human world where she is subsequently adopted by a boy her own age named Sosuke (modeled, interestingly, after the director's own son). This does not please Ponyo's father, a mysterious wizard named Fujimoto, who is very angry at the humans for their destruction of the sea (this environmentalist theme is not much different from Miyazaki's other films)... a problem he very much intends to rectify by creating jellyfish from the prow of his submarine. He separates the pair and tries to talk Ponyo into staying underwater with him. The goldfish, however, has already tasted both Sosuke's blood (healing a cut on his finger) AND some of the human food (ham, which she becomes inexplicably addicted to), and of course steals into her father's forbidden potions, transforming into a hyperactive young girl (who is the spitting image of Mei from MY NEIGHBOR TOTORO). This triggers a dangerous tsunami which threatens to engulf the entire world with water. Conspiring with his wife, Gran Mamare, a diaphanous sea goddess who alternatingly shifts from super-sized titan to human-size form, Fujimoto decides to test the two youngsters' love for each other. They do this by elevating the sea to the level of Sosuke's house, prompting the youngsters to set out across their now ocean-infested world in an over-sized toy-boat (made possible by Ponyo's own magical powers).<br /><br />It is at this point where PONYO begins to run out of steam. Although Ponyo and Sosuke are adorable and the scenes involving them are funny and cute, they slow down the film. Where the film really takes on water, unfortunately, is at the climax in which Sosuke must prove his love to Ponyo, presented in a way which is strangely anticlimactic and rushed, bringing an otherwise charming tale to an abrupt halt. This will likely underwhelm viewers expecting another instant masterpiece from the man who has delivered far more interesting finales for many of his other movies. Remember the destruction of Laputa? Satsuki's search for little Mei? Kiki's rescue of Tombo? Porco Rosso's fight with Curtis? The rescue of the Forest Spirit's head? Or even the test between Chihiro and Yubaba? All those resolutions were far more satisfying and felt more complete than this one.<br /><br />On a technical level, PONYO cannot be faulted. The animation is absolutely gorgeous to look at, produced entirely without a single shot of computer-generated-imagery, and naturally Joe Hisaishi provides us with yet another breathtaking musical score; the best moments being the rousing sequences underwater, accompanied by a chorus and a soprano voice. And the backgrounds are lovingly painted and detailed as any other Ghibli movies.<br /><br />Having proved themselves worthy on translating and dubbing Ghibli's previous movies into English with top-quality results, Disney Studios and Pixar once again provide an English dub complete with a mostly capable cast of actors. Frankie Jonas is surprisingly good as Sosuke, sounding very natural and believable throughout. Noah Cyrus as Ponyo, on the other hand, sometimes goes overboard in shouting her lines before eventually settling down toward the end. Leads aside, the rest of the cast includes Liam Neeson as the overprotective Fujimoto (who manages himself unsurprisingly well in the character), Cate Blanchett as Gran Mamare (in an omnipresent tone which is not much different from her Galadriel in LORD OF THE RINGS), Matt Damon as Sosuke's constantly seafaring father Koichi (who is good but nothing to write home about), and Tina Fey as Lisa. Of them, Fey is the best voice in the entire cast, imbuing the character with just the right amount of spirit and personality. Her scenes with Sosuke show real chemistry. On the other hand, Cloris Leachman, who was spectacular as Dola in CASTLE IN THE SKY, is disappointingly wasted as one of three handicapped elderly women (she barely has ANY lines!), who are also voiced by Betty White and Lily Tomlin. Of them, only Tomlin's character, a cantankerous woman named Toki, shows any real personality, but if I were casting the movie, I'd switch Tomlin with Leachman. Probably the only really jarring drawback of the dub is a blasty techno-remix of the film's catchy (but ridiculously repetitive) title song, which thankfully doesn't occur until midway through the closing credits.<br /><br />On the whole, PONYO is a good film; a fine piece of animated work which is perfect for youngsters and family audiences. Due to the loss of momentum toward the end, though, it falls far short of classic status. Since Miyazaki at his least is still better than a majority of other animated films, though, I'll be generous and give PONYO a full star recommendation, because any feature of his is still very much worth watching, particularly on the big screen. (Be sure to catch it in the theaters while you can.)",positive
"The story is incredible, it begins with a new kid in town named Roy, while on the bus to school, he notices a kid running with no shoes, and on that same day he breaks the big bullies nose who is trying to fight with him. Roy soon discovers that kid is a runaway, and he and his step sister are trying to mess a construction sight, that could kill all the beautiful owls that live there. Roy decides to help them him there fight, Can they win this fight before the smart but bumbling cop Dave Delinko(Luke Wilson) Stumbles on to them. An enjoyable film, funny and adventurous. I do admire Luke Wilson for taking this role. I don't think his brother Owen would even take this role.",positive
"For Anthony Mann the Western was 'legend'- and 'legend' makes the very best cinema! Mann's work was full of intensities and passions, visually dramatic, and the action always excitingly photographed...<br /><br />Stewart, a docile actor with the ability of displaying anger, neurosis and cruelty, made with Anthony Mann, five remarkable Westerns: ""Winchester '73;"" "" Bend of the River;"" ""The Naked Spur;"" ""The Far Country;"" and ""The Man from Laramie.""<br /><br />In ""Winchester '73,"" Stewart reveals his darker side... He offers all the reserves of anger, inner ambivalence, and emotional complexity in his nature that his audiences had, up till this time, failed to catch...<br /><br />A carefully chosen cast increases the proceedings in fine style: Shelley Winters is at her saucy best; Dan Duryea perfect as the vicious, sneering psychopathic villain; John McIntire great as the unscrupulous character; Charles Drake so good as the man who attempts to face his tormentor; and a very young Rock Hudson, attempts the role of an Indian Chief... <br /><br />""Winchester '73"" is the story of a perfectly crafted and highly prized, rifle in the Dodge City Kansas of 1876... Stewart and his estranged brother, who bears another name (Stephen McNally), compete fiercely for possession of it, and though Stewart wins, McNally steals it and sets off cross-country with Stewart in pursuit... What gives the pursuit an element of the demonic, is Stewart's determination to revenge his father's death at the hands of that same renegade brothera revenge fed by long-standing fratricidal hatred...<br /><br />Photographed in gorgeous Black & White, the film comes on as powerful and arresting, acted with deep feeling and intense concentration, not only by Stewart but by all the supporting characters...<br /><br />Look fast for a promising newcomer, Tony Curtis, the soldier who finds the rifle after the Indian attack...",positive
"An Insomniac's Nightmare was an incredibly interesting, well-made film. I loved the way it just throws you into the main character's subconscious without coddling the viewer...the acting was top notch - honestly, I would watch Dominic Monaghan read the phone book! - but everyone else, especially the young girl, was great as well. I was very impressed by the look of the film, too. Usually, ""independent films"" have a grainy, I-shot-this-on-my-camcorder look to them, but this director knows what she's doing. The lighting, the cinematography...quality work. I'm looking forward to a feature-length work from Tess Nanavati!",positive
"Tiempo de valientes is a very fun action comedy.After his great fist movie called El fondo del mar and the spectacular TV pro-gramme Los simuladores,Damian Szifron made another great work.Tiempo de valientes looks,for moments,a movie made in Hollywood.Diego Peretti and Luis Luque are two great actors and here,they have great performances.The movie is very fun and funny and it has superb moments.Tiempo de valientes is a very fun action comedy that I totally recommend if you wanna have a great time.And I have to congrats Szifron for all the talent he has.<br /><br />Rating:9",positive
"An untidy man, known as Bill, lives in a small dreary flat, with a poster of Marilyn Monroe on the wall, and his typewriter for company. Only the man can't think of anything to write. He wanders around the streets following people, just to see where they go. Maybe this will give him some inspiration to write. He begins to follow a well dressed man holding a bag. He follows him for a few days. While in a cafe, the well dressed man sits down at a table on the opposite side of Bill, and inquires why Bill is following him. The well dressed man says his name is Cobb. Cobb then surprisingly informs Bill that he is a burglar, and even starts to take Bill with him into houses to steal things; although Cobb insists he doesn't go into other people's homes to just steal. He says he likes to let people know he has been there, and interrupted the things they take for granted. He puts knickers from another burglary into a man's trousers, for example.<br /><br />The film is told in flashbacks at times too. The director used this technique in greater abundance in his recent feature Memento. Bill eventually decides to cut his hair and dress in a suit, on the advice of Cobb. He meets a Blonde lady in a club, who used to date the owner, a bald man, who is very dangerous, she says. We see a scene where a hammer is used by the bald man's hence men on a man's fingers in the Blonde lady's flat. These are some of the many pieces of the puzzle that the director shows us, and they will all fit into place when we arrive at the surprising conclusion.",positive
"I read a few reviews of the movie and got the impression that it was not as good as the previous Karate Kid installments. Although my favorite is still Karate Kid II, I felt this fourth installment of the movie series was consistent with the others and had some important lessons to share. Unlike the previous versions, the karate student is a female teenager who takes a somewhat different learning path, rather than a male teenager. Maggi finds this a little more challenging, but rises to the occasion. The plot twists are believable and predictable. I found that the bad guys are a little one dimensional, but this weakness is present in all the installments in varying degrees. The camera work is impressive and pans across some beautiful scenery from time to time. The Zen monastery is both austere and charming. The Zen monks add some humor and lightness to the narrative flow. I liked the ""Zen Bowling"" scenes which are a humorous counterpoint to the more serious Zen archery scene earlier on. The quality level of the movie is like a good TV series. The music chosen for the background is very good, especially with the Little River Band playing ""Listen to Your Heart"". The lessons in the movie are valuable and worthwhile to learn. They feel faithful to the spirit of karate and take care not to over-glorify the fighting part. All in all, I enjoyed it.",positive
"Chang Cheh's ""Shaolin Temple"" might very well be the highwater mark of the Shaw Brothers martial arts film cycle. This rousing kung fu epic boasts an amazing cast - a veritable who's who of the Shaw stable. Though the plot is fairly standard and the fight choreography is superb as usual, it is Cheh's handling of the subject matter that makes this film remarkable and enjoyable. The sense of reverence displayed for the history and traditions of the Shaolin Temple is palpable in every frame. Not unlike William Keighley's paean to the fabled Fighting 69th in that same self titled film or John Ford's salute to West Point in ""The Long Gray Line,"" Cheh's ""Shaolin Temple"" is a lovingly crafted ode in that same style.<br /><br />The cultural correlation I am tempted to make, is to compare the Shaolin Temple to the Alamo. Watching this film will give the same admiring and nostalgic feelings that you experienced many years ago in grade school history when you learned of the courage and sacrifice of those doomed heroes of the Alamo. At the end of the film, you too might be tempted to call out, Remember the Shaolin Temple!",positive
"Well, what's wrong with the title ""Separate Lies"" (accused elsewhere of not being ""exciting""). It's cunning, subtle and a bit poetic. (Of course there's a Phil Collins song and a James Belushi film called ""Separate Lives"", which are alluded to here.) <br /><br />But the real point is the ethical dilemmas of telling lies at different levels that the film probes. OK, it's not an ""in-your-face"" hilarious title, but then it's not an in-your-face hilarious film. Please give British films like this a chance. They do try to make people think about important things, as here: how far do you go to protect your life (even if it is a bit rotten) against unexpected disaster. Maybe you tell lies. Maybe you ignore your loved ones' lies. That can wear a lot of people out. <br /><br />American movies on this theme are abundant, but they usually go much further by involving the use of firearms, which are not a part of everyday life here in Europe. <br /><br />Maybe we're not so ""exciting"" over here, but we don't expect slogan-like film titles for films that are not aimed at a massive public.",positive
"I saw this movie when I was a little girl. And I have enjoyed it every time. Sure the graphics are a little cheesy, compared to now, but back in the 70's it was great. I saw it in the original Spanish version only and thought it was wonderful. That was how I remember my Christmases were with my family - magical. Santa Claus was amazing and I couldn't wait for him to come back each year.<br /><br />If you have a child/children and speak Spanish, bring them up watching this old fashioned version of ""Santa Claus"". It's a different version than we are used to today, but who says there is one way?<br /><br />It's a fun movie to watch. It teaches children good vs. bad. I don't know how the English subtitled version is or if there is an English one of this, but the Spanish is the best. Enjoy and Happy Holidays! Feliz Navidad!",positive
"I would like to tell you just a few things before considering seeing this movie. If at one point or another you thought you've seen good camera work, be prepared to be amazed by this movie. For the record, this movie was made in 1957 in Russia, but the technique used here is probably something that we've seen much later in the western world...about 20 years later. The level of emotions through the film varies quite a lot: happiness -love-war- despair-joy, but in the end you remain with something quite unique: the joy of seeing one masterpiece of filmmaking. The young directors from our time should study more this kind of movies and maybe they will be able to create something similar..even though I think movies like this are very hard to come by... If you've seen ""I am Cuba"" , then this movie would appeal to you very much, but if not, be prepared for a unique experience. The Russian directors have something in common: very small budgets, great actors, and a joy of creating art...and yes, they are able to create more masterpieces than all the western world together. I am not a big fan of Russia, actually I hate everything that's communist, but the film making in that part of the world, manages to create such feelings that are hard to describe.<br /><br />Enjoy it.<br /><br />",positive
"Unfortunately, due to a sluggish start, I can't say that this is one of Hitch's best films. It very excellent none the less. The film stars Jimmy Stewart and Doris Day as parents who get caught up in a political assassination plot and must try to get their kidnapped son back. They both give excellent performances, not surprising of course. Really, however, I was most impressed with Hitchcocks amazing use of music. The climax at the Opera house was fantastic, and using a live orchestra to create music and suspense at the same time was pure genius. Absolutely fantastic suspense came out of that scene. Also, the use of Doris Day singing ""Que Sera, Sera"" was excellent. Especially when it is transposed on scenes at the end of the film. So, this film to me ends up being Hitchcocks best use of music that I have seen to date. Unfortunately it had a slow start, or I could have recommend this film a little more highly. Even then, it is still well worth a look. 8 out of 10.",positive
"Gary Busey is the title character, Frank ""Bulletproof"" McBain, your standard-issue reckless maverick cop who's earned his nickname because no matter how many bullets he takes (38 and counting), he never stops going after the bad guys.<br /><br />When a cutting-edge U.S. tank dubbed ""Thunderblast"" is driven across the border into Mexico, it's nabbed by revolutionaries / terrorists led by General Brogado (Rene Enriquez) and Libyan Colonel Kartiff (Henry Silva), who's aligned himself with Russian villains. The Army personnel involved are kept as prisoners, chief among them Devon Shepard (Darlanne Fluegel), who happens to be McBain's ex-girlfriend. McBain is then recruited by the Army for a rescue mission.<br /><br />Busey may not have the physical presence of say, someone like Schwarzenegger, who would have been another appropriate lead for a film of this type, but he's a blast as a self- confident dude who's quick with the wisecracks. Fluegel is a great female lead; she not only looks incredibly sexy but makes for a fine butt-kicking action babe. Enriquez, Silva, Juan Fernandez, and the always welcome William Smith (as a Russian major) are loathsome scum in the classic action movie tradition. The supporting cast is quite full of familiar and reliable character actors: L.Q. Jones, R.G. Armstrong, Thalmus Rasulala, Lincoln Kilpatrick, Mills Watson, Luke Askew, Danny Trejo, and Cary-Hiroyuki Tagawa.<br /><br />T.L. Lankford and B.J. Goldman supply the script, based on a story by Lankford and veteran B director Fred Olen Ray. It's the kind of script where you just know the writers have their tongues in their cheeks: they know their material is absurd and cheesy, and just have fun throwing credibility out the window. Veteran action director Steve Carver keeps it moving and delivers a respectable amount of gunfire, explosions, and general all-out mayhem.<br /><br />""Bulletproof"" is good fun for the action fan who doesn't mind switching off their brain now and then and just enjoying a generous assortment of violence and humor.<br /><br />7/10",positive
"An old vaudeville team of Willy Clark (Walter Matthau) and Al Lewis (George Burns) were one of the best known but they broke up hating each other. Over 20 years later they agree to get together for a TV special...but find out they STILL hate each other. Willy's nephew/agent (Richard Benjamin) tries to get them to work together.<br /><br />A big hit in its day and it won George Burns an Oscar for Best Supporting Actor. I (somewhat) liked it. It was written by Neil Simon so its non-stop one-liners. Some of it was funny but making jokes of Willy and Al's senility was NOT. Also I never liked Matthau. I never thought he was a good actor and something about him just rubbed me the wrong way. Also his character here is so caustic you get sick of him quickly. All that aside this was fun. Burns is just great tossing off one-liners with ease and even Matthau was good matching him. Their verbal battles are the best sequences in the movie. Also Benjamin is very good as Willy's nephew trying to get the two of them to work with each other. For me it's worth seeing for Burns alone. This jump started his career in a big way and two years later he had ANOTHER hit with ""Oh God"". So, this is good. Just good--not great. Matthau's character really makes this hard to love. I give it a 7.",positive
"As this movie unfolds you start to feel the conundrum of human existence. If you carry with you questions, inner wars, unsolved puzzles about the meaning of life then you will feel this movie with every morsel of your body. Charles Darwin begins a war with an utterly predictable ending. War with God. His theories resemble the fact that God has nothing to do with mankind, has nothing to do with the amazing World that we live in. Savage, harsh, ironic and chaotic, this words surround the mind of the character thrown into an universe of material truth, who slowly pushes hope for God, out from his mind. Nevertheless, the movie as Charles Darwin, still sees wonder and beauty beyond God in the universe of infinite Evolution.",positive
"Reading some of the other reviews of this film, i was reminded of both good and not so good aspects of it. But overall, i have to say it is one of the better films i have seen from any number of genres or countries recently. More than anything else, it avoided many of the typical traps of more recent international cinema, like taking nice pictures of landscapes or being 'hip', 'fun' or imitating American films like pulp fiction. The film is unique in many ways. For one thing, it is a film about relationships in which sex plays no role (unusual, especially for foreign films). It is also a film about two men's relationship to each other (also unusual - not a 'buddy film', no homosexual tension, no ego/phallic competition). It uses little dialogue, but communicates a tremendous amount. It is a simple story, yet full of complex details which are easily understood by any human being and universal in their relevance. I did not find the film dark or depressing (everything would seem this way if you watch Hollywood happy ending films all the time), but rather a true reflection of human emotions. For instance, in the scene where Mahmut realizes his cousin is gone is you see both his feeling of relief, that the cousin is gone and yet regret, that he pushed him away. Who has not felt such ambivalence - when losing a friend or lover, or in some other situation? It's rare to get these kinds of real human emotions displayed on film in a non-cliché way. As far as culture is concerned, or this being a Turkish film, i feel it strikes the very difficult balance between being a 'Turkish' film - about realities which more apply to that place (the greater struggle to make it in a Turkish city versus a European one; the greater contrast between country and city), and a universal, human story which didn't necessarily have to be set in Turkey. In this day and age where people around the world are consuming culture and fetishizing it, this film does not try to entice us as 'Turkish', nor does it try to communicate it as a 'harsh reality', or 'that's how Turkey/Istanbul IS'. And yet the cultural elements are there. I think the comparison to 'lost in translation' that somebody made is quite good. Everyone, at least in the US, was raving about that film. I personally thought it was mediocre at best. It was well put by someone as a vague story which supposedly was supposed to deal with 'disorientation' that happens to people living or traveling overseas. Even if the film was supposed to be humorous, the characters and their motivations or crises were never clear (even for a 'lighter' film or comedy, this is necessary). And i found myself being treated to a typically 'orientalist' story of the alienated Amerian overseas. Going back to 'Distant', as for the idea that this is bad acting, or too slow, or has no plot, I'm sorry but people who say this know nothing about film making and maybe nothing about being human, no offense. You do not have to be a film aficionado or cultural connoisseur to appreciate this film. This film will be two hours of your time well spent!",positive
"""The Falcon and the Snowman"" is the story of two young men, a CIA employee and a drug dealer, who become disenchanted with United States foreign policy and sell state secrets to the Soviet Union. The events of the film are based on a true story.<br /><br />Timothy Hutton and Sean Penn are convincing in the lead parts and develop interesting characterizations. The supporting cast also performs well, notably with a performance from David Suchet of Hercule Poirot fame as a seasoned Soviet agent.<br /><br />The film is generally effective at setting out its premise and developing it and giving a sense of two boys caught in something they did not properly understand going in. However, it does seem overlong and cumbersome at points in the middle. The ending, however, is tense, stunning and effective. There are some catchy rock songs included in the soundtrack, but also unfortunately a repeated mellow synthesizer track that doesn't fit with a spy story. There are other spy films more worth seeking out than ""The Falcon and the Snowman"", but it is a decent film none the less.",positive
"Now this is more like it! The first movie had some iffy dialogue and some weaker acting, but it seems like the team behind this got their stuff together for the sequel and put out a solid, thoroughly enjoyable, hilarious and creative comedy that will keep everyone on the edge of their seats the whole way through.<br /><br />Seriously, this is just full of great stuff, brimming with creativity, and it's less of a spoof on 80s movies at the same time. The scenes in Hell are great, and so are the ones in Heaven. There's really no shortage to the mad-cap adventurous romp that this one promises, and you will never see another movie like this. Even the hammy final act of the movie isn't as bad as the first one, being generally heartwarming and enjoyable in its extremely cliché repertoire of family fun movie bliss. And even Keanu Reeves, despite looking about 30, isn't that bad here.<br /><br />Sounds like a good deal to me.",positive
"I provided location services on the this film every Sunday we would shoot in London's Berkeley Square. David Niven ever the gentleman thoroughly enjoyed the role, sadly to be his last. we had a moment of panic when a trunk load of fake Krugerrands (cast for the film..) tipped down a storm drain. <br /><br />Imagine frantic crew opening all the drains to recover every last one. If you know and love London you'll love this comedy romp - also starts Richard Jordan who sadly died from a brain tumour. A good film, great crew ,superb cast. look for the current stars of coronation street then playing crowd scenes or extras.The car lot and Ivan's retail enterprises were all shot in west London, Chiswick the entire shopping parade and the American used car lot were dressed overnight, the car lot is still there as are the shops. A restaurant was suddenly turned into a funeral parlour. If you see the film on the listings make an effort to see it! By the way Sally Harrison the Bank receptionist was married to the production designer Tony Curtis..<br /><br />April 2007 Just thought I would add a few extra comments on locations:<br /><br />Pub: just off Berkeley Square Elke Sommers Cottage: in back Road alongide Twickenham Film Studios Ivans Used Car Lot: along Chiswick High Street and all shop locations near roundabout. Workshops (converting armoured vans)Factory on roundabout opposite Fullers Brewery Jail (see workshops above) Telephone box see Elke Sommers cottage ( it was the wooden studio prop box used in many films, look for the lighting cable at gound level and the wood hinges on the door!!! Computer room Honeywells near Olympia Graveyard - Chiswick - Grave just outside the boundary on common land Bank interiors, ceiling void and strongroom :Twickenham studios<br /><br />And just to add David Niven ever the gentleman, joked and mixed with the crew, extras and so on......Niven would dine in the Connaught hotel bu join the crew for coffee!",positive
"<br /><br />This film has some really impressive action scenes. The humor and action are blended well, though the intensity of the film does not sustain itself till the end. The last scene is a slight anti-climax in terms of action quality and astonishing explosiveness of the scenes preceding it. The humor doesn't seem to be so ridiculously clumsy as in many other Hongkong movies, and this film is of totally other class than most American action-comedies of recent years. Lau Ching-Wan acts as a typical, intuitive police-hero who scoffs at invalid orders from incompetent police superiors. The dialectic of the film is built on the superhuman coolness and ruthlessness of the drug gang, humiliating the police force while providing a serious dose of lead poisoning with a variety of machine guns. Leaving plenty of corpses in it's wake. Yu Rong-Guang is especially impressive as an ultra cool, merciless gangster in this Woo-like piece of action where tough guys are truly die-hard.",positive
"ROLL is a wonderful little film. Toby Malone plays an 18 year old kid (very well acted, by the way) who is into soccer. Malone's cousin takes him out the night before his big game on an adventure with many twists and turns involving two gym bags, a drug lord, some tough bikers, some cops, and some prostitutes ... and the movie keeps us guessing as to which characters are on which side of the law, what the contents of either gym bag is, and even what gender a key biker is. Parts of it reminded me of LOCK STOCK AND TWO SMOKING Barrels.<br /><br />For me, ROLL reinforced three opinions that I already held before seeing ROLL. Those opinions are: 1. I really want to visit Australia one day. The country and cities are beautiful and it looks like such a cool place for a vacation.<br /><br />2. Some of the best filmmakers in the are Australian. The cinematography in ROLL was especially impressive. I loved the stylized colors and lighting in many of the scenes.<br /><br />3. Australian women are HOT!",positive
"A quiet, sweet and beutifully nostalgic movie on how it is to be confronted with old friends and surroundings from your youth with all that memories and the problems and sorrows of the present with you. A movie that makes you feel good. All the ingredients are here: old jelousy, rivalry, friendship and loyalty. Mischief, nightly fridge-raids and all the other fun stuff that we all remember from our summer camps. All the characters get the opportunity for a week to experience this again as the old camp-leader now is retiring and want to meet the children from the golden years of the camp. All of them are now in their thirties and in the middle of their careers.",positive
"Sentimental and naive but undeniably affecting, emotional man-helping-man plea, in this case personified as German and French miners forced to be closed off from each other after the Great War thanks to a new border, leading to disillusionment on the German side, as the French are the bosses. But when a fire begins on the French side, the common decency of the German men lead to assistance, safety and even friendship. This was a plea that would fall on deaf ears within the decade, as a certain man from Pabst's own side would break that piece and turn the Great War into merely a prelude. But it is obvious to me that Pabst really believes or at least wants to hope for this kind of fundamental humanism, as this film radiates with this optimism whereas his more flippant, cynical adaptation of The Threepenny Opera lacked the bite needed to make that work work. Also furthering his honest belief are the fact that the characters here are not simplistic mouthpieces for positions, but real people, with real families whose home lives we are privy to as well. These are ordinary, working-class men who just happen to believe in the worth of caring and treating right your fellow man, and in this day of individualist opportunism, I'll take a little thinning in my plot to get a positive message that represents a point of view that I think we can all aspire to.<br /><br />(Note: Apparently the ending is cut on most prints, where the French rebuild the mining gate, closing off the men once again. This is a brutal turn of events, and may have made the film a better overall film, but I would have lamented it souring the positives vibes of the final sequence, so in short, I'm glad it was clipped.) {Grade: 8/10 (B) / #7 (of 11) of 1931}",positive
"The first two-thirds of this biopic of fetish model Betty Page are very interesting. Betty, as portrayed with enormous sincerity by Gretchen Mol, comes across as a pleasant, girl-next-door type, who saw nothing wrong with what she did (and there certainly wasn't anything ""wrong"" with it). Director Mary Harron, who also made ""I Shot Andy Warhol"" and ""American Psycho"", recreates Betty's America by mixing old black and white stock footage with new, degraded, black and white footage. Once Betty lands in Florida and starts working with Bunny Yeager, color is introduced. Betty's notoriety was mostly the result of her work with Paula and Irving Klaw (Lili Taylor, in a great performance, and Chris Bauer), as well as John Willie (Jared Harris). The scenes where Harron recreates Betty's bondage photography sessions are fascinating and adroitly executed. The early purveyors of fetish material are not portrayed too condescendingly and we get a sense that these folks were part of a tight ""community"". Betty never had too much of a problem with her notoriety, although we get the impression that her reputation prevented her from gaining legitimacy in the straight acting world. Because the film's third act is virtually non-existent, we are left with the impression that we have been watching a feature length documentary on Betty Page rather than a structured drama. Flaws aside, it's a film well worth catching and represents yet another fine feather in the cap of producer Christine Vachon.",positive
"STMD! is one of the most fun and enjoyable low-budget films I've seen in quite some time. Director Jeff Smith (who also served as co-writer, cinematographer and editor) definitely shows his love of under-appreciated 80's horror films with this movie! Anyone who loves the cheesiness, preposterous situations, wacky and stereotypical characters of 80's horror movies will definitely love this very tongue-in-cheek homage to the past.<br /><br />STMD! definitely lives up to the qualities described in the poster and then some. It has all the ""excessive violence"" and ""gratuitous nudity"" that is reminiscent of those entertaining 80's horror movies we all love. I had a blast watching STMD! From the 80's outfits that the stereotypical characters wear to the blood splatter to the goofy tone I just couldn't get enough!",positive
"Easily one of the best Indian films ever. Granted, that's not saying much(I made this conclusion after a whopping 15 minutes of watching). But I can truly say that Fire is also one of the really beautiful and brilliant films I've seen.<br /><br />Beautiful because of its imagery. The best example I can give is the parallelism between the 2 female leads(Radha and Sita) and the characters of the same name in Hindu mythology. Sita, for example, is the wife of the revered Lord Ram. As legend goes, Ram subjugates his wife by making her walk through a Fire to prove her `purity.' Sita, in response, cries and leaves him, reuniting with her mother(the Earth). This story has all sort of crazy links to the stories of the 2 Indian women(Nandita Das and Shabana Azmi). The word `Fire' all of a sudden has many meanings - marriage, tradition, religion, motherhood, and probably a few others I didn't catch.<br /><br />Brilliant because of its social overtones. Many who were offended by the premise for this movie should in fact be first to see Fire(e.g. my mom, who actually loved it). Why? Because although Fire is an attack on tradition, it is also an attack on tradition. In other words, that is its strength, NOT its weakness. Traditional conservative social mores(whether Indian or Canadian or American or whatever) are useless if they enslave you. Gender roles and self-denial can both do this.<br /><br />These are the things I took with me after seeing Fire. Hats off to Deepa Mehta",positive
"amazing movie I saw this movie for the first time on a flight and could not believe that I had not even heard of it before getting on that plane. while it may seem, at first to be a ""chick flick"", it is a film that everyone should see and will enjoy. Men, watch this movie with someone you love. You will enjoy it as much as she does and it will score you big points.",positive
"Just after having moved into his new cottage in the English country, Hercule Poirot gets an invitation to dinner from Sir Henry and Lady Angkatell, the owners of a large mansion nearby. But the next day, one of the guests is found shot near the pool, and his clumsy wife is holding a revolver a few steps away....<br /><br />This Agatha Christie mystery is somewhat thin, though the killer's plan is still very clever. It's the exquisite filming and cinematography that elevate the story to a higher level. This episode mostly keeps the serious tone of ""Five Little Pigs"" and ""Sad Cypress"", but contains more dark humor than them. The cast includes possibly the two most famous actors to have worked in the series by this point, Edward Fox (as the butler) and Sarah Miles (as Lady Angkatell), though the standout performance is given by the dazzlingly beautiful Megan Dodds as the ahead-of-her-time Henrietta: her one-on-one confrontations with Suchet sparkle and are the highlights of the film. Oh, and since an English police inspector does get involved in the case, I think they could have brought Philip Jackson back for this one. (***)",positive
"After gorging myself on a variety of seemingly immature movies purchased on ex-rental DVDs, I figured that the time was right for a little serious drama and who better to provide it than Sam Mendes? For a number of reasons, ""American Beauty"" doesn't appeal to me as much as this film which is easily the darkest thing that Tom Hanks has ever done and probably one of the most underrated films of the last decade. For this is not a simple gangster tale lifted from its graphic novel origins, and is simply wonderful to watch because of it. And despite my usual allergy to any film with Tom Hanks' name on it (still can't watch ""Big"" without wanting a cat to kick), I'm glad I gave this a try because this is one of those movies that you'll kick yourself for if you miss it.<br /><br />Normally squeaky-clean Hanks plays Michael Sullivan, a devoted family man and father of two sons growing up during Prohibition in the early 1930's. He is also a professional hit-man to mob boss John Rooney (Paul Newman) but has managed to keep his job a secret from his sons. But after his eldest (Tyler Hoechlin) witnesses his dad involved in a mob killing, the pair are forced to go on the run as John seeks to tidy the matter up. Soon, father and son are pursued to Chicago where a fellow hit-man (a menacing Jude Law) is waiting for them.<br /><br />On the face of it, it reads like a pretty standard gangster film but as I've said, this isn't really about gangsters at all. It's about the relationship between a father and son thrown together in the most tragic of circumstances. Hanks is (*grits teeth*) superb as the tortured man who finds out that everything has its price and little Hoechlin is also good as Sullivan's son. In all honesty, there is not a single performance that I could single out as weaker than the others - the cast is pretty much faultless. As is the cinematography and costumes (and it's not often I praise costumes!) which recreates the 30's with stunning effect. There has been so much effort to get everything right and it pays off in spades. This could easily have looked rubbish - they admit that the early 30's look was difficult to put down - but it doesn't and that deserves every bit of credit. Chicago especially looks fantastic, lined with hundreds of rickety cars from the era and filled with people in monochrome suits and hats. True time-travel, even if a little CGI is needed.<br /><br />The story is also a winner, offering a human face to what is often seen as a stereotypical genre of movie villain. Law is surprisingly menacing as the almost mechanical killer Maguire and proves that you don't have to be Cagney or De Niro or Brando to play a gangster. The film is decidedly noir-ish, driving rain and ill-lit warehouses predominate but at least violence and killing are (finally) seen to have an emotional and psychological impact on those who perpetrate and those who merely witness such acts. The whole thing is evocative of a previous age and previous movies but it sweeps away the old and refreshes with a modern tale of redemption amid the Tommy-Gun shootouts and extortion rackets. It can feel a little slow in places, especially if you're used to masses of gun-play in movies like most modern audiences (like yours truly) but sometimes, words can speak louder than actions. Mendes has delivered a fine follow-up to his Oscar-winning debut, a film which is as intelligent as it is beautiful to watch. ""Road To Perdition"" may not be to everyone's tastes but this is one DVD I shall not be exchanging anytime soon.",positive
"A glacier slide inside a cavernous ice mountain sends its three characters whoosh down a never-ending wet-slide tube that has enough kick to dazzle kids the same way mature audience may be dazzled by the star gate sequence that closes 2001: A Space Odyssey. Miles apart in vision, but it is a scene of great rush and excitement nonetheless. A magnificent opening sequence also takes place where a furry squirrel-like critter attempts to hide his precious acorn. You've probably seen this scene in the trailer, but as it takes place he starts a domino effect when the mountain starts cracking and, results, an avalanche. The horror just keeps going as the critter tries to outrun the impossible. <br /><br />The movie traces two characters, a mammoth named Manfred (Ray Romano) and a buck-toothed sloth (John Leguizamo) as they try to migrate south. They find a human baby they adopt and then decide to track the parent figures down to return to them. They are joined by a saber tiger named Diego (Denis Leary) whose predatory intentions is to bring the baby to his tiger clan, by leading the mammoth and the sloth into a trap. Diego's meat-eating family wants the mammoth most of all, but Diego's learned values of friendship make easy what choice to ultimately make at the end. <br /><br />There are fatalistic natural dangers of the world along the trip, including an erupted volcano and a glacier bridge that threatens to melt momentarily that is reminiscent of the castle escape in Shrek. Characters contemplate on why they're in the Ice Age, while they could have called it The Big Chill or the Nippy Era. Some characters wish for a forthcoming global warming. Another great line about the mating issues between girlfriends: `All the great guys are never around. The sensitive ones get eaten.' Throwaway lines galore, whimsical comedy and light-fingered adventure makes this one pretty easy to watch. Also, food is so scarce for the nice vegetarians that they consider dandelions and pine cones as `good eating.' <br /><br />The vocal talents of Romano, Leguizamo and Leary make good on their personas, while the children will delight in their antics, the adults will fancy their riffs on their own talents. There is some mild violence and intense content, but kids will be jazzed by the excitement and will get one of their early introductions of the age-old battle of good versus evil, and family tradition and friendship are strong thematic ties. The animators also make majestic use of background landscapes that are coolly fantastic.<br /><br />",positive
"While this movie isn't a classic by any stretch, it is very entertaining as I remember it. I saw it about 15 years ago on HBO and loved the movie. It was written by the same guy that wrote and directed ""Arthur"" and though it isn't as funny as that movie, it does show the potential that Steve Gordon reached with ""Arthur"".",positive
"Pressburger and Powell's greatest movie. David Niven plays the RAF bomber pilot who misses his own death but is granted a second chance at life when heaven notices that he is AWOL and dispatches an angel to investigate. The scene when the young soldiers, men and women, black and white, all killed in action, arrive in heaven to be processed for eternal life is unbearably poignant. Watch out too for Roger Livesey, a deeply under appreciated actor, and Kim Hunter as the love interest (later, of course, Zira in Planet of the Apes). Incidentally, Steven Spielberg cast the actress who played the chief angel (Kathleen Byron) as the elderly wife of the eponymous private in Saving Private Ryan half a century later, an act that speaks volumes for his cinematic literacy.",positive
"I recall so many things about seeing this movie back during it's original theatrical release - the post Woodstock afterglow of peace and love, along with the pre-Watergate tension of fear and paranoia. It's hard to believe that it's thirty seven years later, and I can still remember the thoughts going through my head while watching the film with my best friend. Like marveling at Peter Boyle's characterization of the ultimate redneck, sure to typecast him the rest of his career (Oh, how wrong!), and how the counter culture jarred the sensibilities of most of the country. To this day, my buddy and I still use Joe Curran's line from my summary above when faced with a dilemma; curious how a simple line like that can stay with you for decades.<br /><br />It's curious to read comments about the film from others on this board, particularly the ones stating that the film has a dated quality and how over the top the characters were. Still, if you were around during that time, the picture gives a pretty accurate portrayal of the polar opposites that existed back then, pretty much side by side as the events in the story reveal. If you really want dated, when was the last time you heard the words Macy's and Gimbel's in the same sentence, or a line like Joe's - ""Come on, get with the Pepsi generation"". For historical perspective, you have that great Nixon poster lingering in one of the background scenes - ""Would you buy a used car from this man?"" With minor intricacies like those, director John Avildsen captures many of the subtle but ever present hints of how life was four decades ago.<br /><br />Today's viewing was only the second time I've seen the movie, and I have to admit I don't remember Susan Sarandon in one of the lead roles, but then again, this was her very first picture. The scenes of nudity and free love were something actually quite new and bold at the time, shocking in fact, as film makers began to experiment with their ability to push the envelope of propriety and convention. ""Joe"" took a major leap in that regard, particularly since it was a 'mainstream' picture.<br /><br />With the passage of time, the thing that impresses me the most about Peter Boyle was how he overcame the stereotype of Joe Curran to appear in or star in some of my very favorite pieces of work. I mean, how do you go from ""Joe"" to that hilarious rendition of 'Puttin' on the Ritz' in ""Young Frankenstein""? And my absolute favorite episode of 'X-Files' has Boyle as Clyde Bruckman, in both a tender and tragic, funny and serious portrayal that turns the tables on Scully and Mulder more than once. And as a career capper, Frank Barone has to be one of the funniest characters in the history of television. Even repeat episodes in syndication are funny as he-- whenever the elder Barone lets loose with one of his observations. He is one actor that this viewer sorely misses already.",positive
"I don't have words to describe how good this movie is. Only a genius like Amrita Pritam could have written such a real depiction of the days of partition. The movie kept haunting me for many days.<br /><br />Urmila did the role of her life in this movie. She put life in the role of Puroo and Manoj Vajpai did no less in his role as Rashid. It is hard to imagine anyone other than these two doing the role of Puroo and Rashid. The Punjabi costumes looked so natural on Urmila and Manoj looked like a natural Punjabi Mussalmaan.<br /><br />Sandhali Sinha as Lajjo and Suri as Ramchand did fabulous job. Priyanshu Chattarjee did good work as Triloki.<br /><br />Some of the scenes you just can't get out of your mind. When Puroo meets Lajjo for the first time, it brings tears to your eyes. The climax is just killer. I was expecting a tragic ending but thankfully, the ending was wonderful.<br /><br />This movie is in the same category as Pakeezah, Mughal-e-Azam, Banaras etc. Not to be missed.",positive
"I viewed The Reader at Sugar, which is not an optimal venue for viewing anything, and the movie was by far the highlight of the evening. The technical elements were well meshed and it was obvious that Duncan Rogers had chosen his designers and crew well. But it was the story and it's delivery that truly made this short shine. Duncan Rogers' tight script was just what this evening of ""shorts"" needed. It neither meandered, as several offerings did, or preached to us. The Reader was simple story telling in it's best form, well cast by Rogers and beautifully acted. Duncan Rogers is obviously a director with the ability to put all the pieces together, I'm looking forward to his next finished project. K.",positive
"I didn't expect much when I decided to watch this movie, so I was surprised to find myself thoroughly enjoying it. A couple of scenes had me laughing almost uncontrollably. The characters were engaging (no pun intended); however, the story is predictable. The fun of it comes from watching Crawl (Shore's character), a ditzy-yet-wise California dude a country college girl brings home for Thanksgiving, trying in his awkward (yet endearing) way to fit in to their lifestyle. I was also surprised that in all this there was a message. If you have a chance, see this movie!",positive
Cracking good yarn with all the actors giving great value. Michael Curtiz at his best. Lots of nice twists and turns and probably the best of the Philo Vance series. William Powell looks wonderfully relaxed and at his debonair best. A forerunner to the Thin Man series. Recommend to everyone. Did you figure it all out?,positive
"It stars war correspondent William Holden separated, who falls in love with a stunning Eurasian doctor Jessica Jones set against the stunning backdrop of Hong Kong. The cinematography is magnificent as they rendezvous on a hill overlooking Hong Kong. The story deals with racial tensions, society frowning on mixed relations and extra marital affairs. But what I love about it is the strong character of the heroine portrayed by Jessica Jones, who is a Eurasian doctor, who stays humble and steadfast in her altruistic mission and stays loyal to her love. Despite that, she gets sacked at her hospital for cavorting with a married man by gossipping high rankers. One day William Holden is called to the Korean war which he covers and then that ill fated day, she gets the news of his demise. The end, of course is tragic, I cried when she went to their hill. It was a very sweet ill fated love affair. It defeats all the odds, the fact that she got fired from her job, how his wife would not grant him a divorce yet their great love persevered--they experienced a great love despite it all. I personally do not believe in extramarital affairs, and think he should have not started something when he was bound to someone else and she should not have allowed herself to let it happen, but despite that a truly magnificent movie. I think the heroine overshadowed the hero. Jessica Jones is sultry and gave a magnificent performance although I thought it strange they didn't not hire a real Asian actress or someone with Asian blood. I agree with one review, Jessica Jones oozes sexuality when she lays on the ground and looks up at William Holden speaking calmly but her eyes say come take me now.<br /><br />I find it a pity most great films were made before I was born, it seems many Hollywood movies are lacking in depth, great acting and depend entirely on stunts and heavy sex scenes. This is truly one of the greatest ill-fated love stories in movies.",positive
"I thought this movie was absolutely hilarious. I already knew it was going to be a funny movie, but it was funnier than I expected. Sure there were some lame jokes, but they cracked me up. I thought the actors were going to turn out to be pretty bad, but the actors were good in acting out this comedy. I have to give kudos to Amanda Bynes, she looked surprisingly like her brother and pulled off an awesome performance as a boy. As for the other actors, they were funny as well. Of course there were moments where you yell at the screen ""how can you not tell?"", but that's all part of the fun. In the end the plot turned out pretty well. There's a happy ending, but what'd you expect. <br /><br />Overall,just hilarious.",positive
"It is Queen Victoria's misfortune to be defined as an historical figure according to her relationships with men.Shortly after she succeeded to the throne she came under the influence of her Prime Minister Lord Melbourne to the extent that she became known as ""Mrs Melbourne"".After the death of her beloved husband,Albert,she was referred to as ""The Widow at Windsor"",and years later,a long friendship with her Scottish ghillie John Brown earned her the nickname ""Mrs Brown"".Such is the price women paid in a patriarchal society. The reality is somewhat different and ""Young Victoria"" goes some way towards putting the record straight,depicting the queen as an intelligent and independent young woman conscious of the inequities in her society and at her court. Courts have always been hotbeds of seething jealousy,plotting and counter-plotting,naked ambition and sometimes,outright murder. As an 18 year old innocent,Victoria ascended to her uncle's throne,thus initiating a positive orgy of intrigue and a power-struggle between Prime minister Lord Melbourne and his rival Sir Robert Peel. Lord Melbourne cuts a dash in the Old Public School Man kind of way with his finely-honed cynicism and his well-polished gems of advice. Hardly surprising then that the young queen finds herself in awe of him,and even perhaps a little in love,an awe that he ruthlessly exploits,drawing a fine line between attempted seduction and attempted sedition as he forces his policies through against Victoria's better judgement. Into the arena rides Prince Albert,on a mission from King Leopold of Belgium,keen on political rapprochement between Great Britain and the rest of Europe. At first a reluctant suitor,he soon falls in love with the English queen and palliates the influence of the politicians and courtiers. ""The Young Victoria"" is a beautifully photographed,brilliantly-scored and very sumptuous movie.I note that it has been criticised in some quarters for this sumptuousness as if a movie about 19th century English Royalty should somehow have shown the Empress of India and her family living in rags in a filthy workhouse........I don't think so. I must single out the remarkable Miss Emily Blunt whose beauty reminded me of the young Princess Margaret's.Hers is obviously the pivotal role, and she has absolutely no trouble in dominating the film despite strong performances from Mr Jim Broadbent,Miss Miranda Richardson and Miss Harriet Walter,all immeasurably more experienced. The music is suitably regal and forms a cohesive part of the whole movie without being in any way obtrusive. The fact that Britan flourished more under its two great queens,Elizabeth the First and Victoria,than at any other time is a matter Feminists might like to make more of,but,I suspect,like Prime Minister Margaret Thatcher really powerful women make them feel uncomfortable.If you can work out why there might be a Ph.D . in it.",positive
"This really is a great film. Full of love and humor, it compels the audience to really care about the characters and participate in their journey. Michael Parness managed to assemble a great cast of top players, a minor miracle for a first film. No doubt, they were moved to help him tell this beautiful story. David Krumoltz carries the film with his understated intensity and honesty. Natasha Lyonne is unpredictable, exasperating, and yet totally lovable as Grace. Also a great turn by Karen Black (great to see her on the screen again) as Grace's crazed but sympathetic mother. There is cutting wit throughout, allowing us the relief of laughter when faced with life's pain. The acting is impeccable, the editing tight, the direction inspired, and the music creates a fitting backdrop of mood. Given the present-day Hollywood Blockbuster craze, full of big budgets, big names, car crashes and special effects, 'Max & Grace' is a refreshing departure. Give yourself a treat and see this movie.",positive
"I'm from Romania i'll try to speak in English. All i want to say about this movie is that it is and will be my all time number one. Seen it above 30 times at least and will see it for many years now. It has all the little things i like in a movie , it's very touching makes me cry . Shows a whole lot of twisted love things and questions about love and reality , and the true things that matter for different people. It so happens that for me this matters the most , the love , the soul of a man , he's inner being, and this i see in this movie. Perhaps for me it's much more than a motion picture , it's a proof in my mind that it could really exist and that you most make the best out of every moment you live with your soul mate. It's a long way from reality to sci-fi , but .. what if. What if all the capitalism disappeared and economy would go down , would fall? We would all be concerned about other issues and my thought is that , on your death bed , the bigger thing you remember , is not the wealth , not the adventure , not the countries you visited and the people that remember you. But the true friends and your true love and the hope that after you die , all will be god damn perfect and people would be good and care more. WATCH THIS MOVIE and probably it will guide you through your life like it did to me :) Hail from Romania",positive
"This animation TV series is simply the best way for children to learn how the human body works. Yes, this is biology but they will never tell it is.<br /><br />I truly think this is the best part of this stream of ""educational cartoons"". I do remember you can find little books and a plastic body in several parts: skin, skeleton, and of course: organs.<br /><br /> In the same stream, you'll find: ""Il était une fois l'homme"" which relate the human History from the big bang to the 20th century. There is: ""Il était une fois l'espace"" as well (about the space and its exploration) but that one is more a fiction than a description of the reality since it takes place in the future.",positive
"Lovingly crafted and terribly interesting to watch Garfield's gritty, breakthrough performance (introducing a new kind of rebellious acting style that would carry over to the Brandos and Clifts and so on after the war) but all that sisterly affection is a bit suffocating. Priscilla Lane is a bright, engaging performer but the other sisters don't really register (though they're all allowed to be tart and witty) and I just had a hard time buying any of the other male characters besides Garfield. Jeffrey Lynn is a pleasant enough actor, but he lacks the movie star weight to match up with Garfield's hard luck Mickey Borden and that throws the film a bit out of whack. (Imagine a Jimmy Stewart or someone in the part.) Also, I was not convinced that Garfield would make the pivotal (to say the least) final decision that he made. The film needed another half hour of running time to better explain that action; it feels awfully rushed and under-motivated.<br /><br />Still, it's not hard to understand how anybody who grew up with this picture would remember it fondly. It falls short of being a classic, but it does contain a few classic moments. The two gate swinging scenes are pure movie magic.",positive
"This movie is obviously low-budget & filmed in British Columbia,Canada. The obstacles that had to be overcome to make this movie convincing(set in California & late 60's-80's)were well conceived.I believe this is the best & most accurate version of the Zodiac killings that plagued the town of Vallejo & the Bay area from 1968-19? (he was never caught).Edward James Olmos(Det. Dave Toschi) & George Dzundza(Zodiac-at the time believed to be Arthur Leigh Allen, since cleared by DNA & fingerprints)play a game of cat & mouse re-visiting crime scenes together, each one trying to trigger the other into an emotional revelation.Olmos dying from some type of terminal disease & knowing Dzundza did it,still totally obsessed to the point of losing his family & becoming a full blown alcoholic along the way.Dzundza totally oblivious & self absorbed(like all serial killers) to the carnage left in his wake.The only disappointment was the""over the top"" ending otherwise pretty accurate.If you tire of the typical Hollywood fluff or have an interest in the Zodiac case,check it out.",positive
"The key to The 40-Year-Old Virgin is not merely that Andy Stitzer is a 40-year-old virgin, but rather the manner in which Steve Carell presents him as one. In a genre of crass ""comedy"" that has become typified by its lack of humor and engaging characters, The 40-Year-Old Virgin offers a colorful cast and an intelligent, heartfelt script that doesn't use its protagonist as the butt-end of cruel jokes. That Andy is still a virgin at forty years old is not as much a joke, in fact, as it is a curiosity.<br /><br />Carell, a veteran of Team Ferrell in Anchorman and an ex-Daily Show castmember, uses the concept of the film to expand his character  we get to understand why Andy is the way he is. It's the little things that make this film work. When Andy's co-worker at an electronics store asks him what he did for the weekend, Andy describes his failed efforts at cooking. When Andy rides his bike to work, he signals his turns. He doesn't just adorn his home with action figures  he paints them, and talks to them, and reveals that some of the really old ones have belonged to him since childhood. A lesser comedy wouldn't even begin to focus on all of these things.<br /><br />The plot is fairly simplistic  Andy's co-worker pals find out he's never had sex and they make it a personal quest of theirs to get him in bed with a woman. It's a childish idea and the film makes no attempt to conceal its juvenility.<br /><br />Andy's friends are a complement to his neurotic nature: David (Paul Rudd) has broken up with his girlfriend over two years ago but is still obsessed with her, Jay (Romany Malco) is a womanizing ladies' man and Cal (Seth Rogen) is a tattooed sexaholic. Their attempts at getting Andy in the sack backfire numerous times, and each time leaves Andy feeling less and less optimistic.<br /><br />Finally Andy meets single mom Trish (played by Catherine Keener) and, much to the chagrin of his worrying buddies who claim mothers aren't worth it, he falls in love with her. They begin a relationship and agree to put off having sex for twenty days  Trish being unaware that Andy is still a virgin.<br /><br />The 40-Year-Old Virgin was directed by Judd Apatow, the man who produced Anchorman and The Cable Guy, and began the short-lived cult TV show Freaks and Geeks. Apatow is renowned for his unique sense of humor, and the script  co-written by Carell  offers plenty.<br /><br />However, in the end the most interesting and (indeed surprising) aspect of The 40-Year-Old Virgin is its maturity. By now you are probably well aware that the film received glowing reviews from the critics, and even I was surprised by its warm reception. But after seeing the film, it's easy to understand why. We like Andy. We care about him. He's not just some cardboard cutout sex-comedy cliché  he's a real, living, breathing person. His neurotic traits combine the best of Woody Allen with childish naivety. His friends are not unlikable jerks and his romance is tumultuous and bittersweet. It strikes a chord with the audience.<br /><br />Although this is far from being a perfect movie and definitely contains some rather crude innuendo and sexual humor, it doesn't offend to the extent that other genre entries might have because we have affection for the people on-screen. The best sex comedies work this way  from Risky Business to American Pie  and that is the major difference between something like The 40-Year-Old Virgin and 40 Days and 40 Nights.",positive
"Strangely erotic schlock Gothic horror that will be loved by Hammer House of Horror fans the world over. Appears to be an interesting take on ""Beauty and the Beast"". It is definitely worth a look and surprisingly well acted when taking into consideration the genre and era.<br /><br />Corsets, castles, rutting horses, rampaging faux fur monsters in the woods, proof that no-one had a Brazilian in the 70's, and more bodily fluids than you can shake a stick at, what more could you possibly want?!<br /><br />It certainly brightened my Sunday afternoon!",positive
"As i watched ""Wirey Spindell"" i couldnt but laugh at what was taking place on screen. Wirey sure got a lot of play from both boys and women but i was confused as to why the actor that played Wirey in H.S. was 10 years old. Then the actor changed age to like 20 to play Wirey when he was a senior in HS...but whatever, i thought it was funny.",positive
"""The Journey"" is a very good film. Produced in the spring of 1958, in Vienna, and released in 1959, this movie was quite popular in his early years. Despite the political problems, which influenced the movie's success (because the story happens during the Hungarian Revolution, the Cold War), ""The Journey"" is a very good film, but not well-known. I think it should be released immediately on DVD, because most of the people who have seen it so far want to have it at home. One of the most important qualities of the film is the extraordinary chemistry between Deborah Kerr and Yul Brynner, their intense relationship. All their scenes together are very important, but they also reveal the strong feelings, the great passion and love between the characters (Major Surov and Diana Ashmore). Another quality is the script, which is very well written. It was even published as a novel, by the screen player George Tabori. The film keeps its tension from the beginning to the end. At first, we didn't know if Diana and the other travelers could leave Hungary, because the Communist Major discovers that Diana's friend, Paul Kedes, is Hungarian and he isn't allowed to leave the country. The Major falls deeply in love with Diana and this is, in fact, the true reason why he doesn't want to let her go. But after he embraces her and gives her one of the most memorable kisses ever seen on screen, and she kisses him, too, he lets her go. And the end of the film is one of the most dramatic endings ever filmed-the Major and Diana say ""Goodbye!"", she arrives at the frontier with all the travelers, including Paul, while Surov is shot several times by some Hungarians, so he dies. Yul Brynner is very, very handsome and Deborah Kerr is very beautiful, charming, refined, just like an English Lady. Yul and Deborah are perfect together. They are one of the greatest couples of the Golden Hollywood. A true moviegoer should watch this film. ""The Journey"" has everything that a good film should have-a great, captivating story, interesting characters, a wonderful direction (Anatole Litvak is, in my opinion, at his best). Finally, I want to give a message to Warner Bros. Studios or those who restore and release classic films: Please, release ""The Journey"" on DVD as soon as possible.",positive
"This was a wonderful little American propaganda film that is both highly creative AND openly discusses the Nazi atrocities before the entire extent of the death camps were revealed. While late 1944 and into 1945 would reveal just how evil and horrific they were, this film, unlike other Hollywood films to date, is the most brutally honest film of the era I have seen regarding Nazi atrocities.<br /><br />The film begins in a courtroom in the future--after the war is over (the film was made in 1944--the war ended in May, 1945). In this fictitious world court, a Nazi leader is being tried for war crimes. Wilhelm Grimm is totally unrepentant and one by one witnesses are called who reveal Grimm's life since 1919 in a series of flashbacks. At first, it appears that the film is going to be sympathetic or explain how Grimm was pushed to join the Nazis. However, after a while, it becomes very apparent that Grimm is just a sadistic monster. These episodes are amazingly well done and definitely hold your interest and also make the film seem less like a piece of propaganda but a legitimate drama.<br /><br />All in all, the film does a great job considering the film mostly stars second-tier actors. There are many compelling scenes and performances--especially the very prescient Jewish extermination scene towards the end that can't help but bring you close to tears. It was also interesting how around the same point in the film there were some super-creative scenes that use crosses in a way you might not notice at first. Overall, it's a must-see for history lovers and anyone who wants to see a good film.<br /><br />FYI--This is not meant as a serious criticism of the film, but Hitler was referred to as ""that paper hanger"". This is a reference to the myth that Hitler had once made money putting up wallpaper. This is in fact NOT true--previously he'd been a ""starving artist"", homeless person and served well in the German army in WWI. A horrible person, yes, but never a paper hanger!",positive
"First off, this is an excellent series, though we have sort of a James Bond effect. What I mean is that while the new Casino Royale takes place in 2006, it is chronologically the first adventure of 007, Dr. No (1962) being the second, while in Golden Eye, the first film with Pierce Brosnan, Judi Dench is referred to as the new replacement for the male ""M"" so how could she have been in place in the beginning before Bond became a double-0, aside from the fact that she is obviously 14 years older? This is more or less a ""poetic"" license to thrill. We need to turn our heads aside a bit if we wish to be entertained. No, the new Star Trek movie does not have any of the primitive electronics of the original series from nearly half a century ago. In the 1960's communicators were fantasy. (now we call them cell phones) and there were sliding levers instead of buttons. OMG, do you think 400 years from now, they would have perfected Rogaine for Jean-Luc Picard? So, please, let's give the producers some leeway.<br /><br />But to try and make things a bit consistent, let us just ponder about the Cylons creation just 60 years prior to the end of Battlestar Galactica. If that is the case, where did all the Cylons that populated the original earth come from? We know that the technology exists for spontaneous jumps through space. Well, what happened if one of the Cyclon ships at war with the Caprica fleet was fired upon or there was a sunspot or whatever and one ship, loaded with human-looking Cylons, wound up not only jumping through space, but through time, back a thousand or ten thousand years with a crippled ship near Earth One. They colonized it, found out they could repopulate it and eventually destroyed themselves, but not before they themselves sent out a ""ragtag"" fleet to search for the legendary Caprica, only to find a habitable but unpopulated planet, which they colonized to become the humans, who eventually invented the Cylons. Time paradox? Of course. Which came first, the chicken or the road? Who cares? It's fraking entertaining!",positive
"this movie is funny funny funny my favorite quote from the movie ""i think i saw a half naked Indian in my room last night"" response that was no hallucination it was a Indian in your room"" and another is ""what the hell are you talking about, just what the hell are you talking about"" but if i ever be admitted to an hospital like this one i will be prepared to write my will on the spot...i would say there were in my opinion three very funny characters in this film most funny but three is the funniest to me even though their lines were few.. and don't get me started on the crack-pot patient hehehe that one i will keep secret and fast paced too.",positive
"I recently saw this movie in my International Business class. I was not expecting anything other then another boring documentary (not to say I don't love documentary I've just hard bad luck with movies in that class) Imagine my surprise when this movie, that's actually a movie, came up. <br /><br />This film is a tell all of cultural differences in the work place and how they need to cooperate to get anywhere. The culture clash shows just how different the world is and just how differently we perceive ourselves until someone comes along and gives us a wake up call. I would highly recommend this film to anyone in business or who just wants a laugh, because yes it is funny. <br /><br />Well, that's about it! Cheers",positive
"If you like your sports movies to be about dignity and the best values then this'll work for you big time. Oversentimental in places? Sure, of course it is - and proud of it. It is the biggest and best ride in the Carnival and should be enjoyed as that. <br /><br />Big production values, simple telling, with creative shots: it is not complex, is a very nice and remarkably sweet film. It really feels like a labor of love from Bill Paxton; and I bet his son gets that.<br /><br />The build-up is slow enough to be enjoyed, the conflicts feisty, and the British vs. Americans handled with a degree of vaudevillian villainy, but the dignity between the two main transatlantic protagonists is always to the fore. I have minor gripes: the score wants to be James Horner but is too overblown, and there are too many close-ups, and panning shots for 2005, but if you want a straightforward, decent, and good-looking sports film then this is it.<br /><br />So here's the thing, and I feel like I know my film, but I actually liked it more than Seabiscuit: which is a better film, but Greatest Story is simply Disney at its core and hugely enjoyable! Thanks, Bill.",positive
"For anyone who may not know what a one-actor movie was like, this is the best example. This plot is ridiculous, and really makes no sense. It's full of cliched situations, hackneyed lines, melodrama, comedy... you name it!<br /><br />But Amitabh Bachchan can make anything convincing, and this movie is by no means an exception. Everyone turns in a decent performance - Shashi Kapoor, Waheeda Rehman, Ranjit, Om Prakash, Smita Patil... But it is the Megastar who overshadows everyone with his towering presence. Without him, this movie would have been a non-starter... The story is about separation / mistaken identities / misunderstandings / love / hate / loyalty / good vs evil - everything, really! Amitabh's is a brilliant performance on all counts, in an otherwise silly film! And did I mention that it is ridiculously funny?",positive
"Looking for Quo Vadis at my local video store, I found this 1985 version that looked interesting. Wow! It was amazing! Very much a Ken Russell kind of film -quirky, stylized, very artistic, and of course ""different."" Nero was presented not so much as evil incarnate, but as a wacky, unfulfilled emperor who would rather have had a circus career. He probably wondered why on earth he was put in the position of ""leading"" an empire -it wasn't much fun, and fun is what he longed for. Klause Maria Bandaur had a tremendous time with this role and played it for all it was worth. Yes, Nero persecuted the Christians with a vengeance; one of many who did so. At one point one of his henchmen murmurs: ""No one will ever understand we were simply protecting ourselves."" He got that right.",positive
"In 'Hoot' Logan Lerman plays Roy Eberhardt, the new kid in school who has just moved from Montana. But Florida is a lot different from Montana. Despite is troubles in blending in, Roy discovers a bigger problem. A new franchise restaurant is coming to town and families of burrowing owls are in trouble. Can the new kid, a tomboy (Brie Larson) and a runaway (Cody Linley) stop big business from destroying these owls' home? <br /><br />This movie was pretty good. The kids (Logan Lerman, Brie Larson and Cody Linley) are the real stars of this film. Luke Wilson (Officer Delinko) is okay, but really does not have a very big part. Neither does Robert Wagner (Mayor) or Jimmy Buffett (Mr. Ryan).<br /><br />Nevertheless this was a fun film that the whole family will enjoy. For a first time producer, I thought Jimmy Buffett put together a quality piece of work. Plus the owls were really cute.",positive
"I really liked this movie. Of course the idea is pretty much out there...the federal government arranging to have a tracking device implanted into the jaw of an small-time thief to lure a more dangerous thief/computer hacker out of hiding. But Alvin Sanders, the man who the feds have ""volunteered"" to be implanted with the device, is a very likable person and it turns out to be a lot of fun getting in his head with him for a little while. Alvin even eventually proves himself to be much more than a good-humored but passive or one-dimensional character when he shows that he is not nearly as easily manipulated as he may seem. Definetly worth a watch.",positive
"This was the very first movie I ever saw in my life back in 1974 or 1975. I was 4 years old at the time and saw it at a drive-in theatre. I did not grasp that this would be a classic at the time (I went to sleep about twenty minutes into the movie). After seeing it on the television-along with two of my other favourite movies Car Wash (my favourite movie) and The Wiz which seemed to come on every year about the same time all together-about 40, 50, 75 times I knew that here was a movie that I would have as one of my favourites. Those three movies were the only live action shows that I could watch as a child. <br /><br />I would not consider this to be a blaxploitation movie but rather an urban interest movie.Cochise and Preach reminded me of some of my uncles especially the Wild Irish Rose that they drank. My mother also told me about some of the quarter parties that she attended and that some of the things that occurred in the movie were similar in nature to what occurred in real life. If you are one of the two or three black people over thirty who hasn't seen this movie yet then I recommend that you buy the DVD right now. I'm glad that I was around to witness some of the goings on of the era.",positive
"Pola X is a beautiful adaption of Herman Melville's 'Pierre; or, the Ambiguities'. The comments on here surprise me, it makes me wonder what has led to the overwhelmingly negative reaction. <br /><br />The shock value is the least appealing thing about this film - a minor detail that has been blown out of proportion. The story is of Pierre's downfall - and the subsequent destruction of those around him - which is overtly demonstrated in his features, demeanour and idiolect. The dialogue and soundtrack set this film apart from any other I have seen, and turn a fundamentally traditional storyline with controversial twists into an unforgettably emotional epic.<br /><br />I can't stress enough the importance of disregarding everything you have heard about this film and watching, as I did, with an open mind. You will, I hope, be rewarded in the same way that I was. I felt on edge and nervous from around the half-hour mark, however the film is far from scary in any traditional sense. It will leave you with 1,000 thoughts, each of them at once troublesome and thrilling. I know I'm gushing here, but I feel the need to make up for the negative perception of this film. It's the best I've seen all year.",positive
"After learning that her sister Susan is contemplating divorce, Kate decides to travel to the distraught woman's remote country home and spend some time with her. When Kate arrives, however, Susan is nowhere in sight. That's because someone has murdered her and stuffed the body in a trunk in the basement. As a storm rages outside, Kate tries to figure out where her sister could have gone and places her own life in great danger...the killer is still on the premises! In her first post-BEWITCHED vehicle, Elizabeth Montgomery gives a solid dramatic performance. Merwin Gerard's teleplay is based on a short story by McKnight Malmar. Malmar's tale was first brought to television in 1962 as an episode of Boris Karloff's THRILLER anthology series. THRILLER stuck very closely to the story, which is kind of a pity, for it could have used a little punching up. Granted Malmar wrote a moderately creepy number, but Gerard (creator of the ONE STEP BEYOND show) adds several clever ingredients that heighten the tension and suspense.",positive
"As I recall, my family made a point to stay home on the night ""Nichols"" was on (Mondays? Tuesdays? NBC?). It was a superb vehicle for James Garner, very well written, great ensemble cast. His character very much like the ""Support Your Local..."" films: Retired gambler with mysterious past settles into town and has adventures every week. In fact, it seemed fairly obvious that it was the same character. It was just a charmer of a TV show. A sleeper, like ""My World And Welcome To It"", which may have been its contemporary--I forget. I dearly wish these shows would be made available on DVD. It was Just Good TV. Perhaps ""Briscoe County Jr."" come close, but only by a mile.",positive
"I already loved ""How the Grinch Stole Christmas"" when it was released and I'm still loving it now, 5 years later. Still lots of people seem to disagree with my opinion and this movie never really had received much love at the time it came out.<br /><br />Sure, the movie is over-the-top and campy but that at the very same is also the reason why this movie is so charming and fun to watch. All of the sets, costumes and characters are done perfectly over-the-top in a fun way, without ever becoming truly ridicules. It's a visually spectacular movie to watch. It's a campy movie making at its very best! Director Ron Howard really surprises with this fun little Christmas movie.<br /><br />Main reason why the movie works and why it's so much fun to watch is Jim Carrey as the Grinch. He truly carries the movie with his good and fun role. He is of course helped by the convincing make-up, which also received an Academy Award. Of course if you're a Jim Carrey hater you shouldn't even think about watching this movie. This movie is really his movie and he makes it all work and so much fun to watch. Other fun and memorable roles are being played by Jeffrey Tambor, Clint Howard and Josh Ryan Evans as the young Grinch.<br /><br />The movie has a good morale but it is all a bit sappy to me. Perhaps it's because I'm Dutch and we don't really celebrate Christmas that enthusiastic and big here, as in the United States or England. For me the movie was simply fun and entertaining and the morale just left me quite cold to be honest.<br /><br />The musical score by James Horner is good and fun, even though it's your average every day Horner stuff, it still all works perfectly for the movie and helps to make some of the scene's work.<br /><br />Perfect Christmas entertainment.<br /><br />8/10",positive
"Wow! It's hard to put into words my feelings for this episode. Ice is one of the best episodes of season one for sure. It's my favorite of the season. Six people and a dog in a claustrophobic structure isolated in the middle of the arctic with an unknown organism that causes murderous aggression, the drama can't get any better than that. Paranoia reigns supreme as even Mulder and Scully have doubts about each other's sanity. I've heard people complain about this episode's similarities to the movie 'The Thing'. I haven't seen it, so I wouldn't know. Ice is more than worth watching just to see Mulder and Scully truly testing their still developing trust of one another. This episode is intense and suspenseful to the end. You won't be disappointed!",positive
"I've seen The Blob several times and is one of the better low budget alien invasion movies from the 1950's.<br /><br />A strange meteor lands just outside a small town and an elderly man goes to investigate this. A strange jelly like substance then attaches itself to one of his arms and a young couple who saw the meteor land arrive in time and take him to the local doctor's, where the old man then gets completely absorbed by the mass. The doctor and his nurse are the next victims and the mass is getting bigger. When these incidents are reported to the police, they don't believe the young couple and accuse them of making all this up. They finally believe them when the mass, now huge turns up in the town's cinema and everybody runs into the streets screaming. It then attaches itself on a diner with the young couple and some others inside. The Blob is stopped by spraying a load of fire extinguishers at it and it freezes, which is its weakness. It is then transported by plane to the frozen wastes of the Arctic and disposed of there. But it is only frozen, not dead...<br /><br />This movie has a typical setting for its period: teenagers and a small town. The Blob has a good rock and roll style theme song at the beginning and the movie is atmospheric throughout.<br /><br />The sequel, Beware! The Blob followed in 1972 and a remake came in 1988 but this is the best of The Blob movies.<br /><br />The cast is lead by Steve McQueen (The Great Escape)and is the movie that made him a star and Aneta Corsaut plays his girlfriend. I'm not familiar with any of the other stars.<br /><br />The Blob is a must see for all sci-fi fans. Fantastic.<br /><br />Rating: 4 stars out of 5.",positive
"Very sadly, I can relate to this movie, as I'm 17, and have yet to be kissed, so I really feel for Josie. It's been a while since seeing this film, but to write this review I re-watched it, and remembered everything I loved about it.<br /><br />Drew Barrymore is a great actress, and this role suited her really well at the time. The chemistry between Sam and Josie was really good, and Michael Vartan was an excellent actor in this.<br /><br />I loved the storyline too - as i said up there, I could relate, and it's rare you find a film you can completely relate to.<br /><br />All over - I loved it. 7/10",positive
"I love this movie because I grew up around harness racing. Pat Boone behind the sulky reminds me of my father who was drawn to the trotters because, unlike thoroughbred jockeys, men of normal height and weight can be drivers. <br /><br />Yes, the 1944 Home in Indiana is a better movie, but it's also a very different movie. April Love is light and easy to watch, a feel good movie. (Disappointing though that Pat Boone's religious/moral views prohibited him from ever kissing the girl! Quite a change from today's standard fare.) Home in Indiana with Walter Brennan (filmed in black and white with no hint that anyone will ever burst into song) captures the stress and struggle better thereby making the ultimate accomplishment more satisfying but it requires a bigger emotional investment.",positive
"Before I begin, let me tell you how GREAT this stand-up special sounds when you play Sonic Adventure I DX: Director's Cut at the same time (Red Mountain level in particular). So while watching this stand-up special, I suggest-- no, DEMAND you do it.<br /><br />Carlos Mencia takes his stand-up to the extreme in San Francisco, California. There, he makes fun of everybody with absolutely NO apologies.<br /><br />I am pretty much thanking God here that Carlos didn't do his thing in which he uses the same joke over and over and over and over and over again. He does a tremendous job making fun of everyone and at the same time be truthful about it; I know a couple of times I said, after Carlos said a joke, ""Damn, this guy makes a good point!"" And then the Game Over screen came over my TV because I forgot I was playing Sonic Adventure I DX: Director's Cut. My bad :) So yeah, there's nothing to complain about this stand-up special. If you have TiVo or something like that, please do yourself a favor and record this historic hour.",positive
"An excellent debut movie for the the director of Batman Begins, comes the Following, a movie about a man who follows other people for inspiration of characters in stories he writes. One man he follows, he decides to go further and the man turns out to be more than he bargained for.<br /><br />Using a cast of non-actors and his uncle, writing directing producing and otherwise completely making this movie entirely on his own with almost no budget and produced independently, this movie is much more than you'd expect.<br /><br />For anyone who likes Memento and complex twists, turns, shocks, and messing around with time, this is definitely a movie for you.",positive
"I saw this independent film when it was in Philadelphia and it was a pleasant surprise. I left the theater with a smile on my face. One of the things that made it so funny was that it was based on a true story -hilarious! It has some great character actors in it too. Mindy Sterling is in it and is very good. I loved her in Austin Powers. Howard Hesseman is also terrific. I remember him from Head of the Class. I am tired of all the dark edgy movies that keep getting made. This is fun and light, and I can watch it with my family and not be embarrassed. I keep checking to see when it will come out on DVD. I will definitely buy it.",positive
"Following my experience of Finland for slightly more than a week, I'd say this movie depicts the nature of the Finnish society very accurately. Especially the young-couple-with-a-baby-having-serious-issues phenomenon is very familiar to me, as I witnessed the exact same thing in person when I was in Finland. The relationships and problems of people, fragility of the marriage institution, the drinking culture, unemployment and the ascending money problem, all are very well put, without any subjectivity or exaggeration.<br /><br />There are some points in the film that are not necessarily easy to comprehend and tie to each other, but the joint big picture is nonetheless rewarding. Not each one of the short stories is exciting or profound, but as said above, the big picture does not fail to deliver the feeling of ""real life"" and captivate the viewer. I happen to think in a calm moment: What is happening in the lives of all these people on the street? Well, this is what is happening. Movies like this are good to feed your imaginative power. It would be safe to assume this film could apply to the life in many countries, but it particularly reflects Finland as it is, and pretty damn well.<br /><br />One comment about the acting: Being the fan of Finnish cinema I am, I've never seen any of these actors on any other movie, but I found the acting in this feature right next door to perfect overall. Maybe not a masterpiece, but a very good try by the entire crew. I'll be keeping an eye on the future releases of the director and the cast..<br /><br />7,5 / 10",positive
"There wasn't a day in 2002 where i wasn't chased by a scarecrow I felt that this film handled a serious issue well<br /><br />It brought back a lot of memories as it was so realistic<br /><br />Even today I have nightmares about corn on the cob, and can't even go near the tinned stuff in fear of my life<br /><br />I have to admit though, at one point in the film I did have to turn it off as it hit too close to home<br /><br />For those of you who have never been attacked by a scarecrow, by watching this film you could be educated about how it felt for us victims <br /><br />This film teaches us not to take life for granted or to mess with corn, believe me, I've been there and I have the scars <br /><br />Watch the film, its amazing and educational",positive
"I am not a movie maker but I know it is hard to tell a story and draw people into it in only seven short minutes. I think a good movie is one you don't want to end. Eric did a great job of developing the charater of the microbe and making him seem ""human"". Loved the music and the voice used for the microbe. I am looking forward to seeing what Eric has in store for us in future films. This is one movie I didn't want to see end. Great job.",positive
Well unlike most people.... I went into this movie expecting it to not be that good and it turned out to be an awesome film. Pretty cool plot I love the idea of it but what really made this movie was the actors. they all did an incredible job and it was pretty cool to see fishburn and dillon work together. It's a movie where you go in thinking right away you will be able to predict whats going to happen but it doesen't quite turn out how you predicted. I don't want to give away anything about the story so I wont... but I suggest giving this one a chance. If you saw the movie Money Train and enjoyed that you would love this movie. Maybe everything Lawrence Fishburn touches is gold?,positive
"I searched out this one after seeing the hilarious and linguistically challenging ""Clueless"" (1995), perhaps Alicia Silverstone's best known effort from early in her film career. ""True Crime"" has Kevin Dillon, which should be helpful in improving most film projects. In fact everyone in the cast does a good job . The only disappointment I think the movie has for me is an awkward ""feel"" to some of the scenes, coming from the need to run a quite uncompromising, grown up theme as part of what in tone starts out as a schoolgirl adventure.<br /><br />Alicia Silverstone is pretty good in this one. She carries off well the naive enthusiasm and growing unease that affects Mary Giordano as she manoeuvres towards the truth behind the serial murders. I reckon her characterization of MG has some mileage in it too. The inference of the story line is that she goes on to a career in law enforcement. It could be really interesting for an older Silverstone to revisit Giordano at a time of crisis later in the officer's life. Just a thought!<br /><br />""True Crime"" shows its director in a good light. Pat Verducci also has the writing credit. I don't know of any other film work PV has done. I can only wonder what happened after such a promising start.<br /><br />Like most productions, this one has a largely unknown supporting cast, although Bill Nunn (Detective Jerry Guinn) is hardly that. Over the past decade he seems to have been able to secure an impressive number of screen appearances. I recall seeing him recently in ""Carriers"" (1998), a made for TV presentation with a military theme. Bill Nunn played ""Captain Arends"". Fans of the classic US TV comedy show ""Who's the Boss"" may also have an interest in ""Carriers"" because the leading player is Judith Light, remembered with affection by many because of her lengthy involvement with the show.<br /><br />""True Crime"" could easily not have worked, but it does OK. I think it is an entertaining story worth seeing.",positive
"Three scumbags get their just deserts after wasting their lives in greed, drugs, ego, and bad attitudes. Interesting and well done; this style of film always makes me wonder where reality leaves off and imagination takes over. Even though these folks were the scum of the earth I still found myself pitying them. They never really stood much of a chance.",positive
"As a longtime admirer of the 2001 film ""Moulin Rouge"" and a more recent admirer of Jean Renoir's film-making, I knew that I'd inevitably watch his ""French Cancan"" sooner or later. The movie tells a fictionalized story of the opening of the Moulin Rouge nightclub. The impresario Danglard (Jean Gabin) tries to turn Montmartre laundress Nini (Françoise Arnoul) into a cancan star, without arousing the wrath of his tempestuous mistress, the belly-dancing Lola (Maria Felix). This is just one of several love triangles in ""French Cancan""--true to stereotype, these French showbiz folk are always falling in love.<br /><br />Renoir directs with his typical gentle humor and attention to supporting characters, and also wrote the lyrics to a beautiful waltz song prominently featured in the movie. Gabin perfectly incarnates the aging French playboy hero. Arnoul is a cute redhead who holds her own in the dance numbers, except for a few trick shots where a double is obviously used.<br /><br />""French Cancan"" is billed as a musical comedy and while there are lots of musical numbers that take place on the nightclub stage, etc., only one character, Casimir, ever breaks into song in the middle of conversation. The actor who plays him, Philippe Clay, is fun to watch--a really tall, skinny young man who sings, dances, and does contortions.<br /><br />The movie ends with a long cancan sequence, as all the characters learn to triumph over their problems and make art together. The dancing is much more brightly lit and coherently edited than in ""Moulin Rouge""; in fact, if I have one complaint about ""French Cancan,"" it's that the whole thing is a little too Technicolor. Even when Nini experiences heartbreak or someone sings a melancholy song, the lighting is bright and flat, no shadows intruding. Yes, the result is a cheerful and warmhearted musical comedy; it's just that I can't help thinking that things weren't ever this colorful and innocent in real life.",positive
"Director Alfred Green's melodrama ""Baby Face"" with Barbara Stanwyck ranks as one of the more notorious of the Pre-Code movies. These films were produced before the Production Code Administration had the power to enforce its rules in 1934. ""Inspiration"" scenarist Gene Markey and ""Midnight Mary"" scribe Kathryn Scola penned the screenplay, based on Mark Canfield's story, about the rise and fall of a girl who used her sexual charms to acquire wealth and position in society. Incidentally, Mark Canfield was a pseudonym for producer Daryl F. Zanuck. These Pre-Code films today seem tame, but they aroused controversy galore and contained more racy material than most movies until the late 1950s when the Code began to erode. The themes that the filmmakers explore are women versus men, women versus women, and women versus society. Our crafty protagonist does enough skulduggery that all themes are about equal.<br /><br />Lily's worthless father Nick Powers (Robert Barret of ""Distant Drums"") operates an illegal speakeasy bar during Prohibition, when the Thirteen Amendment outlawed liquor, and brews his own booze in a still out back. Nick is such as an obnoxious fellow that he pimps out her beautiful, but hard-working daughter Lily (Barbara Stanwyck of ""Night Nurse""), but Lily refuses to help her father out with a sleazy local politician. The politician. Ed Sipple (Arthur Hohl of ""Private Detective 62"") vows to retaliate for Lily's refusal to accommodate him. Later, Nick chews his rebellious daughter out. Lily reproaches him. ""Yeah, I'm a tramp and who's to blame? My father, a swell start you gave me, nothing but men, dirty, rotten men. And you're lower than any of them."" No sooner has she stormed off than Nick dies when his still blows up and kills him. Lily and her African-American maid Chico (Theresa Harris of ""Arrowsmith"") pack their bags and catch a ride of the first freight leaving town.<br /><br />No sooner have our heroines arrived in New York than Lily uses her charm to get a job in a bank. Visually, director Green shows Lily's shrewd ascension up the ladder with camera angles that move upward until Lily's sexuality threatens to destroy the bank. At one point, Lily breaks up a marriage between one bank officer, Ned Stevens (Donald Cook of ""The Public Enemy"") and his fiancée, Anne Carter (Margaret Lindsay of ""Cavalcade"") after Stevens had almost fired her for flirting with her boss, Brody (Douglas Dumbrille of ""His Women"") in the employee restroom. Lily is extremely shrewd and manages to emerge from each debacle better off than before. The board of trustees hires Courtland Trenholm (George Bent of ""Jezebel"") to take over as president of the bank. The first thing that Trenholm does is pay off Lily instead of letting her publish her diary entries about the higher ups at the bank. Moreover, Trenholm ships Lily off to their branch bank in Paris where Lily doesn't create any commotion until Trenholm arrives and they become romantically attached. Lily fights tooth and nail for everything that she has gotten and hates to throw it all away, but she sacrifices everything at the end for her husband.<br /><br />Ironically, Lily winds up back in the same town that she started out in, but Trenholm and she are happy now. ""Baby Face"" qualifies as one of the five best Pre-Code movies. Look for John Wayne dressed up in a suit and tie in one scene.",positive
"I've never laughed and giggled so much in my life! The first half kept me in stitches; the last half made me come completely unglued! I think I giggled for 15 minutes after the tape was over.<br /><br />His timing and delivery for his stories is almost unequaled. And though he talks fast, you catch every joke. Which is probably why my ""laugh center"" was so overwhelmed; it took an extra 15 minutes to laugh at everything.<br /><br />",positive
"This film is NOT about a cat and mouse fight as stated in the other comment. Its about a cat that has used up 8 of its 9 lives and now lives in fear of loosing its last one. The cat is jumpy and scared to death all of the time, hence the name 'fraidy cat'. Fraidy Cat's previous lives haunt him as ghosts which are from different era's in time and are constantly trying to kill him off, but he is most fearful of the ninth life which is represented as a cloud in the shape of a number 9 and spits out lighting bolts. very old now but would still be fun for the kids if you got hold of a copy. <br /><br />i watched this movie almost every day as a child :o)",positive
"Hard Justice is an excellent action movie! The whole movie is really nothing but shooting and fighting but it does have a very good vampire plot! For the people who say they don't make shoot em ups and fighting films like they use to. Well, this one is really hard-core! Don 'The Dragon' Wilson is excellent and his character is really cool in the movie. Nicholas Guest was very good as well and he arguably steals the show! He really performs as a fantastic villain! Melanie Smith was also good. I think that this very fine looking actress is very underrated. Michael Cavanaugh was good. It was really cool to see Vince Murdocco in this film! As for the action, it is truly awesome with all of the gun fights and the super cool fighting scenes. The fighting in this picture is really some of the greatest I have seen! There is so much that happens in the 86 minute run time. For the action fans you will be blown away by all of the fire power and superb fighting that this film has to offer! Night Hunter is a movie that isn't easy to locate and if you are at a video store and you see it for sale buy it up because this movie is big keeper and plus the box is cool! There is a ton of action that has to be seen to be believed! Look and see if you can find some good deals on Ebay, Half.com, Amazon.com's Z-Shops and Market Place Sellers! In My opinion Night Hunter is one of the greatest fighting films that I have ever watched and the characters are so neat. If you like Don 'The Dragon' Wilson and want to see Nicholas Guest in a great performance then I strongly recommend that any action movie fan who loves shoot em ups, fighting movies, and vampire films and has been disappointed by other movies that has the look of a true non stop action flick but fails to deliver it to get and buy Night Hunter today!",positive
The first time you see The Second Renaissance it may look boring. Look at it at least twice and definitely watch part 2. It will change your view of the matrix. Are the human people the ones who started the war ? Is AI a bad thing ?,positive
"Haven't seen any of the Japanese Grudge-films, but I really enjoy this one. I rarely get SCARED when watching films. I can jump, if the effect and sound is startling enough, but getting scared from a movie is a rare thing for me. But I did get scared from Grudge. Maybe because I didn't expect anything at all when I watched it. I didn't expect getting scared. I didn't know anything about it either. That was probably a good thing.<br /><br />This is a film that you, apparently, either love or hate. Most people seem to compare it to the Japanese Grudge-films, but even though I haven't seen them, I believe it isn't right to compare any film, actually. This film stands on it its own.<br /><br />The story is weak, most people say. I don't agree. The story is minimalistic, and done so on purpose. The story-telling techniques used - the broken time frame for instance - is perfectly done. The director knows exactly what he's doing, and I believe he got his vision through as he wanted it.<br /><br />I gave this film 8 of 10. It is a film you will enjoy watching, or hate. It's as simple as that.",positive
"I hate to admit it, but I didn't find it to be one of Hitchcock's best but nonetheless a riveting, climatic thriller. In a remake of Hitchock's 1934 movie of the same title, Dr. Ben McKenna (James Stewart)  the man who knows too much - and his wife Jo McKenna (Doris Day) are holidaying in Morocco with their son Hank (Christopher Oslen) when there is a case of mistaken identity and caught up in the web of an assassination plot. The conspirators go to extreme lengths to prevent them from interfering with their plot: kidnapping their beloved Hank.<br /><br />I found it surprising that Doris Day, who I usually associate with Rock Hudson comedies, was cast in a Hitchcock film. As I was watching it, I soon realized that this was more of a family film compared to Hitchcock's other works (example: Psycho) and she had singing ability needed to pull off ""Que Sera Sera"", which she did beautifully. She was well cast as herself and James Stewart had chemistry, which helped make the couple believable.<br /><br />In comparison to the great director's other works I believe this isn't as good, but it is still a exceedingly entertaining family thriller/mystery. There is also the added bonus of Que Sera Sera, which turned out to be a smash hit for Doris Day. Well directed, well acted. A fine film.",positive
"I've got to say it. Gary Busey saved this film. If it were not for his fine acting talents this film would have been sub par. I recommend the film but just barely.<br /><br />The biggest difficulty with the film is its broad disregard for historical, geographical and physical accuracy. For example, why is Lubbock green and hilly? How come Buddy's producer Petty ignored? Where are the daily trips to the Clovis, New Mexico studio? Why is Nashville treated as a racist hate camp out to destroy the Holly sound? Why was Buddy's two week courtship to Maria treated as a complex, taboo, race mixing stereotype? Why are Buddy's tile boxes as light as feathers? Finally, why are the Crickets portrayed as trouble making roadblocks to Holly's talent?<br /><br />Taken on their face these inaccuracies should spell doom for any film proclaiming itself, ""The Buddy Holly Story."" However, Busey does deliver a stirring portrayal as the man whose death eventually led to the day the music died.",positive
"This movie has a twist that caught me off-guard. It made me go over the scenes in my mind to see if there were any clues along the way. Loved the gorgeous Roy Thinnes and Joan Hackett's skillful acting. The beautiful, haunting music stays with me as well as the intriguing story.",positive
"Another small piece of the vast picture puzzle of the Holocaust is turned face up in this docudrama about the Rosenstrasse Protest in Berlin, an event I had not known of, that began in late February, 1943. The details are given in an addendum that follows this review.<br /><br />The film narrative sets the story of this protest within another, contemporary story that begins in New York City, in the present. Here a well off, non-observant Jewish woman, whose husband has just died, shocks her children and others by insisting on an extremely orthodox mourning ritual. She goes even further, demanding that her daughter's non-Jewish fiancé leave the house.<br /><br />The distressed daughter, Hannah (Maria Schrader) then learns for the first time from an older cousin that during WWII, in Berlin, her mother, then 8 years old, had been taken in and protected by an Aryan woman. Hannah drops everything, goes to Berlin, and finds this woman, Lena Fischer, now 90. Hannah easily persuades the woman to tell her story. It all seems rather too pat.<br /><br />The film thereafter improves, focusing through long flashbacks primarily on the events of 1943 that surrounded the protest, in which the fictitious central character is the same Mrs. Fischer at 33 (played magnificently by Katja Riemann), a Baroness and accomplished pianist who is married to Fabian (Martin Feifel), a Jewish concert violinist, one of the men detained at the Rosenstrasse site.<br /><br />The narrative does briefly weave back to the present from time to time and also ends in New York City once again. While scenes in the present are color saturated, the 1943 scenes are washed out, strong on blue-gray tones.<br /><br />The quality of acting is generally quite good, what we might expect given the deep reservoir of talent in Germany and the direction of Margarethe von Trotta, New German Cinema's most prominent female filmmaker, herself a former actress.<br /><br />The story of the protest is told simply. Only one feature is lacking that would have helped: still-text notes at the end indicating the eventual outcome for those people taken into custody at Rosenstrasse, an outcome that was, as the addendum below makes clear, incredibly positive.<br /><br />""Rosenstrasse"" has not fared well in the opinions of most film critics. Overly long, needlessly layered, purveyor of gender stereotypes, manipulative with music: so go the usual raps. It is too long. But I found in this film an austere, powerful, spontaneous and entirely convincing voice of protest from the women who kept the vigil outside the place on Rosenstrasse where their Jewish relatives and others were detained. I found nothing flashy, contemporary or manipulative in this depiction.<br /><br />The very absence of extreme violence (no one is shot or otherwise physically brutalized) intensified my tension, which increased incrementally as the film progressed. You keep waiting for some vicious attack to begin any minute. The somberness of the film stayed with me afterward. I awoke often later in the night I saw the film, my mind filled with bleak, melancholic, chaotic images and feelings conjured by the film. For me, that happens rarely. (In German and English). My rating: 8/10 (B+). (Seen on 05/31/05). If you'd like to read more of my reviews, send me a message for directions to my websites.<br /><br />Add: The Rosenstrasse Protest: Swept up from their forced labor jobs in what was meant to be the Final Roundup in the national capital, 1700 to 2000 Jews, mostly men married to non-Jewish women, were herded into Rosenstrasse 2-4, a welfare office for the Jewish community in central Berlin.<br /><br />Because these Jews had German relatives, many of them highly connected, Adolf Eichmann hoped that segregating them from other prisoners would convince family members that their loved ones were being sent to labor camps rather than to more ominous destinations in occupied Poland.<br /><br />Normally, those arrested remained in custody for only two days before being loaded onto trains bound for the East. But before deportation of prisoners could occur in this case, wives and other relatives got wind of what was happening and appeared at the Rosenstrasse address, first in ones and twos, and then in ever-growing numbers.<br /><br />Perhaps as many as six thousand participated in the protest, although not all at the same time. Women demanded back their husbands, day after day, for a week. Unarmed, unorganized, and leaderless, they faced down the most brutal forces at the disposal of the Third Reich.<br /><br />Joseph Goebbels, the Gauleiter (governor or district leader) of Berlin, anxious to have that city racially cleansed, was also in charge of the nation's public morale. On both counts he was worried about the possible repercussions of the women's actions. Rather than inviting more open dissent by shooting the women down in the streets and fearful of jeopardizing the secrecy of the ""Final Solution,"" Goebbels with Hitler's concurrence released the Rosenstrasse prisoners and even ordered the return of twenty-five of them who already had been sent to Auschwitz! <br /><br />To both Hitler and Goebbels, the decision was a mere postponement of the inevitable. But they were mistaken. Almost all of those released from Rosenstrasse survived the war. The women won an astonishing victory over the forces of destruction. (Adapted from an article posted at the University of South Florida website, ""A Teacher's Guide to the Holocaust."")",positive
"How Tasty Was My Little Frenchman tells a story that is alternately sad, scary and life-affirming. It ends with a brutal finale that you knew had to happen, even though you were hoping--maybe even beleiving--it wouldn't.<br /><br />Utlimately, this is the film's greatest strength: it expertly plays with your emotions and expectations, then drops a bomb on you.<br /><br />I saw this in a film theory class at USC back in the mid-'90s. It is not easy to find, but is definitely worth hunting for.",positive
"Now my friends, films like ""La Bête"" (aka ""The Beast"" or ""O Monstro"")only can be done in the old continent :),in this film we see all: horses dirty sex, nymphomaniac kind off gorilla, non sense dialogs, etc, etc, etc... In the serious terms now,its an allegory, that men sometimes could be bestial, visceral and brutal,Walerian Borowczyk (the director) shows us the loss of innocence, sexual violence, rape and brutality. Its a astonishing cinematic experience, bizarre and full of grotesque scenes. For all fans of European shocking exploitation, i recommend this film.If you like this one i recommend: ""Orloff Against the Invisible Man"" and ""Alterated States"".",positive
A touching movie. It is full of emotions and wonderful acting. I could have sat through it a second time.,positive
"The Thing is a milestone in movie-making and remains one of my favourite films of all-time. Despite the film's roots in science-fiction it is ultimately a horror film that brilliantly balances splatter with psychological trauma. Today, Over twenty five years after its release, the special effects stand up as an example of sheer brilliance and effects man Rob Bottin suffered a complete physical breakdown for his art. It would be impossible to make the same movie today as the Studio would most certainly insist on casting a female character or a Paul-Walker type.<br /><br />An all-male American Science team in Antarctica are thrown into turmoil when an alien lifeform able to perfectly absorb and imitate other lifeforms infiltrates their camp. Their trust in each other steadily crumbles as they become increasingly unsure who is real and who is an imitation, and this 'body-snatchers' scenario sees their numbers steadily dwindle as one-by-one, they fall victim to The Thing. When cornered, it manifests itself as a different nightmarish creature, the metamorphosis always horrific and compelling.<br /><br />The helplessness, isolation and claustrophobia of a team of desperate men with no way out of their situation and no way of help reaching them is expertly sustained. The long hours of darkness and the mounting snowfall provide a bleak backdrop to the terror that unfolds. Director John Carpenter selected with great care a team of brilliant character-actors and each member of the team fits perfectly into the part they play, whether it be the young and street-wise chef, the elderly and wise Doctor or the bitter and cynical helicopter pilot. The point is that no-one here comes close to being an all-American badass superhero with blonde locks and a six-pack and the film's real strength is thanks in no small part to this stark realism. The people suffering on-screen are recognisable in our daily lives.<br /><br />The Thing remains consistently enjoyable and affecting even after repeated viewings. I have now seen the film on more than twenty separate occasions and my amazement at the quality of the direction, the acting and the special effects is unwavering. My girlfriend prefers the high-school spin-off of the film -The Faculty- which is good and solid entertainment but far more light-hearted and whistful. She still loves and acknowledges the brilliance of The Thing however, and thank goodness for that... Because I could not remain in the company of someone who didn't love this movie.<br /><br />A classic and then some.",positive
"With an opening segment that imitates the music and cinematography of Todd Haynes's Safe (1995), David Lynch uses dream, myth and warped notions of reality to tell the fractured story of a failed bit-part Hollywood actress/waitress, Diane Selwyn, let down by fame and her own demons and obsessed with Camilla Rhodes, who is engaged to hotshot director Adam Kesher.<br /><br />The film effectively takes place in Diane's drug-fueled head; we are witness to her crazy distortions, her wish-fulfillments, regrets, obsessions and fears. Using the dream narrative as a way of presenting two notions of reality in conflict, Lynch does not simplify the opposition between reality and fantasy but actively entangles them. The last 45 minutes are as dream-like as what came before; and the troublesome air of detached, otherworldly ambiguity still pervades, fracturing the seemingly secure distinction between reality and dream we expect to see in films about nightmares and dreams.<br /><br />Lynch's film borrows from many films, old and new, but ultimately is a film unlike any other with the exception of the director's own Lost Highway and Blue Velvet. It constantly challenges the viewer to interpret what is seen, not only intuitively but intellectually. Yet it is not as pretentious as one would have imagined because Lynch makes us sympathize with the protagonist despite her murderous deeds - an element that was missing in all of his other films except the Straight Story. He does this by presenting Diane's dream alter-ego, Betty, as a wholesome Canadian farm girl destined for fame. Lynch also presents us with an intriguing story that affirms and negates in equal measure. Are Camilla and Diane really lovers or just friends? Who is the blue-lady? What does she signify? Who is the bum behind Winkies? What is the significance of the rotting corpse at Sierra Bonita? Does Aunt Ruth really exist? Is silencio an abstraction of hell or perhaps a self-referential take on the film's status as fiction? Lynch isn't prepared to answer any question he poses, choosing instead to present his ""love story in the city of dreams"" as a set of interconnected abstractions and motifs.<br /><br />The acting is top rate, especially Naomi Watts as Diane Selwyn/Betty, who is yet to eclipse this performance. Laura Harring has the requisite Hayworthesque allure as Camilla/Rita, while Adam Theroux as Adam brings an freewheeling arrogance and sublimated paranoid aggression to his role. It was staggering and a grave injustice that not one of them was even nominated for an Academy Award.<br /><br />This is a film that demands to be seen and analyzed closely. The mystery at the heart of the film remains in Lynch's hands but half the fun is finding consistent ideas from the maze of seeming incongruities that he presents. Upon closer inspection there is a definite sense of a puzzle, perhaps an incomplete jigsaw that teases us with closure but denies the imaginary plenitude of narrative coherence. Ultimately, this is Lynch's key film.",positive
"When dirty dancing was on TV in the middle of last year I was out so I didn't get to see it, my mum swore that I had seen it and that she had it on tape somewhere. Anyway getting to the point she couldn't find her video so for Christmas I bought her the DVD, well she hasn't had a look in. It sat around for a while then one night I decided to take it upstairs to watch and I fell in love with it. This is a great film with lots of lovely scenes! I love the plot and enjoyed every moment of it! It's definitely not for everyone but if you love a love story then you will want to watch Dirty Dancing again and again! Dirty Dancing - The Way Love Is Meant To Be!",positive
"Cuban Blood is one of those sleeper films that has a lot to say about life in a very traditional way. I actually watched it while sailing around Cuba on a western Caribbean cruise. It details the life of an 11 year old boy in a small town in Cuba in 1958 and 1959 during the revolution. Not much time is spent on the revolution until the very end, when the Socialist regime came and took the property of the boy's father. The majority of the film is the boy's coming of age and the relationships that arise in a small town where everyone knows everyone else. There are some powerful scenes that everyone can relate to. A class A film with fine acting and directing. This is a film that tells a story with no special effects or grand schemes or real twists. It is a film about people and their lives, their mistakes, and their triumphs. A good film worth watching several times annually.",positive
"This was a wonderful little film that truly was creative and fun--something you see all too seldom in movies. The film begins in Russia just after the fall of the Communist government. As a result, society seems to be in chaos and life has yet to improve now that the old regime is gone. Dirty cities, crime and lack of housing still plague the poor residents of St. Petersburg.<br /><br />Into this scene of bleakness and uncertainty comes an idealistic music teacher. He is among those without a home and he FINALLY gets a letter from the government that tells him he has a tiny room in a nearby flat. When he arrives, the place is a mess but the people seem friendly enough so they all have a lovely party. In the middle of the night, they are awakened by an old lady walking out of the giant wardrobe in the room (I was half expecting Lucy and the other kids from THE LION, THE WITCH AND THE WARDROBE to come out, but they didn't). They are too shocked to do anything at first but decide soon to investigate. Instead of just being a clothes closet, the wardrobe opens into Paris! How the residents of the flat respond to this magical gateway is really intriguing. Some, like the music teacher, are thrilled and in awe. Most of the others are more pragmatic and are mostly concerned with looting everything from Paris before the gateway closes once and for all! These Russian thieves are awful people--greedy, coarse and crude but down deep---VERY DEEP--are hearts of gold. I like how this is a metaphor for the nation now on the brink of Capitalism. At first, they run amok grabbing everything they can and only later do they reveal some depth--but mostly they act much like guests on THE JERRY SPRINGER SHOW! The film has many twists and turns and is both funny and mesmerizing. About the only negative is that due to some harsh language and a nude scene (albeit, a very funny one), this is not a film for kids. This is a real shame, as with some very minor editing, this could have been a great family film.",positive
"""A Fare to Remember"" is a totally derivative, almost ridiculous movie, but has a warmth about it that makes it a very effective and upbeat holiday movie. It stars a pretty newcomer, Challen Kates, as a high-powered ad executive who, right before her wedding, has to rush from L.A. to Seattle to keep a client who has rejected every other presentation. She has transportation difficulties from the beginning and seemingly no money. This is the first dumb thing - were there no ATMs anywhere? She must make a fortune. At any rate, she meets a cab driver (Warner) who looks like a homeless man, and he drives her to her presentation and when she emerges with a huge box of beef jerky (the client's product), he's there to take her to the airport. All flights are canceled, so in order to get to L.A. for her wedding, she hires him to take her there.<br /><br />Along the way, they bond and learn from each other. It's a very sweet movie though there is absolutely nothing new in it - it combines ""Six Days and Seven Nights"" and a few other films. But the chemistry between the stars is good, they're likable, and the acting is good. Look for Jerry Springer as the head of the beef jerky company and a cameo by Karl Malden.<br /><br />This is a nice film to take in over the holiday season. It's on Lifetime.",positive
"Karim Hussain's masterpiece of art/gore--this cat is definitely a talent to look out for. We have in this several longer vignettes interspliced with some shorter segues. This is all in all a very powerful film that relies on its intense graphic imagery and symbolism and it is not for all viewers.<br /><br />The film kicks off with a short called OVARIAN EYEBALL. Very short segment that has a nude woman placed on a table naked. An unseen woman's hand covers the supine woman's face with a red cloth and makes an incision in her abdomen out of which an eyeball stalk is extracted. I've got nothing too much to comment on this one due to its brevity.<br /><br />HUMAN LARVAE is one of the films lynchpins and it is a totally unflinching portrayal of a perverse act committed by a disturbed man who has an incestuous love for his pregnant sister. This is one of those ""must be seen to be believed"" type things. I will say that this film has some of the best effects I've seen in an indie horror film but the subject matter will make this an undeniably unpleasant experience for most (not me though--I live for this!).<br /><br />REBIRTH could have been cut out of this film all together. This is the film's weakest segment and it has a bunch of nude people f!cking bloody holes in a field and whatnot. Very short but this one kind of blows the film's momentum.<br /><br />RIGHT BRAIN/MARTYRDOM is one of the most profane representations of religious imagery that I have ever seen and it totally kicks ass. Think ""P iss Christ"" or menstrual blood paintings of the Virgin Mary. Very hard sexual/sexually violent/gory imagery is presented in this piece and it is definitely not for anyone who will be offended by sacrilege.<br /><br />Subconscious Cruelty is one of the best films I've seen under the banner of extreme horror it will be a very divisive film amongst horror fans and the filmgoing public in general. Some will call it trash, some will call it brilliant. I don't see much middle ground. I thought this film was pretty damn original and I will recommend it to anyone who is adventurous enough to try it. 9/10.",positive
"Coming at the end of the cycle of the Universal Monsters horror films, and before the Golden Age of sci-fi films, House of Dracula is more science fiction than horror and incorporates some of the more cheesy {read:enjoyable} elements which would come to typify the sci-fi films of the coming era. Lon Chaney Jr. plays the Wolf Man, and John Carradine, Dracula and Glenn Strange, the Frankenstein monster.<br /><br />A mad scientist sets out to ""cure"" both monsters of their ""sicknesses"" by means of modern {read:mad} science. When the scientist's beautiful nurse-assistant is revealed to be a hunchback early in the film, the viewer is thereby alerted to the fact this film is not going to be typical Universal fare; this film foreshadows the kind of sleazy exploitation we would come to take for granted in 1950's sci-fi.<br /><br />If you don't mind the slower pacing of the older films and black & white does not throw you off, this film is recommended viewing. Afaik, this one is not currently available on DVD, but AMC airs it occasionally, so keep a lookout, or you could always wishlist it on your TiVo!",positive
"This film is one that played very well back in 1932 and probably wouldn't work as well today because its style it a bit old fashioned and contrived. However, if you are the sort person, like me, who adores older Hollywood films, you cut the film a bit of slack and can enjoy it for what it is--an interesting soap.<br /><br />The film is set in a ward for problem pregnancies. In this large room are about a half dozen beds in which women are waiting to give birth--but doctors are concerned about possible complications (yikes--such a room would really traumatize the mothers!). And, like an episode of ""Love Boat"" or ""Fantasy Island"", each mother has her own special story. With so many rather extreme and crazy stories, you have to suspend disbelief. I could and enjoyed the film quite a bit.<br /><br />Here are a few of the stories: One involves a father. You don't see the mom, but he is a very, very nervous father and it's included for comic relief. However, he was wonderful here--very touching.<br /><br />Loretta Young and Eric Linden are a sad case. Loretta is sent to the hospital from prison--she apparently killed some horrible guy. You don't know exactly what occurred, but you assume he was trying to force himself on her! Yet, she was given a 20 year sentence--and her husband is devoted to her and is by her side as much as he can.<br /><br />Glenda Farrell is an awful person. She has the maternal instincts of a hamster--a really, really bad and alcoholic hamster! She is pretty funny and worth seeing through most of the film. I loved her drinking from a hot water bottle filled with gin as well as becoming upset when she learns she can't make money selling her twins!! Late in the film, she has a typical Hollywood-style change of heart that was supposed to be touching--I found it contrived.<br /><br />There is a woman who has given birth to a still-born baby. Amazingly, afterwords, they put the lady back in the same ward as the women waiting to give birth!!! A crazy woman, who you assumed lost a baby some time ago,wanders down from the psychiatric unit. She insists she's having a baby. Later, she escapes again and actually takes one of the kids!<br /><br />There are most stories than this but the ones I mentioned are the main ones. As I said, it's a soap opera of sorts and is highly entertaining--and quite sad in the case of several of the stories. The ending, in particular, is heart-breaking and exceptionally well done. There were a few particularly good performances--especially Farrell and Aline MacMahon as the head nurse. All in all, a very good film--and I have no idea why they felt they had to remake the film just a few years later (which was typical for Warner Brothers).",positive
"If you like Jamie Foxx,(Alvin Sanders),""Date From Hell"",'01, you will love his acting as a guy who never gets an even break in life and winds up messing around with Shrimp, (Jumbo Size) and at the same time lots of gold bars. Alvin Sanders has plenty of FBI eyes watching him and winds up getting hit by a brick in the jaw, and David Morse,(Edgar Clenteen), ""Hack"" '02 TV Series, decides to zero in on poor Alvin and use him as a so called Fish Hook to attract the criminals. There is lots of laughs, drama, cold blood killings and excellent film locations and plenty of expensive cars being sent to the Junk Yard. Jamie Foxx and David Morse were outstanding actors in this film and it was great entertainment through out the entire picture.",positive
"I saw this mini-series when I was in high school. I remember it as being absolutely brilliant and compelling. At the time, I knew none of the British actors in the series, but have since learned that some of today's stars performed in it, including Sean Connery (the original James Bond among many other roles), Judi Dench (Queen Elizabeth in ""Shakespeare in Love"" among many other roles) and Eilene Atkins (probably best known for creating ""Upstairs/Downstairs"" but also superb in many acting roles). Like the other commentator, I would like to see it again. I'm certain the production remains timeless, and I would hope that it has been or will be released on VHS or DVD. If you get a chance to see it, do not miss it.",positive
"The Western can be divided into many sub-genres. One of the broadest divisions is that between Town Westerns and Plains Westerns. Most Westerns are a mix of both, but at one end of the spectrum you have pictures like High Noon and Rio Bravo that take place almost entirely in a settlement, seldom venturing out into the real outdoors. At the other end you have ones like Wagon Master, where there is barely a homestead on view amid the wilderness.<br /><br />Director John Ford normally thrived on the ""bit of both"" Westerns, shooting the interiors with an emphasis on their being small and confined, and then contrasting this with the wide open exteriors, which appeared both exciting and dangerous. Wagon Master has a typical Frank Nugent script, with some interplay between seasoned oldsters and green youngsters, but still it presents Ford with some fresh challenges. In this picture, the dangers do not come from the harshness of the landscape, they come from within the group in the form of the Cleggses. What's more, the absence of real interior scenes means the outdoors could lose its impact over time.<br /><br />However, Ford was a real maestro when it came to manipulating space. He shoots scenes of the camp or the wagons so the frame is surrounded and we get that same sense of enclosure as we would in a genuine interior. Also, compared to his other Westerns, he does not in fact open out the space too much, having the wagon trail wend its way through canyons and passes rather than cross the stark and empty plains. One of the few moments where he does throw the landscape wide open is when the Indians are spotted and there is the possibility of a threat from outside.<br /><br />Wagon Master features some surprisingly effective moments of comic relief, and some great contributions from the quirky cast. Harry Carey Jr. was shaping up into a fine actor like his pa, and this is one of his better early roles. Joanne Dru was disappointing in She Wore a Yellow Ribbon, but she appears more at ease as a character with a bit of sass, and is actually fairly good here. Jane Darwell, who won an Oscar in the John Ford-directed Grapes of Wrath a decade earlier, appears here with sole function of performing a running gag in which she sounds a feeble old horn. Still, with her great timing and movement she makes the piece work. Francis Ford, in one of the many mute drunkard roles he played in his little brother's pictures, is at his cheeky best.<br /><br />And now we come to lead man Ben Johnson. Although he was by no means a bad actor, he was never going to become a big star like John Wayne. And yet, with his effortless horsemanship and easygoing drawl, he was one of the most authentically ""West"" players around. And this brings me onto my final point. This was apparently one of Ford's personal favourites, despite it seeming fairly unassuming. Wagon Master has no grand theme or dramatic intensity, it is simply the genre playing itself out. I think this is what Ford loved about it. It's a picture for the Ben Johnsons and the Harry Carey Jrs, not the John Waynes or the Henry Fondas. Small in scope, but worthy in its class.",positive
"There is no director I like more than Mamoru Oshii. But sadly, even though he directed quite a few films that gained huge international attention, there are still a fair few of his films that have slipped through the cracks. Tachiguishi is one of them, and even though I loved it to bits, it's not hard to see why distributors in the West are somewhat reluctant to release it.<br /><br />In between his big and serious films, Oshii is known to do some smaller and quirkier projects. While Tachiguishi definitely falls into this category, Oshii has really outdone himself with this one, creating something that is very hard to classify, even as a freaky Japanese flick. Go figure.<br /><br />At its very core lies a documentary not quite unlike Otaku no Video. But rather than make a fool of an existing subculture, Oshii invents his own and delves into the lives of culinary heroes, scrounging away food for free and upholding the Japanese culinary level. Oshii's approach on the subject has close ties with Dai-Nipponjin, as the subject is handled with a deadly sense of gravity while the images on screen look as ridiculous as can be. Deadpan humor taken to the extreme.<br /><br />But that is not all, rather than simply shooting his mockumentary Oshii decided to make it using a new visual technique baptized superlivemation. A weird mix of live action, photography, digital animation and puppets on a stick. Performed and acted out (or posed, if you want) by the greats of the Japanese animation industry no less, as the project was supposed to be as low-budget as possible.<br /><br />And if you think that just about covers it, know that the film is extremely dialogue-heavy, making it a good companion piece for Innocence. The influence of the grifters is analyzed from all kinds of cultural, political and even philosophical angles, fired at the audience through a continuous stream of monologues and dialogues. And to make it even worse, the whole film is completely grounded in actual Japanese history and customs, making it even harder for a foreigner to get a good grip on the material. Needless to say, multiple viewings are advised to make the best of all the details tucked away inside the film.<br /><br />That said, on a conceptual level the film is easy to follow and already pretty hilarious. Various grifters are introduced as were they the most influential historical figures of post-war Japan. The film plays like you'd expect a serious documentary of any other important figure to unfold, but somehow the big and crudely animated cut-out photography limbs of which figures are assembled don't quite make it all that serious. The range of characters introduced is sublime, Shinji Higuchi taking the cake as cow-creature wearing a nose ring while taking on the fast-food chains with his gang of bull/people.<br /><br />Oshii regular Kenji Kawai provides, besides a pretty comical performance, a score ranging from atmospheric and dark to wacky, strange and comical. A lot of fun is to be had from the exaggerated noises and effects, complementing the animation and totally contradicting the tone of the rest of the film.<br /><br />Visually the film is very atmospheric, though it must be said that the animation is pretty scarce and while effective, remains toned down, only to burst out in hyperactive weirdness from time to time. Which is not exactly a bad thing, seeing how Tachiguishi is so dialogue-heavy. Despite that, the film is still a visual masterpiece as each frame looks absolutely lush and is tailored to match and improve the general atmosphere of the film.<br /><br />Beware though, because Tachiguishi does demand a lot from the viewer. If you don't speak Japanese, there is a lot of reading to be done and there are many cultural references that demand some attention. On top of that, the monologues in the film area quite extended and can be hard to follow. The film still lacks English subtitles and even though my French was largely sufficient to get what it was all about, I'm sure I missed many of the finer points of the film.<br /><br />Tachiguishi is not an easy film to get into, but around halfway through it reaches full steam and it doesn't let off from there on. I still hope to see this one again with English or Dutch subs. A dub would actually be best for a film like this (much like Container), though I guess a quality anime dub is a bit too much to ask for.<br /><br />With all of that said, I can only congratulate Oshii on another marvelous film. It's rare to find a film that blends and mixes so many styles and influences to create something that is so unique and still works. The film is smart, looks and sounds great and is filled to the brim with creativity. It is immensely funny, even if you can't catch all the details on the first viewing. But be sure to at least get this with decent subs, as the automated English translation that is floating out there is completely worthless and does the film no justice at all.<br /><br />Tachiguishi caters to a very specific audience and I'm not surprised the French got their release while the rest of Europe (and the rest of the Western world) is still waiting for a sign of this film. But for those that like Oshii, appreciate dry and deadpan humor and crave creative spirits, it is a film that cannot be missed, even though it could just as well misfire. 4.5*/5.0*",positive
"I don't remember this film getting a cinema release over here. I only saw it when it came onto cable. The film deals with the dehumanisation of children into killing machines. Specifically one person, the way he gets replaced and dumped (literally) into an off-world community where he finds himself unable to cope with coming to terms with who he really is and what he feels.<br /><br />Seems to me that a lot of people expected this to be Rambo in space, and would have been happy if it was.<br /><br />I'm certainly happy it was'nt - Kurt does a fine job of portraying an emotional cripple. The scene where he's sitting outside the compound shows this, albeit the decision for two slow-mo replays detracts from the moment.<br /><br />This is not a classic SF movie in the way that Bladerunner, Alien, Silent running, Logan's run or THX1138 were, however it is unfortunately the nearest I've seen to it in a long time.<br /><br />He changes in the movie to a believable degree, he does'nt crack Arnie one liners, he does'nt become Snake Plissken and there is no definative happy ending.<br /><br />That's why this film did'nt do well. It did'nt follow formula, and among a 18-25 year old target American audience, that's unforgivable as it was was'nt what they expected to see.<br /><br />Fear and discipline.<br /><br />Always.",positive
"I'm not a Disney fan at all, but I happen to be in Orlando for a friend's wedding. So my traveling partner and I went to Disney for a few days. I haven't seen a good 3-D effect in, well..ever. So I usually try to stay away from these presentations. The 3-D effect in this was so good. I'm a grown man of 38, and even I wanted to try and reach out and touch. It's THAT good! Word of advice. At the end, look to the back of the theater on the wall. Put it like this...the first time I saw it, the effect wasn't working. So I told my friend...""It would have been nice if...."" My friend said, ""That's exactly what happens. It's not working for some reason."" It's an awesome show. You will NOT be disappointed!!!",positive
"It's always interesting to catch a line in a film that winds up being somewhat prophetic for the future of an actor. In this case, I was intrigued by Edward G. Robinson's statement to Barbara Stanwyck - ""I promised you the Valley"", as he discusses the lone hold outs to his attempt to control all the land in Logasa. Ten years later, Stanwyck would star as the matriarch of the Barkley Family on ""The Big Valley"". Somehow I thought she might have looked older in the earlier picture; I guess all those bright gowns and fancy riding outfits have a way of bringing out one's youthful side.<br /><br />As for my summary line above, that's Lee Wilkison's appraisal of John Parrish (Glenn Ford), one of those hold outs mentioned earlier, shortly after Parrish uses his knowledge of military tactics to take out a number of Wilkison hands after they raid his ranch and torch his home. I liked the way the film explored his character, starting with the way he dealt with foreman Wade Matlock (Richard Jaeckel) in a calculated showdown. The set up for the ambush was also a clever maneuver, diametrically opposed to the strategy of rushing the bad guys head on with both sides fighting it out to the last man standing. For that, Parrish also had something to say - ""Never meet the enemy on his terms"".<br /><br />""The Violent Men"" is a good title for this film, and was probably at the head of it's class in the mid 1950's, though by today's standards doesn't come close to the blood letting one will find in a ""Tombstone"" or ""Open Range"", where the bullets exact a nasty savagery. But it's shaped by fine performances from the principals, with a sub plot exploring infidelity that seemed almost ironic considering it was Stanwyck's character who was cheating.",positive
"In War, Inc we find the logical extension of the current outsourcing of all war-related activities we are currently doing in Afghanistan and Iraq. If you are familiar with the antics of Halliburton, Kellogg, Brown & Root and Blackwater overseas you are already halfway home to fully appreciating the satire of Cusack's latest piece. Cusack plays a corporate hit-man named Brand Hauser who finds himself in Turiquistan organizing a trade show in the newly liberated country as his cover while waiting to get access to his latest target. While there he finds himself intrigued by the anti-establishment reporter played by Marisa Tomei and pursued by the over-sexualized pop star played by Hilary Duff. We are introduced to Hauser's past, which includes a tragedy that has haunted him ever since and the corporate assistant named Marsha Dillon who actually is running the entire operation for him (and played hilariously by Joan Cusack). While some moments are played suitably over the top, they aren't always the moments you expect and the little touches often catch you by surprise. All the principals turn in solid performances. Duff's accent comes and goes but otherwise she does a very nice job and goes a long way to dispel her Disney image. Tomei is funny but understated while the Cusack's own nearly every scene they are in. To be fair, they are given good material. The writers turn in a good script with enough twists and turns and visual gags to keep you giggling throughout all the way to the predictable conclusion. In fact, the predictability of the end is the only thing that keeps me from rating it higher as the story twists and turns it's way to the expected conclusion.<br /><br />If you like your comedy broad and physical, there is probably not enough here to keep you interested the entire movie. On the other hand, if you like sly comedy and broad satire, this is for you.",positive
"No movies have grabbed my attention like this one has. You see, I have wanted to watch this movie again for over twenty-five years. The one and only time I saw it was as a teen-ager which may have been the year it was released, 1977.<br /><br />What I do remember of the movie is that it touched those deep-held emotions so profoundly that there is still an overwhelming desire to watch it again. The intrigue this movie provides by the human element of father/son seeking and searching is sure to touch every human soul who watches it. Why this movie has not been brought out of storage and shown as often as many other movies of lesser depth, I do not know.<br /><br />Postscript: Received copy of movie and after watching it again was delighted to see that my memory held true. Rating reflects movie content. Would like to watch this movie on DVD as seeing this 1977 production on a used VHS tape took away from the overall quality.",positive
"'The English Patient' can rightly be compared to the films of David Lean, whose sweeping epics such as 'Lawrence of Arabia' and 'Bridge on the River Kwai' must have inspired the director Anthony Minghella. The film is beautifully photographed, and like 'Lawrence', is set in Northern Africa, but during the second world war. The story is complex, but it boils down to a forbidden love between an opinionated and often difficult archeologist played by Ralph Fiennes and a married woman played by Kristin Scott Thomas.<br /><br /> The story, based on a novel by Michael Ondaatje, is told in flashbacks by Fiennes' Count Laszlo de Almasy - the titular character. The fact that his name does not sound like he's English plays a key role in what unfolds. He has been badly burned in a plane crash, occurring just as the film opens, and is being cared for back in Europe by Hana, an army nurse played by Juliette Binoche. What makes this story epic is the vast sweep across place and time, and the development of characters beyond that of the two ill-fated lovers. The film makes clear that true love and passion, even with dreaded consequences, can make life worth living, or worth dying for. If you're a romantic at heart, and can appreciate a film without the standard happy endings and simple moral codes, you may find that 'The English Patient' speaks directly to you.<br /><br />",positive
"The original Vampires (1998) is one of my favorites. I was curious to see how a sequel would work considering they used none of the original characters. I was quite surprised at how this played out. As a rule, sequels are never as good as the original, with a few exceptions. Though this one was not a great movie, the writer did well in keeping the main themes & vampire lore from the first one in tact. Jon Bon Jovi was a drawback initially, but he proved to be a half-way decent Slayer. I doubt anyone could top James Wood's performance in the first one, though... unless you bring in Buffy!<br /><br />All in all, this was a decent watch & I would watch it again.<br /><br />I was left with two questions, though... what happened to Jack Crow & how did Derek Bliss come to be a slayer? Guess we'll just have to leave that to imagination.",positive
"This multi-leveled thriller kept my attention throughout. It is disturbing and informative to see how perverse human behavior can be. It is also instructive as to what past wounds can motivate present behavior. No one, save Sandra Bullock's partner, is very likable. However, all are believable. Sandra did an excellent job. Her character, Cassie, comes alive with all her pain and fear and defenses. She is a survivor and so her life experience finally brings her to a healing moment. I enjoyed this movie very much. Tom Landers",positive
"Liam Neeson portrays the Scottish legend Robert Roy Macgregor from the early 18th century. He is a true actor. He captivates the audience with his charisma as he does in all his roles. Jessica Lange is excellent as his wife Mary. Mary is such a beautiful woman. It's her love that makes Rob Roy the legend, but it's his passion that makes her love undying. They need each other. Tim Roth as the evil Cunningham is perfect; in one way or another, upon watching the movie, you will find Cunningham disgusting. The Scotland scenery is beautiful. The environment and conditions of the times are depicted quite well. If you like history, romance, passion and love, you'll enjoy Rob Roy. There is violence and blood, but it's unavoidable in telling this story as it should be told; no gratuitous violence. And you do have to listen carefully if you're not used to a Scottish accent. One important point that makes this movie so good is that no one actor or actress is glamorized; they get dirty and actually look unattractive in various scenes. It's their skill as actors that attracts you, they don't rely on marquee names, popularity or sex symbol appeal. This is something special.",positive
"Based on an actual mining disaster, this early German talkie (with English subtitles) still remains one of the most effective docu-dramas ever filmed. Featuring many non-professional actors, ""Kameradschaft"" gives a chilling view of the friendship that binds the mine workers, regardless of which side of the French/German border they may be from. A deadly accident brings out the very best in everyone, nullifying any superiors' orders. A fellow miner in need will receive the help of his comrades, even at threat of great loss, including life.<br /><br />This film reminds of the self-sacrificing heroism shown by the NYFD following the 9/11 attacks. Putting aside any formal rules and regulations, these men and women in uniform knew only one cause: to save lives, and to find their fellow-fire fighters. -- More than 70 years later, ""Kameradschaft"" still has the strong and timeless message: A friend in need is a friend in deed.",positive
"I think the weighted average for this film is too low. I give it a 7. Very entertaining, although over the top in a few places. My wife says it passes the Danielle Steele test. Superb performances throughout, particularly by Andie MacDowell.",positive
"Okay, so I'm a sucker for a good documentary, particularly where it tells a modern-day Don Quixote story. A caveat: I met Mark Borchardt in the winter of 1995/96 while he was still working on Coven. But I'll save that story for later. American Movie, which commenced production not long after, accurately portrays the person that I knew, although in greater depth than I expected or believed existed. This is simultaneously a very funny and very sad film, and is brilliantly executed. Mark comes across as his own worse enemy: his childlike ambition and optimism -- which I admire -- is undermined by his apparent artistic ineptitude as well as his bizarre fiscal expectations. But he's also a charismatic guy. His loyal Sancho Panza sidekick is equally likeable: loyal, if frazzled, to the core. Like Don Quixote, American Movie presents an often-ignored inefficient aspect of freedom -- that people will be drawn toward professions to which they are not particularly well-suited, irrespective of repeated failure. It is a great film.",positive
"An extra is called upon to play a general in a movie about the Russian Revolution. However, he is not any ordinary extra. He is Serguis Alexander, former commanding general of the Russia armies who is now being forced to relive the same scene, which he suffered professional and personal tragedy in, to satisfy the director who was once a revolutionist in Russia and was humiliated by Alexander. It can now be the time for this broken man to finally ""win"" his penultimate battle. This is one powerful movie with meticulous direction by Von Sternberg, providing the greatest irony in Alexander's character in every way he can. Jannings deserved his Oscar for the role with a very moving performance playing the general at his peak and at his deepest valley. Powell lends a sinister support as the revenge minded director and Brent is perfect in her role with her face and movements showing so much expression as Jannings' love. All around brilliance. Rating, 10.",positive
"The final part of Kieslowski's trilogy based on the colors of the French flag finds the director at peace with the metaphysical and transcendent nature of the cinematic image. In Red, imagery is paramount, as well as the obvious but clever color coding. However, rather than adhering to empty aesthetic contrivances based on the 'cinema du look', Kieslowski's Red is a multi-layered, densely plotted meditation on the nature of fate and love. In Red, love and fate are intertwined but complex notions, dictated as much by the whims of human beings as the invisible parallel associations that seems to pass us by. You sense Red is really an allegory, a reenactment of Prospero's omnipresent gestures in The Tempest, yet it is more than its story appears. Red demands countless viewings, and in each viewing something new is discovered that weaves itself into the already immaculately plotted structure.<br /><br />Although Red stands alone as a masterwork from Kieslowski, it's best viewed as part of the trilogy. Elements of Blue and White are referenced in Red, which knowing viewers will enjoy.",positive
"This has got to be the funniest movie I have seen in forever. Chritopher Guest is truly talented. He has a gift for humor. I almost died laughing. Actually, when I saw this in theaters, I considered walking out because the movie was so dumb. But it is dumb in a good way. It is funny-dumb. And this is a really good combination. You will be laughing from start to end.<br /><br />This mockumentary style film follows an array of characters all competing at the Kennel Club Dog Show. The cast includes Parker Posey, Fred Willard, Eugene Levy, Catherine O'Hara, John Michael Higgens, Michael McKean, Larry Miller, Bob Balaban, Jennifer Coolidge and tons more. <br /><br />This is a truly funny movie that will have everyone laughing. Someone born without a personality would laugh at this film. It is presented in widescreen to give the image that you are viewing an actual documentary and that is probably what adds to the hilarity. BEST IN SHOW: 5/5.",positive
"I remember this movie. Quite intense for an 11 year old. Good editing, I felt terrible for the St. Bernard. I'd watch it again if it were rebroadcast, but the signal is passing Pluto as I write this. Robert Culp. A highlight of his career. I am just glad I didn't live in THAT neighborhood. Oh those 70's. What a decade. If they remade it I bet it would be very violent and bloody. So what are they waiting for? An excellent movie for pre-pubescent suburban boys. It was very intense. I think it was filmed in Los Angeles. Certainly not made in Lodi NJ. The shot with the St Bernard was the best and obviously the most haunting image from the film...and then they left the carcass on the stoop. Rotten kids.",positive
"I read Holes in 5th grade so when I heard they were doing a movie I was ecstatic! Of course, being my busy self, I didn't get chance to see the movie in theaters. Holes was at the drive-in just out of town but, alas, We were just too busy. I was surprised to hear that all my friends had seen it and not one of them had invited me! They all said it was good but I've read great books that have made crappy movies so I was definately worried.<br /><br />Suddenly the perfect opportunity to see it came. It was out that week and my parents were going on a cruise and I was left to babysit. My sister, who is 9, and I watched it and absolutely loved it! I then took it to the other people I was babysitting's house and their kids, 9 and 4, liked it too. Even my parents loved it and they're deffinately movie critics. Overall, I recommend this movie is for anyone who understands family morale and and loves a hilarious cast! This movie should be on your top 5 ""to See"" list!!!!",positive
"Dad (78) and I (46) both had a good time watching the flick today. For a guy primarily known for serious roles, De Niro is a heckuva comic actor. Of course, it helps to have his past film images to play against. Consider that one of those roles, 15 MINUTES, was a cop having to deal with the interference of the mass media, and you have an interesting set of compare/contrast performances.<br /><br />Murphy plays another of his Axel Foley sort of characters. Shatner plays a burlesque of himself, a parallel world self who was best known for TJ HOOKER and not STAR TREK.<br /><br />It's interesting to watch how the film comments on the contrasts between the reality of police work and its fictional counterparts in TV and film. Shatner lectures on the proper means of sliding across a car hood; De Niro points out holsters scratch the hood finish. Ironically, as the film progresses, De Niro's character begins to incorporate the illusions of TV-cop reality into the real world case he's working.<br /><br />The film draws its inspiration from a gamut of sources, so one could make the comment it is derivative. Well, so what? Satire needs to derive its humor in order to exist. And besides, the film does have quirky moments of originality. For example, I'm reasonably sure the method of the villain's death has never been done before. <br /><br />One quibble about the reality of the weapons involved-- shouldn't those guns have had some kind of recoil? In order to penetrate steel, those bullets had to have enough inertia to penetrate. And any bullet's highest level of inertia is at the moment of firing. So.... firing a volley of these tank-killer bullets should have driven the shooters back onto their butts. Oh, what the heck... it's a satire. Maybe the guns' lack of recoil is itself a satire on the B-F-Guns used so casually in thrillers. <br /><br />",positive
"Who ever put that review as 'of bad taste' is not all quite there... its so funny, genius and fantastic you could watch it until your eyes are square! not to mention the rest of the work he has done on the rest of the series...all is as good as Morris' standards. if you think that it is 'awful', 'distasteful' or 'sick' then i can only think of one thing to say to you: ""go to hell."" thanks. it had to be said! i think that the way that so many people complaining was a complete joke...i would like to make a shout out to all the people that actually did that: ""haven't you got anything better to do with your time? what are you trying to prove?"" thanks for reading my heart-filled review on the matter...cheers",positive
"Words fail me whenever I want to describe my feelings about this movie (and the sequels)... Does it have flaws? Sure it does... Starting with the ""Subspecies"" themselves,which were not executed well enough for a special effect.So why do I glorify these movies??? For the herd of movie mass-consumers out there,who care more about quantity than quality,about cheap fun more than about depth, crap like ""blade"" (it doesn't even deserve a capital letter),""underworld"",""Dracula 2000"",""dracula 3000"" and so on are good movies to munch popcorn to and drink a couple of cokes... What makes Subspecies a superior effort for anyone claiming to be a Vampire fanatic,on the other hand,is obvious: The Vampire Himself is Romanian,the story is set in Transylvania (the scenes filmed on location are more than convincing),and the atmosphere is not based on any ""action-packed"" chases or expensive orchestral music.Radu Himself is the source of the atmosphere... This is what a Vampire should look like and this is how He should behave! Add a breathtakingly gloomy castle with dark passageways situated in Romania,include some typical Vampiric elements ( such as the movement of the shadows on the walls when the Vampires take to flight) and you have a work of art! In short,if ,like me,you 're fascinated with Vampires and feel that their appearance as well as the setting should be sinister and dark,there's no better place to look in than in a Subspecies movie... Or in Vampire Journals,the brilliant spin off of the former...",positive
"Used to watch this when i was very little, then used to watch my videos. Now i watch the DVDs, i love this. Ray Winston is 'The Dude', the rest of the cast is all good and even with the changing of Robin Hood it all works. Great stories, twists and the way it was shot - to the untrained eye (not that mine is trained) can be miss-interpreted as being ropey but it adds to the films absorption of the audience. With the green hillsides and the contrast of the lush sunny lit forest to the dark corridors and dungeons of the castles - Its great. Personally the definitive interpretation of the Robin Hood legend. I cannot stress how much i think you should watch this, if you get a chance then YOU MUST WATCH IT.",positive
"Mat Spirogolou's (Toby Malone) family know he is a talented footballer, and are pleased when he secures an audition to join a big club. They hope that when he arrives in the city his cousin will look after him.<br /><br />But the cousins are like chalk and cheese: one a naive farm boy, the other a streetwise spendthrift who has managed to get mixed up with drug dealers and gangsters. Mat is unlikely to have a quiet evening in before his big day.<br /><br />Having missed his cousin George (Damien Robertson) on arrival in the city, Mat encounters further trouble when a young biker takes him for a ride in more ways than one.<br /><br />Toby Malone, probably better known for his work in theatre, puts in a commendable performance as the bucolic teenager. There are telltale signs of a low budget, but as with so many other low-budget movies there's more fun, seemingly more spontaneity, and more charm, than there is to be seen in the average Hollywood blockbuster.",positive
"Does anyone know the exact quote about ""time and love"" by George Ede aka, Father Fitzpatrick in the move, It had to be you? He was talking to Charlie and Annna in the church as they were leaving? If not I will have to rent the movie. This was a great movie. I also loved Serendipity! Great love story for the soul! <br /><br />I met my one true love (my Soulmate) and although I had the experience to meet him when I had least expecting it, I wasn't ready for that kind of emotional relationship. <br /><br />Altho, we did marry, I wasn't mature enough to give as much as I thought I would. I got complacent and took his love for granted and he withstood it for 7 years. <br /><br />He finally left with resentment but we are still hurt and angry & in disbelief about the way it turned out. I had some very hard lessons to learn and we have now been apart 3 years.<br /><br />This movie meant a lot because I am still waiting on reconciling with my one and only true love. I can NOW appreciate that distinct feeling inside of me and the quote of Father Fitzpatrick rang true for me.<br /><br />I know when he has healed enough to trust me again, we will remarry.<br /><br />Don't EVER GET COMPLACENT AND TAKE TRUE LOVE FOR GRANTED! IT HAS BEEN THE HARDEST LESSON OF MY LIFE. <br /><br />Also the music in this movie is OUTSTANDING and MEANINGFUL! This movie is DEEP and spiritually uplifting. TRUE LOVE is worth waiting for, if it is meant to be, it will, no matter what, IT WILL HAPPEN! Nothing is impossible, even when it's the second time around! Thanks!",positive
"Nothing short of magnificent photography/cinematography in this film. The fact that you keep seeking and hoping for more flying sequences, tells you that they have just enough. The acting is fantastic, the stories are seamlessly woven together, and the dogs are splendid.............<br /><br />A must rent, view, or see.<br /><br />Don't be afraid of subtitles........<br /><br />its worth a little aversion therapy<br /><br />10/10<br /><br />",positive
"I loved this movie. I'm a Mexican and was in the least offended by it. In fact, I think this movie should be shown at police headquarters all over Mexico. It's a sad truth that our police system is as rotten as a 3 month old corpse. It angers me to read in the news how killers, kidnappers and other slime go free by paying a laughable fine or live like kings inside prison cells. We should have someone like Creasy, Denzel Washington's character. A bodyguard turned vengeful vigilante. Kidnapping is flourishing industry down here (at least in the big cities). I actually wish real life kidnappers could suffer the same fate as the one's Creasy did his fine job upon. That would be so marvelous (Sorry, I am THAT resentful!). MAN ON FIRE is a gripping film that you can't miss. It might be hard on some of you, if you aren't used to reading subtitles (Mexicans do that ALL the time while watching American movies) but the effort will be well worth it. Some of the editing is a bit fuzzy...kind of like TRAFFIC, remember? (another brilliant take on how corrupt Mexico is). The movie starts out a bit slow but the pace picks up frantically by the second half. I swear you'll be cheering as you watch Denzel Washington dispatch the wrong doers. His performance is nothing short of Excellent. The ending (no spoilers, OK!!!) is a bit sad, but I'm sure you'll like it anyway. MAN ON FIRE is one of the year's best movies. A ""must own"" for a DVD collection! 9* out of 10",positive
"Three flash-backs introduce the main characters (Abu, Jaffar, and the Princess) who will interact with Ahmad; three are the songs, each linked to those same characters. Three times does Ahmad pronounce the absolute word 'Time', in his declaration of love to the Princess, answering her three questions at their first of three meetings. So strong is the impression he causes, that the Princess will resist the three attempts by Jaffar to conquer her - by three successive ploys: deceit, hypnosis, and memory erasing. Yet, Jaffar owns what he describes as the three inescapable instruments of domination over a woman: the whip, the power, and the sword. Three is the number of flying entities: the mechanical-horse, the Genie, and the The Genie and the magic carpet. The Genie offers three wishes to Abu at their first of three encounters; three times does the Genie laugh loud in the mountain gorges, and three are his considerations about human frailty, before he departs. Abu overcomes three obstacles in the Temple of Dawn (armed guards, giant-spider, and giant-octopus). Three are the instruments of justice: the magical eye that shows Abu the future, the magical carpet that transports him just in time to save Ahmad and the Princess, and the bow-and-arrow to execute Jaffar. There's magic in the number three, and there is magic in this movie.",positive
"Just re-saw this movie after thirty seven years. I was eleven years old and caught this flick on South Beach at the long gone Cinema Theater on Washington Avenue. In 1969, I thought Where it's At! was a very good movie. Now, however, after almost forty years, it's not as good as it was. Times have changed, and this movie is now a tired old re-hash of the war between the generations. It did however, catch a place in time which is just a memory. It's really interesting to see the mod fashions, the old Vegas, a slim Don Rickles, chain smoking, and a hip opening song. The acting was decent, the script somewhat out-dated, but the memories were still fresh. Where it's At, may not be where it's at for you, but for me, it was still a nice and entertaining trip down memory lane.",positive
"This is a movie that will leave you thinking, is he or isn't he? While many people have complained about the ambiguous ending, it gives room for the audience to think and interpret it from the signs. This is my interpretation and theory, and I believe it is very sound. <br /><br />First, here is the plot. One day, Prot (Kevin Spacey) suddenly appears in the midst of a busy train station. After attempting to help a woman from muggers, he is arrested and sent to Bellevue, and later transferred to Dr. Mark Powell's (Jeff Bridges) hospital. Prot freely talks about how he came from the planet K-Pax and is here to do a report on Earth. Naturally, he is classified as a looney and is locked up in a low security level ward. He befriends the other patients and quickly convinces them of his story. In fact, he tells them he can take one person back with him. Soon Dr. Powell is beginning to question Prot's insanity and as the plot progresses, it is harder and harder to prove Prot wrong. <br /><br />In the end, Dr. Powell learns that Prot is Robert Porter, a smart man who worked in a slaughter house in New Mexico, when his wife and daughter were murdered. Prot claims that he plans to leave for K-Pax at a precise time on the fifth anniversary of the murders. The time comes and goes, and Powell finds Prot or Robert in a catatonic state. One of the patients is missing and is never found again. <br /><br />On to my theory: Prot is not crazy. Prot is from the planet K-Pax. Robert Porter is a friend of Prot's. On one of Prot's previous visits to Earth, Robert was a child, learning about the constellations from his father. Prot and Robert became best friends. After the death of his family, and Robert slaying the murderer, Robert decides to commit suicide. Prot is on K-Pax at the time, but he rushes back (in multiples of light speed) to stop Robert. So Prot takes over the thinking of Robert, taking over his body so to speak. Awhile later, Prot (still inhabiting Robert's body) comes to New York and is locked up. When he leaves for K-Pax on July 27, he takes Bess with him, but he must leave Robert's body behind. Hence, we now have the catatonic Robert.<br /><br />Explanations or clues:<br /><br />PROT'S KNOWLEDGE OF THE PLANETS AROUND LIBRA: As Prot says, any child knows about their own system. Only a few people on Earth had an inkling about the system, and Prot added to their knowledge. Robert Porter, while smart and knows his constellations, was no astro-physicist. <br /><br />DR POWELL FEELS CHOSEN BY PROT: It's true. Prot could've left the institute at any time, but chose not too. Prot's last words to Dr. Powell are, ""Now that you've found Robert. Take care of him."" Prot was probably staying there to ensure a place for Robert when he left. <br /><br />SUPER-HUMAN ABILITIES: It was a proven fact that Prot had a significantly higher sensitivity to sunlight and could even see UV rays. Prot provides his usual K-Pax reason, but there was no Earthly reason given. It was also mentioned that Prot was given extremely high doses of medicine with no effect.<br /><br />HELPING THE PATIENTS: Throughout the movie, you see Prot helping the other patients (or the patients discussing Prot's suggestions) to a better sane world. While the psychologist balk at Prot's help, Dr. Powell talks at the end of the movie about the new lives the patients are leading.<br /><br />THE SPRINKLER SCENE: The sprinkler is associated with Porter's home in New Mexico (which is ironically where Roswell is). Does Porter associate the sprinkler with the death of his family? Is her trying to protect Powell's daughter from that horrible fate? I have a different point of view. It is assumed that Porter had committed suicide in a river. Indeed, Prot (under hypnosis) is greatly concerned about Robert. I believe that Prot associates the danger with the water, not the sprinkler. He is trying to protect the girl from watery death, like he did Robert.<br /><br />HYPNOSIS: Dr. Powell feels that under hypnosis he can uncover Prot's true identity, but while Prot gives plenty of information, he never gives up his Prot persona and claimed homeland of K-Pax.<br /><br />THE SECURITY CAMERA: Why would the camera just give out for no apparent reason? <br /><br />MYSTERIOUS DISAPPEARANCES: First, Prot disappeared for a few days to his trip up north. Funny, the patients are not at all alarmed. Indeed, they try to reassure the doctor. Sometimes I think they understand better than the staff. Naturally, the most telling disappearance is of Bess, the winner of the essay contest. Not only does she disappear at the approximate same time, but the only remaining clue is her winning essay.<br /><br />This is only my humble theory. You can conclude what you want. You can take Dr. Powell's theory, that Prot was merely a persona taken up by Robert Porter to mentally defend himself from reality, but that would be giving up too many plot holes.",positive
"This made for television version of the legendary stand against hopeless odds is more objective, more realistic than earlier filmed versions of the events, though the one movie made after this went perhaps too far in humanizing the figures of Sam Houston, Bowie, Travis and Crockett.<br /><br />The focus here is on Jim Bowie, played with sharp, cynical detachment by James Arness who is apparently still alive at age 85. Then 65, he made a comeback to acting after years away from the screen to do this part.<br /><br />Puerto Rican-born Raul Julia humanizes Gen. Santa Ana as no one since J. Carol Naish back in '54 had done. However, the Mexican dictator is portrayed as a lecherous, vainglorious popinjay--gaudier uniforms have never been seen before or since. He receives excellent advice from the European officers he has hired but, convinced of his own infallibility, he does not heed it.<br /><br />Alec Baldwin is the one actor whose age is appropriate to the character he plays: Col. William Travis. His portrayal is earnest. He is almost in awe of the older men who share command with him.<br /><br />The one jarring note was Brian Keith as Crockett. In a coonskin cap and carrying Ol' Betsy, he stumbles about as if he had wandered in from another movie. With no conviction in the portrayal, the character is reduced to a few stage conventions. <br /><br />The script reveals some historical facts overlooked or suppressed in earlier film versions. We learn that Jim Bowie was, in the person of Santa Ana, fighting his own brother-in-law. The Mexican soldiers performed poorly in part because they were armed with rifles left over from the Napoleonic Wars a generation earlier. ""Santa Ana likes a bargain."" Bowie wryly explains. The whole project of defending the former Spanish mission as a fort was militarily ill- advised--a fact explored in greater depth in the 2004 film ""The Alamo"".",positive
"Tarzan and his mate(1934) was the only Tarzan movie I didn't see when I was a kid. It sounded boring. Now I have seen it. I have seen the ape man(1932) about a hundred times and I keep a copy on my drive. It's a remarkable movie. It's almost flawless. Tarzan and his mate(1934) however, falters. It's not harmonic and it's parts tend to live a life of there own. The parts themselves are often very good and the action sequences are great. Big budget expensive. Tarzan himself is co-starring. Jane dominates. She have developed and have become a jungle girl so sexy I tend to forget about criticism and sing her praise instead. Well. She let her be duped by a crock who steels a kiss from her and later murder an elephant. She insists Tarzan to carry a bracelet who belonged to her father. Forever. The thing would split to pieces the moment he went about his businesses in the jungle. Stupid? Later someone founds it in the river. Well it's supposed to proof Tarzan is dead. Some cheap drama. The crocks who has an obvious interest in a dead Tarzan convince Jane that he is gone. She takes their words for granted and want to be taken away(to England). Stupid Jane seems to have forgot how tough Tarzan is, how hard he is to kill. The caravan is leaving and Jane go along. Again a pothole. She could easily make the caravan rest for a few hours or more, to pick up a few things and say goodbye to the jungle and her dead husband. She could be smart. She could dive where they found the floating bracelet, check the banks for traces. She can make fire in 15 seconds and swing in Liana's. Picking up traces shouldn't be too hard for jungle Jane. She could talk to the apes, and so on. If she get home to England without have done this she would become miserable. Jane is smart but cheap drama brings her down. And why on earth is she letting the kiss rapist get away with ""I blame myself as much as you"". A punishment for being vane perhaps? Nonsense. Struggle, a hard slap and telling Tarzan would be appropriate. Still. This movie is far from bad even if the potholes are many and sometimes deep. Just lean back and enjoy. It's Tarzan and Jane for God sake.",positive
"What can one say about any Wilder film other than they are the most human and real stories about people and what drives them, bugs them,haunts them. Billy created pictures like paintings that stand forever reflecting the human condition. He paints the good and the bad in all of us. He also paints with love. I can't imagine anyone having a list of greatest films without a Wilder film on it. They will last because they are true. I first saw this movie on TV in the 60s when I was a kid and I had to leave the room because I felt tears welling up in me and was embarrassed. Now I'm an old man and I still feel the tears welling but don't leave the room. I knew these people and loved them and grew up around them. Billy preserved them in this film and not in a 'greatest generation' way but in a most realistic way that preserved the power of the human spirit.",positive
"This film is one to spend the short while, entertainment, but who then could be made in nobody country it does not have anything identifies ""the Colombian"". Who looks for the topics of the supposed Colombian or socially and politically correct cinema and what it is denominated ""it jeopardize"",it is better than it is not going to see this film. Some to the drug traffic, or the fight is no reference either farmer and worker, or wing guerrilla and to the kidnapping political. <br /><br />The corrupt police is a personage who it could be Mexican, Russian, Italian or Chinese, and also the personage protagonist, an Argentine photographer, it could be Venezuelan, Peruvian or Philippine and the frequent ""boludo"" in its parliaments it could be replaced by another word of slang of any other country without the personage or history changes. The important thing is that it is a very decently counted history with images and right performances. Its quality almost is of TV movie but of the good ones. That if one film like this if it deserves or does not deserve the support with publics bottoms a little is a classic discussion ""mamerta"".",positive
"Although The Notorious Bettie Page is well acted and shot, is is, at best, a Cliffs Notes version of Bettie's biography. The film mainly centers on her work with Irving and Paula Klaw, the brother and sister team who produced the bulk of her most famous photos. It does not detail her life after posing, aside from her religious rebirth. It cites ""The Real Bettie Page"", by Richard Foster as a source, but it ignores Bettie's later years of mental illness and incarceration in a mental hospital. The narrow focus of the biography can be debated, but the majority of Bettie's fans and the ""civilians"" would probably be more interested in her modeling career, which is what they get.<br /><br />The film is well acted, with Gretchen Mol faithfully reproducing the look of Bettie, as well as conveying the sweetness that her photos exuded. The character is played as rather naive, a probable byproduct of interviews given by Bettie in recent years. It is more likely that Bettie was aware of the nature of her photos but rationalized it as acting and costumes.<br /><br />The supporting cast is also outstanding, with Chris Bauer and Lili Taylor playing Irving and Paula Klaw, and David Strathairn as Estes Kefauver. The film errs with the character of John Willie, played by Jared Harris. John Willie never met Bettie Page and was not involved in photo shoots with the Klaws. Harris plays Willie a bit like Peter O'Toole, in his more debauched state.<br /><br />Despite the quality of acting, the film is a bit of a disappointment in terms of depth. The story is rather cursory and we never feel that we truly get to know Bettie. Much like her photos, it's just an image. It does tend to exaggerate Bettie's notoriety. Her photos were mainly seen in and around New York, in a very narrow market of underground and cultish publications. Her real fame came after her photos were reprinted in the late 70's and 80's, and the Cult of Betty Page (as her name was usually spelled) grew. Bettie's greatest exposure (pardon the pun) was in Playboy, appearing in the January 1955 issue (the Christmas photo, which is staged in reverse in the film).<br /><br />The film is well done, if rather shallow. It is able to sustain interest until the end and showcases many fine performances. It hits the high points of Bettie's life, but ignores many details which would have given it far greater depth. The ending is rather a let down. It feels rather abrupt. Still, the movie is definitely worth viewing by anyone interested in Bettie, or even the time period. The soundtrack is great, really pulling the viewer into the 1950's. If nothing else, the film stands as a showcase for America's burgeoning sexuality and the clash with its Puritan past. It's also a peek at an icon for both men and women.",positive
"This is a pretty obscure, dumb horror movie set in the 1970s Everglades. It is really stupid and lame for the first half, then it actually starts to get good for the last half. There is a scene with the hero running to save his friends interspersed with shots of a church group singing, I don't know. It is mesmerizing. I was impressed with the night time scenes, because it actually looked like night, unlike most low budget horror films where it still looks like daytime. I feel like the director was really talented but was working with a miniscule budget and a tough schedule. There are a few scenes towards the end, the one mentioned above and also the end credits that are extremely cool. This movie could have been a genuine classic if it left its Scooby Doo conventions behind and went straight for the throat. I was surprised at how good this movie turned out to be. I couldn't take my eyes off of it, and I had to ask myself ""why?""",positive
"David Attenborough brings his fascination of wild life, this time the creatures under the sea, in this extraordinary 8-episode trip to all the animals under the sea!<br /><br />The cinematography is astounding, bringing to the screen truly breathtaking footage of those whales! But the best thing about it, as well as seeing each episode, is how they made it! Whether it is making models of creatures, or those impressive shots of the whales, they explain to you in about 10 minutes how they did it!<br /><br />2001 had some great tv shows to our screen. But, in contrast to this documentary gem, they make them pretty lame! But to even boast this documentary series as the best tv series of 2001 just does not sum up the sheer brilliance that this series provides in quality entertainment!<br /><br />Overall, this is the best TV series of 2001, with no competition, and, maybe, the best TV series of 2000s!",positive
"This anime is a must-see for fans of Evangelion. It's an earlier work of Anno Hideaki, but his unrestrained, dramatic style is quite in place. Also, those who didn't like Evangelion might find this release to bit slightly more palatable. Gunbuster is rather unique to sci-fi anime in that it's actually based on real science. In fact, the show has several little ""Science Lesson"" interludes explaining the physics behind some of the events in the movie. One of the big dramatic points in the film is the relative passage of time at speeds near that of light. The series does a wonderful job of dealing with the imaginably traumatic experience of leaving earth on a six month mission traveling near the speed of light and returning to an Earth where ten years have passed. The main character remains age 17 or 18 throughout the entire series while almost all of the other characters age considerably. Be warned, this show is heavy on the sap at times. It also has a couple of the most wholly unmerited breast shots that I have ever seen. I found it fairly easy to ignore the skimpy uniforms and boo-hoo scenes, because the series is otherwise very good, but viewers with a low sap tolerance might want to stay away from this one. On an interesting note, Gainax, as always, managed to run out of money in the last couple of episodes. However, they managed to use black and white film and still action sketches to produce a good resolution anyway. The ending is a bit silly, but it left me with such a good feeling in my gut I couldn't help but love it. Gunbuster is, in my opinion, one of the finest pieces of Anime around.",positive
"A FROLICS OF YOUTH Short Subject.<br /><br />A teenager, embarrassed by his fear of dogs, runs away from home. The abandoned spaniel he finds helps to change his mind.<br /><br />PARDON MY PUPS is an enjoyable little film, with Shirley Temple stealing all her scenes as the hero's lively kid sister. The opening gag - dealing with bedwetting - is in poor taste, but is quickly forgotten. Highlight: the climactic fisticuffs, which look impressively realistic.<br /><br />Often overlooked or neglected today, the one and two-reel short subjects were useful to the Studios as important training grounds for new or burgeoning talents, both in front & behind the camera. The dynamics for creating a successful short subject was completely different from that of a feature length film, something akin to writing a topnotch short story rather than a novel. Economical to produce in terms of both budget & schedule and capable of portraying a wide range of material, short subjects were the perfect complement to the Studios' feature films.",positive
"A sweet little movie which would not even offend your Grandmother, ""Saving Grace"" seems cut from the same cloth as a half-dozen other British comedies over the past two years...underdog is faced with adversity, finds the strength to challenge and learns something about him/herself in the process.<br /><br />Widowed and thus broke, Grace is a master gardener, and is enlisted to help her friend/employee Matthew grow his pot plant. He's been doing it all wrong, so Grace helps him out. They realize that she is the perfect person to harvest pot, which they can both benefit from. He enjoys smoking, she needs to raise funds to pay her mortgage. <br /><br />Highlight is Grace travelling to London to deal some of her merchandise, dressed in what looks like the white suit John Travolta wore in ""Saturday Night Fever"" and therefore sticking out like a sore thumb. <br /><br />Blethyn is always watchable, and you can't say that about a lot of people..well, I can't, anyway. Ferguson is very good, and Tcheky Karyo, who I liked in ""La Femme Nikita"", is memorable. <br /><br />Not profoundly moving or insightful, but immensely entertaining, and at a brisk 90 minutes, feels like a walk with friends. 8/10.",positive
"Astaire and Rogers at the height of their popularity. In 1936 Americans thought of the Navy as a place for song and dance. WWII was still a few years away. Fred and Ginger dance up the town.<br /><br />The plot is decent, but who cares... By the way, notice the cameo roles for Betty Grable and a glamorous Lucile Ball.<br /><br />A load of Irving Berlin songs, including the famous ""Let's Face the Music and Dance"". In that scene, Ginger's heavy swooping dress smacks Fred in the face during one of her spins and almost knocks him unconscious. Fred insisted on keeping the take as the dancing was superb nonetheless.<br /><br />Ginger once commented that she was a better dancer than Fred, since she had to do all the same moves, in step, and backwards...<br /><br />Come to think of it, Fred's voice was nice too. The man was effortless in motion.<br /><br />Here's a movie to cozy up on the couch with a loved-one, kick off the shoes, and enjoy the entertainment.",positive
"Many Americans are lazy, and this has manifested itself even in our DVD-watching. Many of us don't like to take the time to read an hour-and-a-half (or more) of subtitles, so we choose not to see many foreign films. One film that is TOTALLY worth your time, no matter how mundane a task you might think the subtitle-reading is, however, is ""The Green Butchers."" It's by far the best foreign film I've ever seen, and tops many American films I've seen lately as well. It's a complex situation told in a remarkably simple and funny dialogue. The character depth derived in this film is AMAZING. The way Svend and Eigel (sorry if those are spelled wrong) feed off each other's contrasting personas is downright spectacular! The actors were well-cast, and I'm very much hoping that a sequel is in consideration...it needs very little of Bjorne and what's-her-face...just give me Svend and Eigel on some sort of journey with supporting characters and more amazing dialogue! To the author of this fine screenplay, I say: Write more! The story itself is rather twisted, but you'll find yourself rooting for the bad guy anyhow...with no remorse. PLEASE check this movie out!",positive
"Another ""must have"" film. Henry Brandon is a favorite! I was so surprised when I learned years ago that he was from Germany because he sounds & looks so typically American! And wasn't he great in ""The Searchers"" as Chief Scar??!! Another of my favorites, I have it & watch it over & again. Now if I could add this one to my collection, it would make my day! This is a great wildlife story & film for all ages. The scenery is so absolutely beautiful & the plight of the endangered snow leopards is told with such great emotion it will spark the interest in endangered species in anyone, especially children. If I could I would give a copy to all of my grands & great grands!",positive
"The Academy Award winning 'Kramer vs. Kramer' follows a snazzy businessman Ted Kramer (Dustin Hoffman) and his divorce with his bored wife (Meryl Streep). One day Ted's wife leaves him and their child in search for a better life, forcing Ted to become closer to his son (Justin Henry). The two bond and become very close (but only after some friction), and just as everything is going perfect Ted's wife comes back to town and wants sole custody of their son. Ted then goes on a mission not to let his son get taken away from him, and fights his wife in court. Dustin Hoffman gives a tremendous performance along with Meryl Streep, and young Justin Henry is impressive. It's a sad emotional roller-coaster of a movie, but it's a very well-made and inspiring film. The film took the Oscar for Best Picture at the 1979 Academy Awards, along with Best Actor for Hoffman and Best Supporting Actress for Streep. If you don't mind a tearjerker, 'Kramer vs. Kramer' is a great film to watch. Grade: B+",positive
"Beyond The Clouds is a hauntingly beautiful, elegiac work of art. The overall softness of the light that this movie is bathed in, makes you want to touch the screen. The autumnal mood conjured up could only been achieved by a director who has seen many summers of experience. Or, to put it another way, an old man. I know of no other movie that captures and uses the softness of light and seasonal mood with such ravishing quality as Beyond The Clouds. Nearly all the people in this film are beautiful, unless your idea of a beautiful woman is a pneumatic blond bimbo, that is. The dialogue doesn't really matter too much, not that there is much of it anyway, and as for storylines, forget it. Some films exist just as visual experiences, this is one of them. Don't bother if you want ""simple entertainment"",this not for you.<br /><br /> I could enthuse about the visual perfection of this movie for days, but I won't. If you are at all interested in cinematography, photography, film direction etc., watch this film.",positive
"I am probably a little too old for this movie, 16, and being a guy, the story is a little too girlie, but I really thought it was a cool movie overall. All the girls in this movie are so hot and really great actresses, from Alana, to Adrianne, to Deena, to Kimberly, all the way down to the cute girl that plays Alana's little sister, Rachel. I am not a huge pop-star fan with the lovesick songs, but I thought that Aaron Carter did a really great job in this, and seems like he was really into this movie, and made it seem real. My mom liked all the older farts that she grew up with, so that's cool too. I kept thinking that I liked a lot of the people, and wonder if I will see them again? A sequel would be cool. I rented this, but I might buy it too, since I have a ton of DVD's, and like to go back to see something that I missed. I couldn't buy it at Blockbuster though, so I don't know where I could buy it right now, but I'll look into that. Anyway, I am a 16 year old guy, I already said that, I know, but I would totally take a date to see this. It's really good for all ages, really. I think even my little half sister who is 6 could see this. That's what is so cool about it, that it is something that all ages can see. I'm sure that was done on purpose, but it really works. Girls can dream about being with Aaron Carter, and guys like me can dream about all the hot chicks in this movie. There is something for everyone.",positive
"Oh so beautiful, oh so tearful and so gut-wrenching. <br /><br />Makes everything seem so superficial, so pale, so meaningless in comparison. <br /><br />Sister Helen is not a real saint. <br /><br />She is a real human - flawed, raw and blunt, but passionate and with a heart of gold.<br /><br />What I found most interesting is that this handful of wretched, miserable people found meaning and laughter.<br /><br />What I loved most is how the documentary portrayed the polarity of human nature.",positive
"Loved today's show!!! It was a variety and not solely cooking (which would have been great too). Very stimulating and captivating, always keeping the viewer peeking around the corner to see what was coming up next. She is as down to earth and as personable as you get, like one of us which made the show all the more enjoyable. Special guests, who are friends as well made for a nice surprise too. Loved the 'first' theme and that the audience was invited to play along too. I must admit I was shocked to see her come in under her time limits on a few things, but she did it and by golly I'll be writing those recipes down. Saving time in the kitchen means more time with family. Those who haven't tuned in yet, find out what channel and the time, I assure you that you won't be disappointed.",positive
"I was wandering through my local library, browsing VHS tapes, when I saw a movie that made my mouth drop--Waterbabies. I have been hoping to see this movie again--it's been over 22 years since I saw it (cable-movie channel around 78-79). I had recalled a good many of the details--Grimes in particular. My son, who is 4, and I watched it.<br /><br />He agreed with me that Grimes was ""Not nice"", and the best way for me to describe it was that he didn't love Tom. He accepted that. It was amazing that I still recalled some of the songs, too! They had stuck in my head for 22 years--which means they had to have some memorable-ness, eh?<br /><br />It's a good child's movie, with parental guidance in case of questions about what children had to go through that were not nobility/society in the time-frame. This is what all the children faced daily (except for a few lucky ones), and while we try to Disney-coat movies, making them more pc for children these days, it doesn't mean that cruelty didn't exist--or even still doesn't. I enjoyed the animation. It wasn't Disney, no. I don't think Don Bluth touched a paintbrush on this movie.<br /><br />There's a lot going for it, though. David T plays two roles! (I really like him!) James M does too. The waterbabies themselves are cute. You feel sorry for Tom, and root for him. Then Billie herself is extraordinary in the multi-role part she's playing--it's as if her eyes ARE magickal! I'm a huge fan of WoO, TLW&TW, and company (AND LOOKING FORWARD TO HP!), and I filed this along with those kind of movies. Yes, he jumps in the water, but not because of suicide. He jumped because he trusted the lady in black--she'd been appearing to him all along.<br /><br />I think it's a good movie! If you have kids, pick up a rental copy. If you happen to locate a buy-able copy, let me know where! Ian liked it! :)<br /><br />Dee",positive
"What more could I say? The Americans totally hated it because the U.S. cut was so bad, although you could detect the underlying goodwill in it.<br /><br />Talking about the U.S. theatrical release(along with the newly released Blu-ray Disc version), it's faster and tighter than HK cut, the background musics were all changed from the dark, grim HK musics to Hip-hop musics; and there were a lot of gruesome scenes cut out. Though, the dubbing was a notable job given that they tried to capture the original actor's voice and tone. But, the problem is Hak Hap(Black Mask) the movie was designed and meant to be dark, grim, super-disturbing and totally gruesome. Very unfortunately the U.S. release just skimmed the cream they wanted, which in return completely changed the movie's undertone(HK release was rated 18+) to be even more comical and amateurish.<br /><br />Now let's talk about the original HK release. This movie is like a hidden gem, a prototype for the whole ""matrix"" tide and era. The fighting scenes are totally awesome even the camera works were a bit ""old-school"" among HK movies. However the style the movie created was a unique blend of Kungfu and pop culture. With all the leather, black costumes and decorations, this movie features a batman-like superhero in a black mask against a run-of-the-mill gang of multinational super-soldiers lead by a punk heavy metal rock star boss. Yes it sounds like imaginations of a retarded child, but it works. It's so impressive that the whole movie's gonna give you nightmares featuring foreigners fighting a bloodbath battle in leather coats. In year 2002 they made a sequel which had a PG-13 rating, but without Jet Li and Liu Qing Yun. And you know how bad that was because Li and Liu were the core characters in the movie and had strong personalities and an interesting friendship. And, did I happen to mention Francois Yip? Her roundhouse kick was totally cool, even cooler than the villain boss because she didn't use a stuntman for all the fighting. Did I mention she was also smoking hot? Anyway, there are a lot of things to like about the movie.<br /><br />However, the movie also suffered from a lot of problems. First off, it's a mediocre script made at its best potential, which means this production team deserved a better screen-writer. There are a lot climaxes in the entire 100 minutes but they often felt like far-fetched and don't totally make senses to the audiences(US version was even worse because all the character developments were cut). Anyway, you can't ask too much out of a comic-inspired action movie. Also, this movie is entirely improper for children. I won't recommend it to you if you are less than 20 years old. It's saturated with disturbing contents including blood, gore, sado-maso costumes, extreme brutal violence and so on. Along with the style of the movie, it can be called a wet dream for heavy-metal rock music fans and action fans. (the U.S. cut was milder, but if you want to see it, see the HK release for what it is.) 7/10. Status: inspiring, hidden, undervalued, adult.",positive
"While not quite as good as A Murder is Announced, which was not only delightful but almost surpassed the book, this is an excellent adaptation. And you know what, it is a huge improvement on the Geraldine McEwan version. Now I don't take pride in bad mouthing the Geraldine McEwan adaptations, two or three of them were surprisingly good, but others started off well but ruined by either a poor script, a confusing final solution or both. The Geraldine McEwan version suffered from a plodding pace, and both of the above problems, and I would consider second worst of the ITV adaptations, worst being Sittaford Mystery, which even on its own merits turned out dull and confusing. This adaptation of the book Nemesis is a huge improvement, it not only respects the book, despite a few liberties, but it pretty much rectifies the problems the ITV version had. Despite the added character of Lionel coming across as rather irritating, more to do with how he was written than how he was acted, and one or two moments of sluggish pacing, this is solid as an adaptation of a decent book. It is beautifully filmed, with nice photography and period detail, and the music as always is excellent. The performances are wonderful this time around, and make the most of an in general well-done script, with Joan Hickson brilliant as always as Miss Marple, and solid turns from Liz Fraser, Helen Cherry, Joanna Hole and Anna Cropper. Margaret Tyzack is outstanding though in a chilling and moving performance as Clothilde. Overall, well worth watching, better than the recent version in pretty much all departments. 9/10 Bethany Cox",positive
"A town in Japan is being taken over by a horribly brutal abstract shape: the spiral. It's becoming a theme in everything from animals to clouds to people and twisting them, mentally and literally. This film shows it happening to several groups of people. Some demonic possession is implied, but nothing is entirely sure except that the best bet is to get the heck out of dodge. The film progresses really well from normal life to abnormal phenomena (giant snails and crazy people) to the truly supernatural (walking dead).<br /><br />As a jaded American horror movie fan, this was just what I needed. Maybe it was just the novelty of a different culture's film, but it seemed to have a very original progression, set of characters, and the premise was definitely new. The Japanese may think ""horror shapes"" (uzumaki means ""spiral,"" I'm told) are old by now, but it was nice for me because I'm used to monster/alien/virus/disaster/undead films. In an American movie, you know who's going to die (the annoying/nasty/lascivious/racist characters) and who will live (the children/heroine/dogs/cats/nice guy). That's not true in Japanese horror. It was not predictable how they would fight the evil or how it would end up. Also, it had this really new (but probably typically Japanese) color leached Pacific Northwest style cloudy day thing going, which was a fresh visual effect for me. The horrific moments were seriously creepy, relying on a little gore but mainly just impossibly overdone facial expressions (think The Ring) and body manipulations. This should be one of the greats, up there with once-original ideas like the first Nightmare on Elm Street or Night of the Living Dead.",positive
"I will admit I possibly missed tiny moments when I wasn't paying proper attention, but I got enough of the story to agree that it is a great family film, from director Lionel Jefferies, who played Grandpa Potts in Chitty Chitty Bang Bang. Basically it starts with a happy upper-middle class family living in Victorian London. One night the Father (Iain Cuthbertson) is visited by two strangers, and he leaves with them, and does not return. They move to a cottage in the country, and here the children; Bobbie (Jenny Agutter, who I first saw in Child's Play 2), Phyllis (Sally Thomsett) and Peter (Gary Warren) keep their spirits up, with their fascination for the nearby railroad. Everyday they wave faithfully to the passengers in the passing trains, and with courage and vigilance they also avoid an accident and are made heroes. Their kindness makes them friends, including important people who can help find the mystery of their missing father. Also starring Dinah Sheridan as Mother/Mrs. Waterbury, Bernard Cribbins as Albert Perks, William Mervyn as Old Gentleman, Peter Bromilow as Doctor Forrest, Ann Lancaster as Ruth and Gordon Whiting as Russian. It was number 29 on The 100 Greatest Family Films, and it was number 24 on The 50 Greatest British Films. Very good!",positive
"Silly movie is really, really funny. Yes, it's got its dead moments, it can be a bit too obvious, it declines a bit in the second half and the story is an incoherent mess, but it's laugh out loud funny all the way. And it's worth seeing just for Ed McMahon as a right wing kook. This movie is in the same class as Elvira, Mistress of the Dark, another incredibly funny, underappreciated film.",positive
"I have to say that this was not very exciting but talk about fashion and weird ways to solve a mystery. A little too simple, Nancy Drew (Emma Roberts) uses IMDb... that's fantastic! I really liked about that part of the movie...<br /><br />Corky (Josh Flitter) is however extremely hilarious... and Ned Nickerson (Max Thieriot) seemed really hopeless... he should have been more angry with her for how she has treated him...<br /><br />Alright, this movie is tour and fashion in disguise. Anyhow, I recommend this movie, just for summer fun. Encore Nancy, just for fun. More teen spy movies by Emma Roberts.. Spymate... remember? She's becoming good at this tricky detective work.",positive
"With all of the ""R"" movies out today, it's hard to find something you can take the whole family to see. My kids loved it. It was good clean fun. I would highly recommend it to anyone who wants to take the whole family out for a nice evening at the movies.",positive
"L'Auberge Espagnole is full of energy, and it's honest, realistic, and refreshing. Not a comedy or drama but more a slice of life movie about this particular group of very interesting but still normal young people who share an apartment in Barcelona for one year. Beautifully photographed with a nice soundtrack. If you're older, this movie should bring back a flood of good memories. If you're young, learn by this example.",positive
"I like it because of my recent personal experience. Especially the ideas that everyone is free and that everything is finite. The characters in the firm did not really enjoy their ""real"" lives, but they did enjoy themselves, i.e. what they were. The movie did a good job making this simple day a good memory. A good memory includes not only romantic feelings about a beautiful stranger and a beautiful European city, but definitely about the deeper discussion about their values of life. Many movies are like this in terms of discussion of the definitions of life or love or relationships or current problems in life or some sort of those. Before Sunrise dealt with it in a nice way, which makes the viewer pause and think and adjust her breath and go on watching the film. Before Sunrise did not try to instill a specific thought into your head. It just encouraged you to think about some issues in daily life and gave you some alternative possibilities. This made the conversations between the characters interesting, not just typical whining complaints or flowing dumb ideas. You would be still thinking about those issues for yourself and curious about the next line of the story. The end was not quite important after all. You could got something out of it and feel something good or positive about yourself after the movie. Movies are supposed to be enjoyable. This is an enjoyable movie and worth of your time to watch it. I am on a journey too. The movie somehow represented some part of me and answered some of my questions.",positive
"""Xizao"", is the tale about the clash of modern life and ancient traditions, and its effects on a family in China. Da Ming (Quanxiu Pu), is a businessman who returns home when a letter sent by his brother Er Ming (Wu Jiang) makes him believe that his father Liu (Xu Zhu), has died. He founds that his father is still alive, as well as his old neighborhood and his father old business, the public bathroom.<br /><br />The movie centers around Da Ming's family, and how he has to learn the importance of his father's job, something he always had considered an old tradition that had to die soon. Also, the movie explores his relationship with Er Ming, who is mentally challenged, and the problems of the small community and how the bathroom is a place that purifies not only their bodies, but also their souls.<br /><br />The two main themes of the movie, the family and the problems of progress, are incredibly well handled, and the movie never loses the point it is trying to make, both themes are very good developed and we get a glimpse of Chinese society and customs.<br /><br />The director, Yang Zhang, tells his tale in a simple way, letting the characters characters do the job. It is a very simple approach, but it fits the movie perfectly, and I highly doubt that another style would fit the movie this good. Zhang has enormous potential, as he can tell a story without the aid of visual flare or camera tricks.<br /><br />The acting is outstanding in its naturalistic approach, everyone acts in a very natural way and it almost looks as if they were real persons being filmed. The three lead characters give remarkable performances, and Wu Jiang as Er Ming surely steals the show.<br /><br />Even when the movie could had sticked to a patronizing ""old days were much better"" message, instead it takes an attitude of equilibrium, like saying that progress is good, and we must move on, but we must not forget where we came from, and keep an equilibrium between modern life and the traditions of old.<br /><br />An awesome, and touching film. 8/10",positive
"This is one of my favorite movies of all time. I loved Rain Man with Dustin Hoffman and Tom Cruise. This movie is in some ways similar, but makes Rain Man seem artificial, shallow, unemotional, and trivial by comparison.",positive
"Before there was Crash, there was this interesting film called Grand Canyon. Released about 14 years sooner than the former film, Grand Canyon was a movie about two people from different backgrounds who come together as friends over a lifetime. To me Crash was still a slightly better film, but Grand Canyon was no slouch either.<br /><br />Taking place in Los Angeles, an upper-class lawyer named Mack (Kevin Kline) takes a shortcut through the seedier side of town only to have his car break down at the worst time. He calls for a tow truck, and has to wait for awhile, only to soon be threatened by a group of dangerous people who want his car. Soon the tow truck driver arrives at the perfect moment, and out steps Simon (Danny Glover) to take the truck away. Both men are threatened, but Simon manages to get himself, Mack, and the car out of dire straits. It is from here on out that a friendship develops between the two men over a lifetime with Mack helping out Simon just as Simon had helped him out of a dangerous situation earlier. You see Simon's sister Deborah (Tina Lifford) is living in a dangerous neighborhood with her two children, and fears for her oldest son who seems to be roaming the streets at night with some bad people. Mack offers them a better place to live as well as hooking Simon up with his secretary's friend Jane (Alfre Woodard).<br /><br />This is the main plot of the film, but there are other smaller plots involving the same secretary mentioned above (Mary Louise Parker) as well as Mack's wife, (Mary McDonnel) who discovers an abandoned baby not long after their son Roberto (Jeremy Sisto in his first movie role) has gone to camp for the summer, and will likely be moving on with his own life soon. The details of all these plots are brought together into one complex movie which uses a police helicopter as a metaphor for life and as a bridge to entwine all the different scenes. This simple plot device works very well and helps greatly with the flow of the story.<br /><br />The director Lawrence Kasdan, whose biggest movie to this date was The Big Chill, has created a splendid movie here. The cast is excellent, and most of the ideas are well thought out, but alas it falls short of greatness because some points, that would've made the film even stronger, are glossed over. The story involving the secretary is one, and the second involving Simon's nephew is the other. These scenes should've been more apart of the entire story, and then maybe Lawrence Kasdan's views of life between the upper and lower classes would've been more on a superior level instead of just very good. Still Grand Canyon exceeded expectations, and yes you will get to see a view of the canyon that this movie was named after. There is also a small role for Steve Martin as Davis, a producer of violent films, who offers his own views on life, and has a small part to play in this movie's ideas.",positive
"Freddy's Dead: The Final Nightmare (1991) was the last film to feature Freddy Krueger as a solo act (not as an entity or a co-star). The years of killing have taken a toll upon the town of Springwood. It has gotten to the point that the little city has become a virtual ghost town. The parents who killed Freddy Krueger so many years ago have all paid the ultimate price. Only the mad inhabit the town and the survivors are scattered everywhere. But that doesn't stop Freddy from seeking out his final revenge. No matter how they try to stop him, he always comes back for more. But this time he finds out a little more about his old life. Can the kids finally stop Freddy for good? What is this secret that is buried in Freddy's twisted mind? to find out you'll have to watch Freddy's Dead. the end was originally filmed in 3-D.<br /><br />A fitting way to end the franchise. Freddy learns something about himself and his perverted life and he gets to go out in a bang! Lisa Zane, Yaphet Kotto and Freddy Krueger star in this final installment. Rosanne, Tom Arnold and Johnny Depp make special appearances. A whole lot better than the last one but it's filled with a few dated jokes. If you enjoy the series then you don't want to miss out on this one.<br /><br />I have to recommend this movie for Freddy fans.",positive
"""Saving Grace"" is never riotously funny, but it delivers quite a few good laughs and I enjoyed it to a significant degree. Brenda Blethyn is a fine actress, and does a good job at portraying widower Grace, who resorts to growing marijuana to pay off her massive debts. The supporting cast also does a fine job. French actor Tchecky Karyo has a funny little role. The premise alone is appealing. The idea of an over-the-hill woman growing and smoking pot sounds funny enough. And the film plays around with the premise wisely every now and then. Of course, there are flat moments, like one where two elderly women mistaken Grace's marijuana leaves for tea leaves and they start pulling childish antics at the store where they work. That was a mindless gag that didn't quite take off. The film's tone is downbeat and occasionally dull, but I got enough laughs to give this English import a recommendation. <br /><br />My score: 7 (out of 10)",positive
"Chop Shop is a hidden treasure out in theaters! I cannot begin to describe how wonderful the performances are in this movie. This film is for anyone who wants to watch a powerful story and see an example of what contemporary movies should look and be like.<br /><br />This film is about a young boy, Alejandro ""Ale"" who works and lives with his teenage sister, Isamar ""Izzie"" in a one-room tiny loft in an auto shop. The story takes place in a part of New York City (that I did not even know existed--Willits Points) where there are endless junkyards and body shops. Here, Bahrani tells the story of two forgotten children hoping to support themselves by buying and fixing up a food van.<br /><br />Ale makes money helping at the auto shop, and Izzie helps at a food van; both, however, earn extra money on the side. Ale sells bootleg movies and stolen car parts; Izzie results to selling herself. Their lives are surrounded by grit and grim, but even though both witness, live and barely survive within their harsh world, their love for each other is never tainted by the filth that surround them. And occasionally they are able to laugh and enjoy moments of their childhood that is being stolen by the reality of struggling to survive and stay together.<br /><br />The best comparison I have for Chop Shop is that Bahrani's juxtaposition of an innocent love between family members against such a bleak atmosphere is as powerful as Pasolini's Mama Roma combined with the struggles of growing up too fast in an adverse environment just as in Bresson's Mouchette.<br /><br />Having co-written, directed and edited both this film and his first, Man Push Cart (which won awards all over the world), Bahrani is a total package filmmaker.<br /><br />I can only hope that his films will not be hidden treasures for long!",positive
